#id	fold	refl	greek	wheels	rings	pos	plugs	crib	loops	plaintext	ciphertext
P1030660#c0	A	B	g	763	PGAZ	PZQF	FB JI TY RM PK GV UD OX EC NS	FXDXUUUOSTYFUNCQ	(1, 4, 4)	FXDXUUUOSTYFUNCQUUUFXWTTXVVVUUUEINSEINSNULDREIKKEISELEKKXXISTSECHSSTUEND	IOGCGZMEPPLIJDEDSYKPSDAPTMLUJYKQMCMLEVJUKDEIWXMRRGJGHLQAFUPCFMIGUORQGKDU
P1030661#c1	A	C	b	785	FWAH	IWTK	GS WY ZK CV LF NO AT ID PR QU	UMSUEDDREIYYVIEG	(1, 3, 3)	UMSUEDDREIYYVIEGINSCHAUERNBISFUENFWOLKIGVEREINZELTSCHAUERKKBEREICHDORABI	ALDGBHTMWZXFOKBONTGBJCKYWMDQOZQSJMBDQNJLMXJNQJKWUQFATFKLOFNNDUNZLUODBMRH
P1030667#c2	A	C	b	753	DGAG	BLZU	GJ NK YU VF PD ET ZI XH RO MB	STUEKOWARNEMVEND	(1, 3, 3)	STUEKOWARNEMVENDEYZWOSECHVXUUUFLOTTXHACHRXFXDXUUUAUSBILDUNGVVVHEVTHAXXEI	RLRBQTKDYZJZGYZUJNTXALGHDHFXPYKOGJNNSZZJFUXLBUOGCQYGYCBVZUNMOGWNPNXHWAFX
P1030671#c3	A	B	g	712	LBAG	EXFE	YH XC KA LJ NV SG PR MB EF WI	VONVONUUUEINSNUL	(1, 8, 8)	VONVONUUUEINSNULNULACHTKKGESSNERKRTXNULNEUNDREINULUHRVONLUEBECKTRAVEMUEN	BGMJGTMFDIOKVRFCVCKCQFXOHMFKVPJPXMCKTOXFMPDBOTKMPMLUSSQJFVFXROIMQQZDGCTQ
P1030689#c4	A	B	g	427	EEAJ	LZXF	GJ EL YV WK IT ZU XF BO CN HD	LEITUNGVONVONEIN	(1, 4, 4)	LEITUNGVONVONEINSNEUNXUUUFLOTTFFFTTTEINSZWOZWOVIERYYSEZHSZWOHIERGELOESTX	JZSXGMHCUVDUQBYJFLVBWPVPHCEWKMKNKNRARGGEDQEXDPBQSXWLJWVLOJTUYKIIHIJUYAXY
P1030693#c5	A	C	g	785	NFAO	BZDI	EU WN TG XI ZP YR SO AF BV DK	KOMXADMXUUUBOOTE	(2, 6, 5)	KOMXADMXUUUBOOTEYFXDXUUUAUSBXVONVONJOTTOWUENSCHEXXUEBERWEGZWOYWEGDREIUND	BWWNRFOSIEREWGWIXJNMHOPTVROERMTLBYFZJCHCSXIPJQPWAJMUHMPPTPQFHXFIJNPTZNLK
P1030684#c6	A	C	b	274	QGAQ	IHYQ	OR AZ WK US IY PB TV XH EN MJ	VVVUUUVIRSOBENNULE	(1, 6, 6)	VVVUUUVIRSOBENNULEINSXXMITUUUVIRSIBENNULZWOYVIRSIBENNULDREIYZWODREISECHS	WBCQHRKXLVJYNOIAZXWDKSJZHQTZIFAQCYRPKZQIDYIBWLMKOUZGKGFVKOAFMADZWYHWFUMI
P1030696#c7	A	B	b	175	UBAR	TTHH	DC RA LU SZ YN TV QF OW EH KP	TONIANANCHEFZWOS	(1, 6, 6)	TONIANANCHEFZWOSECHSUUUFLOTTXXUMUZWVDREISECHSZWOBEIPOSITIONEINSZWODORAGE	UISQLBCXHKOQQCEBAPPZXINOXRPYEIQTFNBIVZCCKXNVMARHVVKMBAPBZETJHDOXADQUPUXO
P1030702#c8	B	C	g	867	ERAI	XOPH	QB SU MN FK PH DC LR IZ WJ TG	UUUFUNFDREIVIERK	(1, 5, 5)	UUUFUNFDREIVIERKKNOLLAUKKANANFUNFUUUFLOTTXNULEINSZWONULBEIROTNULSIBENGEA	NNTBLMPXQCQRKQBZBXVWVBYXCIDMRNTZYPSFWAGJRLAJEBVTMJMHBQBXWMPXMCGEOUOXANHB
P1030695#c9	B	C	b	432	DOAK	JHVG	ZH BJ IG DE AQ TO PC KR FN MW	LEITUNGVVVUUUIFU	(1, 7, 7)	LEITUNGVVVUUUIFUEXZPKTXWWWHAVENXXFFFTTTZWONULEINSDREIERLEDIGTXINHAATXXFF	SKZPEGVXNYPAHWXPNZXCXGRATQBSFQUURZTQIFKSHRWIXJVCKVYQXXXBMIEPOWSXPRZKMADV
P1030663#c10	B	B	b	634	MKAQ	XJPK	JF AW ZR SC NO QL EV IH PX BK	UUUZWODREIDREIAC	(1, 8, 8)	UUUZWODREIDREIACHTVVVCHEFVIERXUUUFLOTTXXMITUUUZWODREISECHSEINSZUMDOCKBET	SKGKGJALDEBZMEYDBCYTSMYBATJHNNREKLOIBLNYUFMGZYBYNAOBQMGXRCIKCGNLQMJTZWRS
P1030676#c11	B	C	g	153	KCAO	JGZJ	PV UQ TN KB DA XH YM ZR JG FE	UUUJAGDKEINEVERA	(2, 9, 8)	UUUJAGDKEINEVERAENDERUNGENGEGWNLEITNRXEINSVIERSIEBENXXADMXWWWESTLXOSTSEE	QQPXVLHXIFUIHUEBPBQFEAOUXXFFYQPPRDYOELMOUVSVNZURWMSGYZREZGDLXBEFOAYJUYFJ
P1030701#c12	B	B	g	264	NFAM	SQVG	NG WC SD ME RT OL BV YF XK JH	ZWODREONULNULUHR	(1, 6, 6)	ZWODREONULNULUHRTRAVEMUENDEREEDEAUSOHNEGELEITNACHJKIELJAUFWEGDREIYSECHSY	EYKPBCZAFEFGOIWQLNBXWHVPQWMBDXJQVNGBIAKLTKRYMLPUUBHXOIINBSNNQZQCMLPXZIML
P1030708#c13	B	B	g	487	NXAE	XBKT	YP ET OV SU KW AG RB LC QF HN	FXDXUUUOSTVONVON	(2, 8, 7)	FXDXUUUOSTVONVONTTTFFFEINSSIBENXXDURCHKERZTEGERUNGINDERSCHLEUSEERSTNULZW	ELPYACKVPGBUMKALUCVCQMTSAHITCRXYFEBCVEMMHLRFWONVJSXHAOGNSBRGLYWGYGCWBFVM
P1030673#c14	B	B	b	681	RHAN	NQFA	BK GJ ZV FD HC MY SW XQ TI UP	FUENFTEUUUFLOTTX	(2, 8, 7)	FUENFTEUUUFLOTTXANANUUUZWOFUEDFEINSSIEBENXXSPEZIAHISTFUERTELEKINANLAGEWA	ZGRHZBDZYHZJRCIOWYEKJCXQIEVEDTEPPHRWXXIKTQKGETAYUMJQXQMDUNCGJBSZWLIJKFRY
P1030686#c15	B	B	g	231	BDAN	SXVV	ET NC XD WZ HF VL GM JP QA YO	SPRUCHSCHLIESSEL	(1, 6, 6)	SPRUCHSCHLIESSELVONFFFTTTMILUHRZEITGRUPSEEINSZWOZHOVIERSOFORTWERGEBENYDA	OVFQMUOIWYJKXYKZZDBBZQONCSLKIYCAPPNISWNEQYRVTVDZITQQWLWZRBPOZEQGNWJCHHHJ
P1030660#c16	A	B	b	536	CDAW	RFFR	BJ QG MC FU PR EO VX TA LW YK	FXDXUUUOSTYFUNCQ	(2, 9, 8)	FXDXUUUOSTYFUNCQUUUFXWTTXVVVUUUEINSEINSNULDREIKKEISELEKKXXISTSECHSSTUEND	DWFQACEMMEZELSAOIYWOLUNIYMHZXYFQQJVUKGHRRDZGYQZIXNRRPMDLWPKCXFYFNOIIHJUU
P1030661#c17	A	B	b	468	CSAV	LVPN	DT PW SU AJ GH OB EY QL VZ RN	UMSUEDDREIYYVIEG	(1, 8, 8)	UMSUEDDREIYYVIEGINSCHAUERNBISFUENFWOLKIGVEREINZELTSCHAUERKKBEREICHDORABI	LDDYCCSKTJHIOYQTVGATDUSJEONVQGFUUGTCTUMISMASRSEZNHOIEUNWZAMXAUAJTGGHEMZP
P1030667#c18	A	C	b	612	PIAJ	ZYOH	MC ZB YE GH OT PX JD LS VU KA	STUEKOWARNEMVEND	(1, 2, 2)	STUEKOWARNEMVENDEYZWOSECHVXUUUFLOTTXHACHRXFXDXUUUAUSBILDUNGVVVHEVTHAXXEI	PRIQZWRFFXZHQIXTFPOISBYERIBZZKXYPOCKVFEPDRBGJVTKGFLFNVEPDPTJGGESXHPKVZCD
P1030671#c19	A	C	g	467	EHAC	XWWM	KM OD WH EI LQ UF CA ZP GN VY	VONVONUUUEINSNUL	(2, 6, 5)	VONVONUUUEINSNULNULACHTKKGESSNERKRTXNULNEUNDREINULUHRVONLUEBECKTRAVEMUEN	GTSLXHFTMVNRRILQQMMCAENUEYUWKRYBHTOWRQSGINPFVPOGWSTPWXAPHNSQHYQLSICJXTFQ
P1030689#c20	A	C	b	785	SRAG	YNXM	MU KP FE SV ZI XO QH WJ TA NC	LEITUNGVONVONEIN	(1, 3, 3)	LEITUNGVONVONEINSNEUNXUUUFLOTTFFFTTTEINSZWOZWOVIERYYSEZHSZWOHIERGELOESTX	UYJMFDCGWRGHKXOOPPZFBNOYLCUIZBPXKLHUINGAXSUAHJRVRSRFFBQTGRRGYAFULKQVTJFP
P1030693#c21	A	C	b	743	BSAC	NUBX	MD BZ FI YX NS KO WV LG TH RU	KOMXADMXUUUBOOTE	(2, 6, 5)	KOMXADMXUUUBOOTEYFXDXUUUAUSBXVONVONJOTTOWUENSCHEXXUEBERWEGZWOYWEGDREIUND	AFNTKZIHKLKRVWPKHJUKTBLJDNAKNHKDJJUESVPWKCITRUDPZYWJYOTGVRLCJQVDUHHZZGPZ
P1030684#c22	A	C	b	873	JMAA	TZTZ	IH LN WX QK AM TZ CP GB YD VU	VVVUUUVIRSOBENNU	(1, 8, 8)	VVVUUUVIRSOBENNULEINSXXMITUUUVIRSIBENNULZWOYVIRSIBENNULDREIYZWODREISECHS	DNJTSKRNLKCZWARMRQVHFZNYXKLERTMDBOQBPDZCNGYJCLPJEWNYYACSWNVDTPBJWMHTIMFV
P1030696#c23	A	B	b	123	BHAI	PIZW	PX ME LG NS TA FD UI QW HO ZB	TONIANANCHEFZWOS	(1, 3, 3)	TONIANANCHEFZWOSECHSUUUFLOTTXXUMUZWVDREISECHSZWOBEIPOSITIONEINSZWODORAGE	KMHPKOTCQZMVYDBFGURFMSJYVIGPGCOTBBEDMYPKTTUBVJMCUQMASZSLBARWAILGHHPWZNWO
P1030702#c24	B	B	b	471	LKAJ	IFZT	IM AO ET FW VN ZG HD LU PC BQ	UUUFUNFDREIVIERKK	(1, 3, 3)	UUUFUNFDREIVIERKKNOLLAUKKANANFUNFUUUFLOTTXNULEINSZWONULBEIROTNULSIBENGEA	WFYGETHIOPAJHLATNEYSCSKJCNTJMMBLDWOZOKGFEEOHOPMAQHNXFAYKHQEMRTOXMFHYJRVS
P1030695#c25	B	B	g	183	QBAU	HVTM	VZ XS GB CQ AM HF YJ WT RI UD	LEITUNGVVVUUUIFU	(1, 5, 5)	LEITUNGVVVUUUIFUEXZPKTXWWWHAVENXXFFFTTTZWONULEINSDREIERLEDIGTXINHAATXXFF	IBKKCLKYOJARPVJRKGTAVPIFSERGNDSNHILSDLJAXEHAJDOJREIBQMMSYHEDAILZQTKHYJAA
P1030663#c26	B	C	g	184	XGAM	GNKY	IG NQ MJ AK ZE SB CY WD HV XU	UUUZWODREIDREIAC	(1, 7, 7)	UUUZWODREIDREIACHTVVVCHEFVIERXUUUFLOTTXXMITUUUZWODREISECHSEINSZUMDOCKBET	WNKDYPGUVVQADMWMECTTYQIQSQHRLKSWBRSFDEOCXHLJQBWGCNLJRBMBVVPPWTQSCXXHWUGD
P1030676#c27	B	B	g	472	OBAN	VGTS	UI MK WE NP YO GS FD LT HV XB	UUUJAGDKEINEVERA	(1, 3, 3)	UUUJAGDKEINEVERAENDERUNGENGEGWNLEITNRXEINSVIERSIEBENXXADMXWWWESTLXOSTSEE	SPITCMIWXXCQQHGNGVWUUYTKTUAXAZETHOGVHONFIGTSAHQTPGOELYLSIHAFLBQNPTBOQLNO
P1030701#c28	B	C	g	861	SIAH	UDHE	UW ZY NA IV KM HP RS XE GQ OT	ZWODREONULNULUHR	(1, 6, 6)	ZWODREONULNULUHRTRAVEMUENDEREEDEAUSOHNEGELEITNACHJKIELJAUFWEGDREIYSECHSY	FGNECPBTESODBYUKCGXGQQYZROKYUSFTDMQHEYZXVQNTYHLHQGUHVDANHDANMLPBGOIQTMCZ
P1030708#c29	B	C	b	561	IMAK	EWHL	RZ TP FX SM WI OB QC GK LY AJ	FXDXUUUOSTVONVON	(1, 6, 6)	FXDXUUUOSTVONVONTTTFFFEINSSIBENXXDURCHKERZTEGERUNGINDERSCHLEUSEERSTNULZW	PMSCBLCFWDPYKEYZJCWDDCFUQFGJWUHKTPSQNVNNHYSABXIPJBFVBOEFVEZLPPSHHMKMSPUX
P1030673#c30	B	B	g	765	WEAM	FMTT	GX FK MC NI HV UR AS TO ZY JD	FUENFTEUUUFLOTTX	(2, 5, 4)	FUENFTEUUUFLOTTXANANUUUZWOFUEDFEINSSIEBENXXSPEZIAHISTFUERTELEKINANLAGEWA	MQVCINDQOQCNWEXHHTJZRQACBIRVZMNPRTIFLNDROLIGNTMCUABYQNNIOFLSLEEDYLXVQRZC
P1030686#c31	B	C	b	825	XFAQ	RNPL	TQ KI ZP UN JF HR WX AG YC LE	SPRUCHSCHLIESSEL	(1, 8, 8)	SPRUCHSCHLIESSELVONFFFTTTMILUHRZEITGRUPSEEINSZWOZHOVIERSOFORTWERGEBENYDA	HDKKWQGHWEMPZBTTLZLNTREAXOUNXNLIASAXOIBELGTLQEBCBDWBZGUJQMKORRHCJVIIPWRB
P1030660#c32	A	C	b	578	YZAR	FPWN	UR IO ZQ VX NT WM GH CB FA PS	FXDXUUUOSTYFUNCQ	(1, 6, 6)	FXDXUUUOSTYFUNCQUUUFXWTTXVVVUUUEINSEINSNULDREIKKEISELEKKXXISTSECHSSTUEND	GMKFQEEDMARAJLJILDYWZFHHHJSGVKMLJWOGCJVOIRVLYGXTRWTFZUPVDMHBRYIOOUCNOQAS
P1030661#c33	A	B	g	612	NDAP	ACAX	AS IT OJ DN XE CZ QK VU GY BL	UMSUEDDREIYYVIEG	(2, 7, 6)	UMSUEDDREIYYVIEGINSCHAUERNBISFUENFWOLKIGVEREINZELTSCHAUERKKBEREICHDORABI	ZZJWCMHEIRXMLRSHRBEMDGDUCITCHCVCEKOFEJSAUMKCQJMGPLXWSKHWLDHUPPMBRLPIFGTL
P1030667#c34	A	B	b	826	IDAO	JJZK	CR OT LV JU HG ZS WQ EX YA IN	STUEKOWARNEMVEND	(1, 4, 4)	STUEKOWARNEMVENDEYZWOSECHVXUUUFLOTTXHACHRXFXDXUUUAUSBILDUNGVVVHEVTHAXXEI	JZMYVUENUZWQHFCQNFSEQTGECJZPNSGEXBLRDLGPSTMYLZANXJOKAZFCEQAWKJGJZCMCGIZP
P1030671#c35	A	B	b	153	NJAE	QAUC	PK GB VC QT LE RH ZM UX AY ND	VONVONUUUEINSNUL	(1, 5, 5)	VONVONUUUEINSNULNULACHTKKGESSNERKRTXNULNEUNDREINULUHRVONLUEBECKTRAVEMUEN	OHCBVSRKEYPZQMEWHKISEGMZLNCBTTNGBLCTTJNGUOVXLKMQARBLBFZSKONJUZAWPWKVCZZE
P1030689#c36	A	C	b	132	QWAI	JFAC	FQ SP AB VZ KM JO WH IG LT CN	LEITUNGVONVONEIN	(1, 8, 8)	LEITUNGVONVONEINSNEUNXUUUFLOTTFFFTTTEINSZWOZWOVIERYYSEZHSZWOHIERGELOESTX	ZRNEOHZPWIOVQOXDTEMKHWRKSUYBPIJUGDGPJRHAMUHLGAUAQUZCGBEOFYDROZWDQOGYBQEI
P1030693#c37	A	C	b	327	PCAY	DVLC	SN CV ZT EX HY KW ML AI JR QF	KOMXADMXUUUBOOTE	(2, 8, 7)	KOMXADMXUUUBOOTEYFXDXUUUAUSBXVONVONJOTTOWUENSCHEXXUEBERWEGZWOYWEGDREIUND	MYJVWYPQJKMTRGULDHSEBWXQZSWONQEDNZCAASJQARKAYMOGETYZWJBTXSKLXIHABXATPKAB
P1030684#c38	A	B	g	285	ZFAV	VYRL	SH XQ GW JD AU RI CP BE TO ZV	VVVUUUVIRSOBENNU	(2, 9, 8)	VVVUUUVIRSOBENNULEINSXXMITUUUVIRSIBENNULZWOYVIRSIBENNULDREIYZWODREISECHS	DKCEGAYDPHBQNUGOJXKOONJIDSSDAXSTVPQCTDJDPNKOSQHOYACCFVIUCRZBUARWCJHQGVNM
P1030696#c39	A	B	b	586	YVAJ	NWVZ	GY MR HC LB XS DO VQ PK UN WA	TONIANANCHEFZWOS	(1, 7, 7)	TONIANANCHEFZWOSECHSUUUFLOTTXXUMUZWVDREISECHSZWOBEIPOSITIONEINSZWODORAGE	WFWJLDPKFKNVCDZVQHLUKPCARMGOWIHCAWEURYYNPZHLTWURGUWXGAUPKLXBKOZSXYWNJGAP
P1030702#c40	B	C	b	815	NXAY	FYNE	HO SK NB AF CY UJ ZT GP WX IR	UUUFUNFDREIVIERK	(1, 4, 4)	UUUFUNFDREIVIERKKNOLLAUKKANANFUNFUUUFLOTTXNULEINSZWONULBEIROTNULSIBENGEA	MBJYJKKGTFSDDVEHQIUAGDOHQILVXEXLOTZQPSXDIBYVSINPZWKBYYVOLDOAPLGDTXRHRTXM
P1030695#c41	B	B	b	418	ELAM	MEOK	IQ JZ CR TN GE PF WA UL DV OX	LEITUNGVVVUUUIFU	(1, 3, 3)	LEITUNGVVVUUUIFUEXZPKTXWWWHAVENXXFFFTTTZWONULEINSDREIERLEDIGTXINHAATXXFF	BYHKVMZEWSLOTFHXZURVGMKLLBXTPBXERTNNDGFEJUWXCCDBXIEYYIOGXPLTKBJJDWKDDKOQ
P1030663#c42	B	C	b	523	BGAJ	NLER	XP YH GR AT KF ND BO VW CQ LZ	UUUZWODREIDREIACH	(1, 7, 7)	UUUZWODREIDREIACHTVVVCHEFVIERXUUUFLOTTXXMITUUUZWODREISECHSEINSZUMDOCKBET	NPWGLMGCXVAMHLTXCGZXZJQJVYNKYIEMCPJNQOUHNHZIDWMYAABXMWMPVJJGQQPVNSWMMNJP
P1030676#c43	B	B	b	857	MNAN	SSXJ	DO AK ZX WM GV RP YN BU EC QF	UUUJAGDKEINEVERA	(2, 8, 7)	UUUJAGDKEINEVERAENDERUNGENGEGWNLEITNRXEINSVIERSIEBENXXADMXWWWESTLXOSTSEE	RDSDQFQGKGZGLGQSWQXUPYAKJMUANYHJSOQWGJBMPZCLTLZQTZCORWOOGLUJNXDUQDQYSHZZ
P1030701#c44	B	B	g	561	SPAF	FIXU	BE ZR NU VH YO JM QT PL KD FX	ZWODREONULNULUHR	(1, 4, 4)	ZWODREONULNULUHRTRAVEMUENDEREEDEAUSOHNEGELEITNACHJKIELJAUFWEGDREIYSECHSY	FXGYOUPCLCXMHJIONVQYDHBYMBUPYNGJVJQHCRFHURDLUJUDECGRLREZSZPVHZOQNBJOQETS
P1030708#c45	B	B	g	584	BEAG	TOCS	ZE XR TJ SP VI DU MB NO HC AY	FXDXUUUOSTVONVONTT	(1, 5, 5)	FXDXUUUOSTVONVONTTTFFFEINSSIBENXXDURCHKERZTEGERUNGINDERSCHLEUSEERSTNULZW	MKBVQSZGLPSHIRVPJJOXBJZMAQRWEFJINHMCPTGOMJYTJOKXASCDENJLPBXGXRMVKHACSHMR
P1030673#c46	B	C	g	832	JXAI	GHTJ	UT IR FL NG ZM AJ XP VD QK YE	FUENFTEUUUFLOTTX	(1, 3, 3)	FUENFTEUUUFLOTTXANANUUUZWOFUEDFEINSSIEBENXXSPEZIAHISTFUERTELEKINANLAGEWA	OJSAJIXYGRNCZQIEMTZUEYMGZECKCRRWFOCQBUGZXIPLMRWQGGLIMXAFSBIHZPADSDWCXLRE
P1030686#c47	B	B	g	157	ZNAY	NOHG	PL AI KO ZU NQ RW HG JS CD EM	SPRUCHSCHLIESSEL	(1, 2, 2)	SPRUCHSCHLIESSELVONFFFTTTMILUHRZEITGRUPSEEINSZWOZHOVIERSOFORTWERGEBENYDA	GNVFSMZDTAFNBNKAURXLPVBFUVLDGEDFGCKJTNEAOAUEIEHFBMSTMQTDCJRSUQPFENKYOTLQ
