VONVONFXDXUUUAUSBXX@3	17(pivot S, loops 1)	0	keep
VONVONFXDXUUUAUSBXX@5	17(pivot U, loops 2)	0	keep
VONVONFXDXUUUAUSBXX@7	16(pivot U, loops 2)	6	keep
VONVONFXDXUUUAUSBXX@9	16(pivot X, loops 1)	5	keep
VONVONFXDXUUUAUSBXX@13	17(pivot U, loops 2)	0	keep
VONVONFXDXUUUAUSBXX@14	16(pivot U, loops 2)	0	keep
VONVONFXDXUUUAUSBXX@15	16(pivot U, loops 3)	0	keep
VONVONFXDXUUUAUSBXX@16	16(pivot U, loops 3)	37871	drop:flood
VONVONFXDXUUUAUSBXX@17	16(pivot U, loops 3)	0	keep
VONVONFXDXUUUAUSBXX@20	16(pivot U, loops 2)	0	keep
VONVONFXDXUUUAUSBXX@23	17(pivot P, loops 1)	0	keep
VONVONFXDXUUUAUSBXX@24	17(pivot P, loops 3)	0	keep
VONVONFXDXUUUAUSBXX@25	17(pivot P, loops 1)	0	keep
VONVONFXDXUUUAUSBXX@26	18(pivot P, loops 3)	0	keep
VONVONFXDXUUUAUSBXX@27	18(pivot V, loops 3)	0	keep
VONVONFXDXUUUAUSBXX@28	18(pivot V, loops 5)	0	keep
VONVONFXDXUUUAUSBXX@29	18(pivot P, loops 2)	0	keep
VONVONFXDXUUUXAUSBXX@5	18(pivot X, loops 2)	0	keep
VONVONFXDXUUUXAUSBXX@8	17(pivot X, loops 2)	0	keep
VONVONFXDXUUUXAUSBXX@9	17(pivot X, loops 1)	3	keep
VONVONFXDXUUUXAUSBXX@13	17(pivot U, loops 2)	0	keep
VONVONFXDXUUUXAUSBXX@14	17(pivot U, loops 3)	0	keep
VONVONFXDXUUUXAUSBXX@15	17(pivot X, loops 3)	0	keep
VONVONFXDXUUUXAUSBXX@16	17(pivot U, loops 2)	0	keep
VONVONFXDXUUUXAUSBXX@17	17(pivot X, loops 4)	0	keep
VONVONFXDXUUUXAUSBXX@20	17(pivot X, loops 5)	0	keep
VONVONFXDXUUUXAUSBXX@23	18(pivot P, loops 3)	0	keep
VONVONFXDXUUUXAUSBXX@24	18(pivot X, loops 3)	0	keep
VONVONFXDXUUUXAUSBXX@25	18(pivot P, loops 2)	0	keep
VONVONFXDXUUUXAUSBXX@26	19(pivot V, loops 4)	0	keep
VONVONFXDXUUUXAUSBXX@27	19(pivot V, loops 5)	0	keep
VONVONFXDXUUUXAUSBXX@28	19(pivot V, loops 4)	0	keep
TTTFFFZWODREIVONVONFXDXUUUXAUSBXX@0	28(pivot F, loops 8)	0	prune
FXDXUUUAUSBVVVTTTFFFEINSACHTXX@0	26(pivot F, loops 7)	0	prune
FXDXUUUAUSBVVVTTTFFFEINSACHTX@0	25(pivot F, loops 6)	0	keep
FXDXUUUAUSBVVVTTTFFFZWOVIRX@0	23(pivot U, loops 6)	0	keep
FXDXUUUAUSBVVVFUNFXUUUFLOTTXX@0	25(pivot U, loops 8)	0	keep
FXDXUUUAUSBVVVVIRUUUFLOTTXX@0	23(pivot U, loops 5)	0	prune
FXDXUUUAUSBVVVVIRUUUFLOTTX@0	22(pivot U, loops 5)	0	keep
FXDXUUUXAUSBVONVONTTTFFFEINSSIBENX@0	29(pivot F, loops 9)	0	keep
FXDXUUUXAUSBVVVFUNFUUUFLOTTXX@0	25(pivot U, loops 7)	0	prune
FXDXUUUXAUSBVVVFUNFUUUFLOTTX@0	24(pivot U, loops 6)	0	keep
FXDXUUUXAUSBVVVVIERUUUFLOTTX@0	24(pivot U, loops 6)	0	keep
FXDXUUUXAUSBVVVVIRXUUUFLOTTXX@0	25(pivot U, loops 7)	0	keep
ZWOFUENFUUUFLOTTVVVFXDXUUUXAUSBXX@0	28(pivot U, loops 8)	0	keep
VIERUUUFLOTTVVVFXDXUUUXAUSBXX@0	25(pivot U, loops 7)	0	keep
CHEFFUENFUUUFLOTTVVVFXDXUUUAUSBXX@0	28(pivot U, loops 9)	0	keep
ANALLEVONVONFUENFUUUFLOTTXX@0	23(pivot U, loops 6)	0	prune
ANALLEVONVONFUENFUUUFLOTTX@0	22(pivot U, loops 5)	0	keep
ANALLEVONVONFUNFXUUUFLOTTXX@0	23(pivot U, loops 6)	0	prune
ANALLEVONVONFUNFXUUUFLOTTX@0	22(pivot U, loops 5)	0	keep
ANALLEVONVONFUNFUUUFLOTTXX@0	22(pivot U, loops 5)	0	prune
ANALLEVONVONFUNFUUUFLOTTX@0	22(pivot U, loops 5)	0	keep
ANALLEVONVONZEHNXSIDIXX@0	20(pivot S, loops 3)	0	prune
ANALLEVONVONZEHNXSIDIX@0	19(pivot S, loops 3)	0	keep
ANALLEVONVONZEHNXSIDIXXX@0	21(pivot X, loops 3)	0	prune
ANALLEVVVFUENFXUUUFLOTTXX@0	22(pivot U, loops 5)	0	prune
ANALLEVVVFUENFXUUUFLOTTX@0	21(pivot U, loops 5)	0	keep
ANALLEVVVFUENFUUUFLOTTXX@0	21(pivot U, loops 5)	0	prune
ANALLEVVVFUENFUUUFLOTTX@0	20(pivot U, loops 4)	0	keep
ANALLEVVVFUNFUUUFLOTTXX@0	20(pivot U, loops 4)	0	prune
ANALLEVVVFUNFUUUFLOTTX@0	19(pivot V, loops 3)	0	keep
ANALLEVVVFXDXUUUAUSBXX@0	19(pivot A, loops 3)	0	prune
ANALLEVVVFXDXUUUAUSBX@0	18(pivot A, loops 2)	0	keep
ANALLEVVVFXDXUUUOSTXX@0	18(pivot S, loops 2)	0	prune
ANALLEVVVFXDXUUUOSTX@0	18(pivot S, loops 2)	0	keep
ANALLEVVVKOMXADMXUUUBOOTEX@0	22(pivot A, loops 5)	0	keep
ANALLEVVVFUNKLEITUNGXX@0	19(pivot V, loops 3)	0	prune
ANALLEVVVFUNKLEITUNGX@0	18(pivot A, loops 2)	0	keep
ALLEVONVONFUNFXUUUFLOTTXX@0	22(pivot U, loops 5)	0	prune
ALLEVONVONFUNFXUUUFLOTTX@0	21(pivot U, loops 5)	0	keep
ALLEVONVONFUNFUUUFLOTTXX@0	21(pivot U, loops 5)	0	prune
ALLEVONVONFUNFUUUFLOTTX@0	20(pivot J, loops 3)	374	keep
ALLEVONVONZEHNXSIDIXX@0	18(pivot S, loops 2)	0	prune
ALLEVONVONZEHNXSIDIX@0	18(pivot S, loops 2)	0	keep
ALLEVONVONZEHNXSIDIXXX@0	19(pivot S, loops 3)	0	prune
ALLEVONVONFUNKLEITUNGXX@0	20(pivot N, loops 4)	0	prune
ALLEVONVONFUNKLEITUNGX@0	19(pivot N, loops 3)	0	keep
ALLEVVVFUENFXUUUFLOTTXX@0	20(pivot U, loops 6)	0	prune
ALLEVVVFUENFXUUUFLOTTX@0	19(pivot U, loops 5)	0	keep
ALLEVVVFUENFUUUFLOTTXX@0	19(pivot U, loops 4)	0	prune
ALLEVVVFUENFUUUFLOTTX@0	18(pivot U, loops 3)	0	keep
ALLEVVVFUNFXUUUFLOTTXX@0	19(pivot U, loops 4)	0	prune
ALLEVVVFUNFXUUUFLOTTX@0	18(pivot U, loops 3)	0	keep
ALLEVVVFUNFUUUFLOTTXX@0	18(pivot U, loops 2)	89827	drop:flood
ALLEVVVFUNFUUUFLOTTX@0	18(pivot U, loops 2)	89827	drop:flood
ALLEVVVFXDXUUUAUSBXX@0	18(pivot S, loops 4)	0	prune
ALLEVVVFXDXUUUAUSBX@0	17(pivot U, loops 3)	0	keep
ALLEVVVFXDXUUUXAUSBXX@0	18(pivot S, loops 4)	0	prune
ALLEVVVFXDXUUUXAUSBX@0	18(pivot S, loops 4)	0	keep
ALLEVVVZEHNXSIDIXX@0	16(pivot E, loops 2)	694334	drop:flood
ALLEVVVZEHNXSIDIX@0	15(pivot E, loops 2)	694334	drop:flood
ALLEVVVZEHNXSIDIXXX@0	17(pivot X, loops 2)	90733	drop:flood
ALLEVVVFXDXUUUOSTXX@0	17(pivot X, loops 3)	0	prune
ALLEVVVFXDXUUUOSTX@0	16(pivot J, loops 2)	2	keep
ALLEVVVKOMXADMXUUUBOOTEXX@0	22(pivot U, loops 5)	0	keep
ANALLEUUUBOOTEVONVONZEHNXSIDIX@0	26(pivot E, loops 6)	0	keep
ANALLEUUUBOOTEVVVFUNKLEITUNGXX@0	26(pivot U, loops 7)	0	prune
ANALLEUUUBOOTEVVVFUNKLEITUNGX@0	25(pivot U, loops 6)	0	keep
ALLEUUUBOOTEVVVFXDXUUUAUSBX@0	23(pivot U, loops 6)	0	keep
ALLEUUUBOOTEVVVZEHNXSIDIXX@0	22(pivot E, loops 4)	0	prune
ALLEUUUBOOTEVVVZEHNXSIDIX@0	22(pivot E, loops 4)	0	keep
ALLEUUUBOOTEVVVZEHNXSIDIXXX@0	23(pivot E, loops 4)	0	prune
ALLEUUUBOOTEVVVFXDXUUUOSTXX@0	23(pivot U, loops 6)	0	prune
ALLEUUUBOOTEVVVFXDXUUUOSTX@0	22(pivot U, loops 6)	0	keep
ALLEUUUBOOTEVVVFUNKLEITUNGX@0	23(pivot U, loops 5)	0	keep
ALLEBOOTEVONVONFXDXUUUAUSBXX@0	24(pivot X, loops 5)	0	prune
ALLEBOOTEVONVONFXDXUUUAUSBX@0	23(pivot O, loops 4)	0	keep
ALLEBOOTEVONVONFXDXUUUXAUSBX@0	24(pivot X, loops 5)	0	keep
ALLEBOOTEVONVONZEHNXSIDIXX@0	22(pivot E, loops 4)	0	prune
ALLEBOOTEVONVONZEHNXSIDIX@0	22(pivot E, loops 4)	0	keep
ALLEBOOTEVONVONZEHNXSIDIXXX@0	23(pivot E, loops 4)	0	prune
ALLEBOOTEVONVONFXDXUUUOSTXX@0	23(pivot O, loops 4)	0	prune
ALLEBOOTEVONVONFXDXUUUOSTX@0	22(pivot O, loops 4)	0	keep
ALLEBOOTEVONVONFUNKLEITUNGX@0	23(pivot N, loops 4)	0	keep
ALLEBOOTEVVVFUENFUUUFLOTTXX@0	23(pivot U, loops 5)	0	prune
ALLEBOOTEVVVFUENFUUUFLOTTX@0	22(pivot U, loops 4)	0	keep
ALLEBOOTEVVVFUNFXUUUFLOTTXX@0	23(pivot U, loops 5)	0	keep
ALLEBOOTEVVVFUNFUUUFLOTTXX@0	22(pivot U, loops 5)	0	prune
ALLEBOOTEVVVFUNFUUUFLOTTX@0	22(pivot U, loops 5)	0	keep
ALLEBOOTEVVVZEHNXSIDIXX@0	20(pivot E, loops 2)	0	prune
ALLEBOOTEVVVZEHNXSIDIX@0	19(pivot E, loops 2)	0	keep
ALLEBOOTEVVVZEHNXSIDIXXX@0	21(pivot X, loops 3)	0	prune
ANALLEBOOTEVONVONFUNKLEITUNGXX@0	26(pivot O, loops 7)	0	prune
ANALLEBOOTEVONVONFUNKLEITUNGX@0	25(pivot O, loops 6)	0	keep
ANALLEBOOTEVVVFXDXUUUXAUSBX@0	23(pivot X, loops 5)	0	keep
ANALLEBOOTEVVVFXDXUUUOSTXX@0	22(pivot O, loops 4)	0	prune
ANALLEBOOTEVVVFXDXUUUOSTX@0	22(pivot O, loops 4)	0	keep
FXDXUUUAUSBXVVVFUNFUUUFLOTTXX@0	25(pivot U, loops 8)	0	keep
VIERUUUFLOTTVVVFUNFUUUFLOTTXX@0	25(pivot U, loops 8)	0	keep
FUENFUUUFLOTTVVVVIRUUUFLOTTX@0	24(pivot U, loops 6)	0	keep
FUNFXUUUFLOTTVVVZWOFUNFUUUFLOTTXX@0	28(pivot F, loops 9)	0	prune
FUNFXUUUFLOTTVVVZWOFUNFUUUFLOTTX@0	28(pivot F, loops 9)	0	keep
FUNFXUUUFLOTTVVVVIRUUUFLOTTXX@0	25(pivot U, loops 7)	0	prune
FUNFXUUUFLOTTVVVVIRUUUFLOTTX@0	24(pivot U, loops 6)	0	keep
FUNFUUUFLOTTXVVVVIRUUUFLOTTX@0	24(pivot U, loops 6)	0	keep
FUNFUUUFLOTTVVVVIERUUUFLOTTX@0	24(pivot U, loops 6)	0	keep
FXDXUUUAUSBVONVONUUU@0	18(pivot U, loops 3)	1	keep
FXDXUUUAUSBVVVUUU@0	15(pivot U, loops 3)	1	keep
FXDXUUUXAUSBVONVONUUU@0	18(pivot U, loops 2)	0	keep
FXDXUUUXAUSBVVVUUU@0	16(pivot U, loops 2)	0	keep
FUENFXUUUFLOTTVVVUUU@0	18(pivot U, loops 3)	1	keep
FUENFUUUFLOTTVONVONUUU@0	19(pivot U, loops 3)	0	keep
FUENFUUUFLOTTVVVUUU@0	17(pivot U, loops 2)	0	keep
FUNFXUUUFLOTTVONVONUUU@0	19(pivot U, loops 3)	0	keep
FUNFXUUUFLOTTVVVUUU@0	17(pivot U, loops 3)	0	keep
FUNFUUUFLOTTVONVONUUU@0	18(pivot U, loops 2)	0	keep
FUNFUUUFLOTTVVVUUU@0	16(pivot U, loops 1)	0	keep
ZWOFUENFXUUUFLOTTVONVONUUU@0	22(pivot U, loops 5)	0	keep
ZWOFUENFUUUFLOTTVVVUUU@0	19(pivot U, loops 4)	0	keep
ZWOFUNFXUUUFLOTTVVVUUU@0	19(pivot U, loops 5)	0	keep
ZWOFUNFUUUFLOTTVVVUUU@0	18(pivot U, loops 3)	0	keep
VIERXUUUFLOTTVONVONUUU@0	19(pivot U, loops 3)	0	keep
VIERXUUUFLOTTVVVUUU@0	17(pivot U, loops 3)	0	keep
VIERUUUFLOTTVONVONUUU@0	18(pivot U, loops 3)	0	keep
VIERUUUFLOTTVVVUUU@0	16(pivot U, loops 2)	1	keep
TTTFFFEINSFUNFVONVON@0	18(pivot F, loops 3)	0	keep
TTTFFFEINSFUNFVVV@0	15(pivot F, loops 2)	8822	keep
TTTFFFEINSSIBENVONVON@0	18(pivot S, loops 2)	0	keep
TTTFFFEINSSIBENVVV@0	16(pivot E, loops 1)	118	keep
TTTFFFEINSACHTVONVON@0	18(pivot S, loops 2)	0	keep
TTTFFFEINSACHTVVV@0	15(pivot T, loops 1)	49511	drop:flood
TTTFFFEINSNEUNVONVON@0	18(pivot N, loops 3)	0	keep
TTTFFFEINSNEUNVVV@0	15(pivot E, loops 2)	5	keep
TTTFFFZWOEINSVONVON@0	17(pivot F, loops 3)	0	keep
TTTFFFZWOEINSVVV@0	14(pivot F, loops 1)	217437	drop:flood
TTTFFFZWOZWOVONVON@0	16(pivot O, loops 2)	3	keep
TTTFFFZWOZWOVVV@0	13(pivot F, loops 1)	995	keep
TTTFFFZWODREIVONVON@0	17(pivot F, loops 1)	0	keep
TTTFFFZWODREIVVV@0	14(pivot F, loops 0)	5094209	drop:flood
TTTFFFZWOVIERVONVON@0	17(pivot F, loops 3)	0	keep
TTTFFFZWOVIERVVV@0	14(pivot V, loops 1)	122	keep
TTTFFFZWOVIRVONVON@0	16(pivot F, loops 2)	0	keep
TTTFFFZWOVIRVVV@0	13(pivot V, loops 1)	1070	keep
ANALLEVONVONTTTFFF@0	16(pivot T, loops 2)	351	keep
ANALLEVVVTTTFFF@0	13(pivot A, loops 2)	38	keep
ALLEVONVONTTTFFF@0	14(pivot F, loops 1)	76	keep
ALLEVVVTTTFFF@0	11(pivot T, loops 2)	9413	keep
