UZWODREIFUENFSECHS@0	16	1	drop:k1-weak-blocks,k0-loops<2
UZWODREIFUENFSECHS@1	16	0	drop:k1-weak-blocks,k0-loops<2
UZWODREIFUENFSECHS@3	16	0	drop:k1-weak-blocks,k0-loops<2
UZWODREIFUENFSECHS@4	16	0	drop:k1-weak-blocks,k0-loops<2
UZWODREIFUENFSECHS@5	16	1	drop:k1-weak-blocks,k0-loops<2
UZWODREIFUENFSECHS@7	16	1	drop:k1-weak-blocks,k0-loops<2
UZWODREIFUENFSECHS@8	15	1	drop:k1-weak-blocks,k0-loops<2
UZWODREIFUENFSECHS@10	15	1	drop:k1-weak-blocks,k0-loops<2
UZWODREIFUENFSECHS@11	16	1	drop:k1-weak-blocks,k0-loops<2
UZWODREIFUENFSECHS@12	16	2	k0-probe
UZWODREIFUENFSECHS@18	15	3	k0-probe
UZWODREIFUENFSECHS@24	16	1	drop:k1-weak-blocks,k0-loops<2
UZWODREIFUENFSECHS@26	17	2	k0-probe
UZWODREIFUENFSECHS@28	17	1	drop:k1-weak-blocks,k0-loops<2
UZWODREIFUENFSECHS@29	17	2	k0-probe
UZWODREIFUENFSECHS@30	17	2	k0-probe
UZWODREIFUENFSECHS@31	17	0	drop:k1-weak-blocks,k0-loops<2
UZWODREIFUENFSECHS@32	17	0	drop:k1-weak-blocks,k0-loops<2
UZWODREIFUENFSECHS@33	18	2	k0-probe
UZWODREIFUENFSECHS@35	18	0	drop:k1-weak-blocks,k0-loops<2
UZWODREIFUENFSECHS@39	18	1	drop:k1-weak-blocks,k0-loops<2
UZWODREIFUENFSECHS@41	17	2	k0-probe
UZWODREIFUENFSECHS@42	17	0	drop:k1-weak-blocks,k0-loops<2
UZWODREIFUENFSECHS@43	16	1	drop:k1-weak-blocks,k0-loops<2
UZWODREIFUENFSECHS@44	16	1	drop:k1-weak-blocks,k0-loops<2
UZWODREIFUENFSECHS@46	16	0	drop:k1-weak-blocks,k0-loops<2
UZWODREIFUENFSECHS@47	16	0	drop:k1-weak-blocks,k0-loops<2
UZWODREIFUENFSECHS@48	16	0	drop:k1-weak-blocks,k0-loops<2
UZWODREIFUENFSECHS@50	15	0	drop:k1-weak-blocks,k0-loops<2
UZWODREIFUENFSECHS@51	14	1	drop:k1-weak-blocks,k0-loops<2
UZWODREIFUENFSECHS@54	13	0	drop:k1-weak-blocks,k0-loops<2
ZWODREIFUENFSECHS@0	15	1	drop:k1-weak-blocks,k0-loops<2
ZWODREIFUENFSECHS@1	15	0	drop:k1-weak-blocks,k0-loops<2
ZWODREIFUENFSECHS@2	16	0	drop:k1-weak-blocks,k0-loops<2
ZWODREIFUENFSECHS@4	15	0	drop:k1-weak-blocks,k0-loops<2
ZWODREIFUENFSECHS@5	15	0	drop:k1-weak-blocks,k0-loops<2
ZWODREIFUENFSECHS@6	15	1	drop:k1-weak-blocks,k0-loops<2
ZWODREIFUENFSECHS@8	15	1	drop:k1-weak-blocks,k0-loops<2
ZWODREIFUENFSECHS@9	14	1	drop:k1-weak-blocks,k0-loops<2
ZWODREIFUENFSECHS@11	15	1	drop:k1-weak-blocks,k0-loops<2
ZWODREIFUENFSECHS@12	15	1	drop:k1-weak-blocks,k0-loops<2
ZWODREIFUENFSECHS@13	15	1	drop:k1-weak-blocks,k0-loops<2
ZWODREIFUENFSECHS@19	14	2	k0-probe
ZWODREIFUENFSECHS@23	15	1	drop:k1-weak-blocks,k0-loops<2
ZWODREIFUENFSECHS@25	15	1	drop:k1-weak-blocks,k0-loops<2
ZWODREIFUENFSECHS@27	16	1	drop:k1-weak-blocks,k0-loops<2
ZWODREIFUENFSECHS@29	16	1	drop:k1-weak-blocks,k0-loops<2
ZWODREIFUENFSECHS@30	16	1	drop:k1-weak-blocks,k0-loops<2
ZWODREIFUENFSECHS@31	16	1	drop:k1-weak-blocks,k0-loops<2
ZWODREIFUENFSECHS@32	16	0	drop:k1-weak-blocks,k0-loops<2
ZWODREIFUENFSECHS@33	17	0	drop:k1-weak-blocks,k0-loops<2
ZWODREIFUENFSECHS@34	17	2	k0-probe
ZWODREIFUENFSECHS@36	17	0	drop:k1-weak-blocks,k0-loops<2
ZWODREIFUENFSECHS@40	17	1	drop:k1-weak-blocks,k0-loops<2
ZWODREIFUENFSECHS@42	16	1	drop:k1-weak-blocks,k0-loops<2
ZWODREIFUENFSECHS@43	16	0	drop:k1-weak-blocks,k0-loops<2
ZWODREIFUENFSECHS@44	15	1	drop:k1-weak-blocks,k0-loops<2
ZWODREIFUENFSECHS@45	15	1	drop:k1-weak-blocks,k0-loops<2
ZWODREIFUENFSECHS@47	15	0	drop:k1-weak-blocks,k0-loops<2
ZWODREIFUENFSECHS@48	15	0	drop:k1-weak-blocks,k0-loops<2
ZWODREIFUENFSECHS@49	15	0	drop:k1-weak-blocks,k0-loops<2
ZWODREIFUENFSECHS@51	14	0	drop:k1-weak-blocks,k0-loops<2
ZWODREIFUENFSECHS@52	13	1	drop:k1-weak-blocks,k0-loops<2
ZWODREIFUENFSECHS@55	12	0	drop:k1-weak-blocks,k0-loops<2
KIELEINGELAUFEN@1	13	1	drop:k1-weak-blocks,k0-loops<2
KIELEINGELAUFEN@2	14	1	drop:k1-weak-blocks,k0-loops<2
KIELEINGELAUFEN@3	14	0	drop:k1-weak-blocks,k0-loops<2
KIELEINGELAUFEN@5	14	1	drop:k1-weak-blocks,k0-loops<2
KIELEINGELAUFEN@6	13	1	drop:k1-weak-blocks,k0-loops<2
KIELEINGELAUFEN@7	13	1	drop:k1-weak-blocks,k0-loops<2
KIELEINGELAUFEN@9	13	1	drop:k1-weak-blocks,k0-loops<2
KIELEINGELAUFEN@12	13	1	drop:k1-weak-blocks,k0-loops<2
KIELEINGELAUFEN@13	13	0	drop:k1-weak-blocks,k0-loops<2
KIELEINGELAUFEN@14	13	0	drop:k1-weak-blocks,k0-loops<2
KIELEINGELAUFEN@17	13	0	drop:k1-weak-blocks,k0-loops<2
KIELEINGELAUFEN@18	12	0	drop:k1-weak-blocks,k0-loops<2
KIELEINGELAUFEN@19	12	1	drop:k1-weak-blocks,k0-loops<2
KIELEINGELAUFEN@20	12	0	drop:k1-weak-blocks,k0-loops<2
KIELEINGELAUFEN@21	13	0	drop:k1-weak-blocks,k0-loops<2
KIELEINGELAUFEN@22	13	2	k0-probe
KIELEINGELAUFEN@23	13	1	drop:k1-weak-blocks,k0-loops<2
KIELEINGELAUFEN@24	13	1	drop:k1-weak-blocks,k0-loops<2
KIELEINGELAUFEN@25	13	1	drop:k1-weak-blocks,k0-loops<2
KIELEINGELAUFEN@26	14	2	k0-probe
KIELEINGELAUFEN@28	14	2	k0-probe
KIELEINGELAUFEN@29	14	0	drop:k1-weak-blocks,k0-loops<2
KIELEINGELAUFEN@30	14	2	k0-probe
KIELEINGELAUFEN@32	14	2	k0-probe
KIELEINGELAUFEN@35	15	2	k0-probe
KIELEINGELAUFEN@36	15	2	k0-probe
KIELEINGELAUFEN@38	15	1	drop:k1-weak-blocks,k0-loops<2
KIELEINGELAUFEN@39	15	1	drop:k1-weak-blocks,k0-loops<2
KIELEINGELAUFEN@40	15	0	drop:k1-weak-blocks,k0-loops<2
KIELEINGELAUFEN@41	15	1	drop:k1-weak-blocks,k0-loops<2
KIELEINGELAUFEN@42	15	0	drop:k1-weak-blocks,k0-loops<2
KIELEINGELAUFEN@43	15	1	drop:k1-weak-blocks,k0-loops<2
KIELEINGELAUFEN@44	14	1	drop:k1-weak-blocks,k0-loops<2
KIELEINGELAUFEN@45	14	1	drop:k1-weak-blocks,k0-loops<2
KIELEINGELAUFEN@46	13	0	drop:k1-weak-blocks,k0-loops<2
KIELEINGELAUFEN@47	13	0	drop:k1-weak-blocks,k0-loops<2
KIELEINGELAUFEN@48	13	1	drop:k1-weak-blocks,k0-loops<2
KIELEINGELAUFEN@51	13	2	k0-probe
KIELEINGELAUFEN@52	13	1	drop:k1-weak-blocks,k0-loops<2
KIELEINGELAUFEN@53	12	1	drop:k1-weak-blocks,k0-loops<2
KIELEINGELAUFEN@54	11	0	drop:k1-weak-blocks,k0-loops<2
KIELEINGELAUFEN@55	11	1	drop:k1-weak-blocks,k0-loops<2
KIELEINGELAUFEN@56	11	2	k0-probe
KIELEINGELAUFEN@57	10	1	drop:k1-weak-blocks,k0-loops<2
