BOOTEKLARZUMVERSENKEN@26	29559133	drop:flood
BOOTEKLARZUMVERSENKEN@27	25851274	drop:flood
BOOTEKLARZUMVERSENKEN@29	11628929	drop:flood
BOOTEKLARZUMVERSENKEN@31	7402193	drop:flood
BOOTEKLARZUMVERSENKEN@35	12257433	drop:flood
BOOTEKLARZUMVERSENKEN@37	9552636	drop:flood
BOOTEKLARZUMVERSENKEN@39	11281483	drop:flood
FESTUNGSALARMFUERKIEL@28	2891011	drop:flood
FESTUNGSALARMFUERKIEL@29	2238073	drop:flood
FESTUNGSALARMFUERKIEL@30	2861777	drop:flood
FESTUNGSALARMFUERKIEL@32	250878	drop:flood
FESTUNGSALARMFUERKIEL@33	2182180	drop:flood
FESTUNGSALARMFUERKIEL@36	4794081	drop:flood
FESTUNGSALARMFUERKIEL@37	29548703	drop:flood
FESTUNGSALARMFUERKIEL@38	29543835	drop:flood
FESTUNGSALARMFUERKIELAUFGEHOBEN@7	5857	keep
FESTUNGSALARMFUERKIELAUFGEHOBEN@9	310018	drop:flood
FESTUNGSALARMFUERKIELAUFGEHOBEN@13	88441	drop:flood
FESTUNGSALARMFUERKIELAUFGEHOBEN@22	160	keep
FESTUNGSALARMFUERKIELAUFGEHOBEN@23	65	keep
FESTUNGSALARMFUERKIELAUFGEHOBEN@24	1229	keep
FESTUNGSALARMFUERKIELAUFGEHOBEN@25	3829	keep
FESTUNGSALARMFUERKIELAUFGEHOBEN@28	426	keep
FESTUNGSALARMFUERKIELAUFGEHOBEN@29	12219702	drop:flood
FESTUNGSALARMFUERKIELAUFGEHOBEN@30	88573	drop:flood
FESTUNGSALARMFUERKIELAUFGEHOBEN@36	83	keep
FESTUNGSALARMFUERKIELAUFGEHOBEN@37	9205	keep
FESTUNGSALARMFUERKIELAUFGEHOBEN@38	12059643	drop:flood
FESTUNGSALARMFUERKIELAUFGEHOBEN@40	54	keep
FESTUNGSALARMFUERKIELBEENDET@7	43450	drop:flood
FESTUNGSALARMFUERKIELBEENDET@9	13018134	drop:flood
FESTUNGSALARMFUERKIELBEENDET@13	220850	drop:flood
FESTUNGSALARMFUERKIELBEENDET@22	215786	drop:flood
FESTUNGSALARMFUERKIELBEENDET@23	4748652	drop:flood
FESTUNGSALARMFUERKIELBEENDET@24	337	keep
FESTUNGSALARMFUERKIELBEENDET@29	32082	drop:flood
FESTUNGSALARMFUERKIELBEENDET@30	205232	drop:flood
FESTUNGSALARMFUERKIELBEENDET@32	97411	drop:flood
FESTUNGSALARMFUERKIELBEENDET@33	8563	keep
FESTUNGSALARMFUERKIELBEENDET@36	9047	keep
FESTUNGSALARMFUERKIELBEENDET@37	220046	drop:flood
FESTUNGSALARMFUERKIELBEENDET@38	89106	drop:flood
FESTUNGSALARMFUERKIELBEENDET@41	223704	drop:flood
FESTUNGSALARMFUERKIELBEENDET@42	3892	keep
FESTUNGSALARMFUERKIELBEENDET@43	24869	drop:flood
KLARZUMVERSENKENGEMXBEFEHL@6	18191220	drop:flood
KLARZUMVERSENKENGEMXBEFEHL@7	121888	drop:flood
KLARZUMVERSENKENGEMXBEFEHL@8	122835	drop:flood
KLARZUMVERSENKENGEMXBEFEHL@10	1232536	drop:flood
KLARZUMVERSENKENGEMXBEFEHL@12	782827	drop:flood
KLARZUMVERSENKENGEMXBEFEHL@18	400642	drop:flood
KLARZUMVERSENKENGEMXBEFEHL@20	8563098	drop:flood
KLARZUMVERSENKENGEMXBEFEHL@22	12600	keep
KLARZUMVERSENKENGEMXBEFEHL@28	2498	keep
KLARZUMVERSENKENGEMXBEFEHL@30	751	keep
KLARZUMVERSENKENGEMXBEFEHL@31	9366	keep
KLARZUMVERSENKENGEMXBEFEHL@32	3785	keep
KLARZUMVERSENKENGEMXBEFEHL@34	8005	keep
KLARZUMVERSENKENGEMXBEFEHL@42	240492	drop:flood
KLARZUMVERSENKENGEMXBEFEHL@44	405118	drop:flood
KLARZUMVERSENKENGEMXBEFEHL@45	8573322	drop:flood
KLARZUMVERSENKENGEMXBEFEHL@46	1540863	drop:flood
SOFORTINMARSCHSETZEN@33	29527159	drop:flood
SOFORTINMARSCHSETZEN@34	29703240	drop:flood
SOFORTINMARSCHSETZEN@35	12308641	drop:flood
SOFORTINMARSCHSETZEN@36	29703228	drop:flood
