family	crib	used	blocks(size,loops)	probe_stops_3jobs	probe_hits_g<=1	decision
T01	VONVONFXDXUUUAUSBXX@3	17	9,1 8,0	29703440	3648354	drop:weak-blocks
T01	VONVONFXDXUUUAUSBXX@5	17	9,1 8,1	10370911	1022931	drop:weak-blocks
T01	VONVONFXDXUUUAUSBXX@7	16	8,0 8,2	29703440	1370450	drop:weak-blocks
T01	VONVONFXDXUUUAUSBXX@9	16	8,1 8,1	21714778	6344443	drop:weak-blocks
T01	VONVONFXDXUUUAUSBXX@13	17	9,1 8,0	29557502	1746388	drop:weak-blocks
T01	VONVONFXDXUUUAUSBXX@14	16	8,1 8,1	7528474	1797695	drop:weak-blocks
T01	VONVONFXDXUUUAUSBXX@15	16	8,0 8,2	29703440	2152912	drop:weak-blocks
T01	VONVONFXDXUUUAUSBXX@16	16	8,1 8,3	2189400	469416	drop:weak-blocks
T01	VONVONFXDXUUUAUSBXX@17	16	8,1 8,2	2344849	249974	drop:weak-blocks
T01	VONVONFXDXUUUAUSBXX@20	16	8,1 8,1	12281841	2400326	drop:weak-blocks
T01	VONVONFXDXUUUAUSBXX@23	17	9,1 8,0	29703440	3635390	drop:weak-blocks
T01	VONVONFXDXUUUAUSBXX@24	17	9,2 8,1	853598	103252	drop:weak-blocks
T01	VONVONFXDXUUUAUSBXX@25	17	9,0 8,1	29703440	3239299	drop:weak-blocks
T01	VONVONFXDXUUUAUSBXX@26	18	9,2 9,1	10235323	791820	drop:weak-blocks
T01	VONVONFXDXUUUAUSBXX@27	18	9,2 9,1	7538546	980798	drop:weak-blocks
T01	VONVONFXDXUUUAUSBXX@28	18	9,1 9,3	16157673	308714	drop:weak-blocks
T01	VONVONFXDXUUUAUSBXX@29	18	9,1 9,1	17451080	618458	drop:weak-blocks
T01	VONVONFXDXUUUXAUSBXX@5	18	9,1 9,1	17210104	2166578	drop:weak-blocks
T01	VONVONFXDXUUUXAUSBXX@8	17	9,2 8,0	29703025	2427483	drop:weak-blocks
T01	VONVONFXDXUUUXAUSBXX@9	17	9,1 8,1	15050516	3923451	drop:weak-blocks
T01	VONVONFXDXUUUXAUSBXX@13	17	9,2 8,0	29703281	1368968	drop:weak-blocks
T01	VONVONFXDXUUUXAUSBXX@14	17	9,2 8,1	12183911	2353013	drop:weak-blocks
T01	VONVONFXDXUUUXAUSBXX@15	17	9,1 8,1	11768253	367092	drop:weak-blocks
T01	VONVONFXDXUUUXAUSBXX@16	17	9,1 8,1	18516403	1504622	drop:weak-blocks
T01	VONVONFXDXUUUXAUSBXX@17	17	9,2 8,2	525279	72488	drop:weak-blocks
T01	VONVONFXDXUUUXAUSBXX@20	17	9,2 8,3	654292	42653	drop:weak-blocks
T01	VONVONFXDXUUUXAUSBXX@23	18	9,1 9,2	9507303	489016	drop:weak-blocks
T01	VONVONFXDXUUUXAUSBXX@24	18	9,2 9,1	4789033	248365	drop:weak-blocks
T01	VONVONFXDXUUUXAUSBXX@25	18	9,1 9,1	11738727	861486	drop:weak-blocks
T01	VONVONFXDXUUUXAUSBXX@26	19	10,1 9,2	5046861	123791	drop:weak-blocks
T01	VONVONFXDXUUUXAUSBXX@27	19	10,3 9,2	439813	29867	drop:weak-blocks
T01	VONVONFXDXUUUXAUSBXX@28	19	10,1 9,3	7302324	291952	drop:weak-blocks
F1	TTTFFFEINSFUNFVONVONFXDXUUUAUSBXX@0	28	14,3 14,3	450	0	keep
F1	TTTFFFEINSFUNFVONVONFXDXUUUXAUSBXX@0	29	15,5 14,4	3	0	keep
F1	TTTFFFEINSSIBENVONVONFXDXUUUAUSBXX@0	29	15,3 14,3	27	0	keep
F1	TTTFFFEINSSIBENVONVONFXDXUUUXAUSBXX@0	30	15,4 15,4	49	0	keep
F1	TTTFFFEINSACHTVONVONFXDXUUUAUSBXX@0	28	14,3 14,3	3667	10	keep
F1	TTTFFFEINSACHTVONVONFXDXUUUXAUSBXX@0	29	15,5 14,3	89	0	keep
F1	TTTFFFEINSNEUNVONVONFXDXUUUAUSBXX@0	28	14,5 14,3	109	0	keep
F1	TTTFFFEINSNEUNVONVONFXDXUUUXAUSBXX@0	29	15,4 14,4	4	0	keep
F1	TTTFFFZWODREIVONVONFXDXUUUAUSBXX@0	28	14,3 14,2	55	0	keep
F1	TTTFFFZWODREIVONVONFXDXUUUXAUSBXX@0	28	14,2 14,4	91511	74	drop:flood
F1	TTTFFFZWOVIERVONVONFXDXUUUAUSBXX@0	28	14,3 14,3	14	0	keep
F1	TTTFFFZWOVIERVONVONFXDXUUUXAUSBXX@0	28	14,3 14,3	22	0	keep
F1	TTTFFFZWOVIRVVVFXDXUUUAUSBXX@0	24	12,3 12,3	1614	6	keep
F1	TTTFFFZWOVIRVVVFXDXUUUXAUSBXX@0	25	13,3 12,3	435	0	keep
F1	TTTFFFZWOEINSVONVONFXDXUUUAUSBXX@0	28	14,3 14,3	75	0	keep
F1	TTTFFFZWOEINSVONVONFXDXUUUXAUSBXX@0	28	14,4 14,2	329	0	keep
F1	TTTFFFZWOZWOVVVFXDXUUUAUSBXX@0	24	12,4 12,3	1286	13	keep
F1	TTTFFFZWOZWOVVVFXDXUUUXAUSBXX@0	25	13,4 12,3	119	2	keep
F2	FXDXUUUAUSBVONVONTTTFFFEINSACHTXX@0	28	14,5 14,2	3	0	prune:prefix-run
F2	FXDXUUUAUSBVONVONTTTFFFEINSACHTX@0	28	14,5 14,2	3	0	keep
F2	FXDXUUUAUSBVONVONTTTFFFEINSNEUNXX@0	28	14,4 14,4	5	0	prune:prefix-run
F2	FXDXUUUAUSBVONVONTTTFFFEINSNEUNX@0	28	14,4 14,4	5	0	keep
F2	FXDXUUUAUSBVONVONTTTFFFZWOVIERXX@0	28	14,3 14,3	58	0	prune:prefix-run
F2	FXDXUUUAUSBVONVONTTTFFFZWOVIERX@0	27	14,2 13,4	469	0	keep
F2	FXDXUUUAUSBVONVONTTTFFFEINSSIEBENXX@0	30	15,5 15,4	1	0	prune:prefix-run
F2	FXDXUUUAUSBVONVONTTTFFFEINSSIEBENX@0	29	15,5 14,3	0	0	keep
F2	FXDXUUUAUSBVONVONTTTFFFEINSSIBENXX@0	29	15,4 14,4	184	0	prune:prefix-run
F2	FXDXUUUAUSBVONVONTTTFFFEINSSIBENX@0	28	14,4 14,3	73	0	keep
F2	FXDXUUUAUSBVONVONFUENFXUUUFLOTTXX@0	28	14,4 14,3	2	0	prune:prefix-run
F2	FXDXUUUAUSBVONVONFUENFXUUUFLOTTX@0	28	14,4 14,3	2	0	keep
F2	FXDXUUUAUSBVVVTTTFFFEINSACHTXX@0	26	13,4 13,2	705878	1406	drop:flood
F2	FXDXUUUAUSBVVVTTTFFFEINSACHTX@0	25	13,3 12,2	705955	2150	drop:flood
F2	FXDXUUUAUSBVVVTTTFFFEINSNEUNXX@0	26	13,2 13,4	329	0	prune:prefix-run
F2	FXDXUUUAUSBVVVTTTFFFEINSNEUNX@0	25	13,3 12,3	1669	4	keep
F2	FXDXUUUAUSBVVVTTTFFFZWOVIRXX@0	24	12,4 12,2	9225	116	keep
F2	FXDXUUUAUSBVVVTTTFFFZWOVIRX@0	23	12,3 11,2	413750	1471	drop:flood
F2	FXDXUUUAUSBVVVTTTFFFEINSSIEBENXX@0	28	14,3 14,3	65	0	prune:prefix-run
F2	FXDXUUUAUSBVVVTTTFFFEINSSIEBENX@0	27	14,3 13,4	31	0	keep
F2	FXDXUUUAUSBVVVTTTFFFEINSSIBENXX@0	27	14,3 13,3	166	0	prune:prefix-run
F2	FXDXUUUAUSBVVVTTTFFFEINSSIBENX@0	26	13,3 13,2	8934	4	keep
F2	FXDXUUUAUSBVVVFUENFUUUFLOTTXX@0	25	13,3 12,3	738	0	prune:prefix-run
F2	FXDXUUUAUSBVVVFUENFUUUFLOTTX@0	24	12,2 12,3	3016	0	keep
F2	FXDXUUUAUSBVVVFUNFXUUUFLOTTXX@0	25	13,4 12,2	30562	32	drop:flood
F2	FXDXUUUAUSBVVVFUNFXUUUFLOTTX@0	24	12,3 12,2	3248	1	keep
F2	FXDXUUUAUSBVVVZWOFUENFXUUUFLOTTXX@0	28	14,4 14,3	2	0	prune:prefix-run
F2	FXDXUUUAUSBVVVZWOFUENFXUUUFLOTTX@0	28	14,4 14,3	2	0	keep
F2	FXDXUUUAUSBVVVZWOSECHSXUUUFLOTTXX@0	28	14,3 14,3	1270	0	prune:prefix-run
F2	FXDXUUUAUSBVVVZWOSECHSXUUUFLOTTX@0	28	14,3 14,3	1270	0	keep
F2	FXDXUUUAUSBVVVVIERXUUUFLOTTXX@0	25	13,4 12,3	1567	4	prune:prefix-run
F2	FXDXUUUAUSBVVVVIERXUUUFLOTTX@0	24	12,4 12,2	10609	13	keep
F2	FXDXUUUAUSBVVVVIRUUUFLOTTXX@0	23	12,4 11,1	229108	4106	drop:flood
F2	FXDXUUUAUSBVVVVIRUUUFLOTTX@0	22	11,2 11,2	126597	209	drop:flood
F2	FXDXUUUXAUSBVONVONTTTFFFEINSNEUNXX@0	29	15,4 14,5	7	0	prune:prefix-run
F2	FXDXUUUXAUSBVONVONTTTFFFEINSNEUNX@0	28	14,3 14,5	325	1	keep
F2	FXDXUUUXAUSBVONVONTTTFFFZWOVIRXX@0	28	14,3 14,3	9213	10	prune:prefix-run
F2	FXDXUUUXAUSBVONVONTTTFFFZWOVIRX@0	27	14,3 13,4	163	1	keep
F2	FXDXUUUXAUSBVONVONTTTFFFEINSSIEBENXX@0	31	16,4 15,4	2	0	prune:prefix-run
F2	FXDXUUUXAUSBVONVONTTTFFFEINSSIEBENX@0	30	15,4 15,3	11	0	keep
F2	FXDXUUUXAUSBVONVONTTTFFFEINSSIBENXX@0	30	15,4 15,4	50	0	keep
F2	FXDXUUUXAUSBVONVONTTTFFFEINSSIBENX@0	29	15,6 14,2	31072	46	drop:flood
F2	FXDXUUUXAUSBVONVONFUENFUUUFLOTTXX@0	28	14,3 14,3	1227	0	prune:prefix-run
F2	FXDXUUUXAUSBVONVONFUENFUUUFLOTTX@0	28	14,3 14,3	1227	0	keep
F2	FXDXUUUXAUSBVONVONFUNFXUUUFLOTTXX@0	28	14,3 14,4	8300	4	prune:prefix-run
F2	FXDXUUUXAUSBVONVONFUNFXUUUFLOTTX@0	28	14,3 14,4	8300	4	keep
F2	FXDXUUUXAUSBVONVONVIERXUUUFLOTTXX@0	28	14,3 14,3	1535	3	prune:prefix-run
F2	FXDXUUUXAUSBVONVONVIERXUUUFLOTTX@0	28	14,3 14,3	1535	3	keep
F2	FXDXUUUXAUSBVVVTTTFFFEINSACHTXX@0	27	14,4 13,3	380	0	prune:prefix-run
F2	FXDXUUUXAUSBVVVTTTFFFEINSACHTX@0	26	13,3 13,3	1635	2	keep
F2	FXDXUUUXAUSBVVVTTTFFFEINSNEUNXX@0	27	14,5 13,3	84	0	prune:prefix-run
F2	FXDXUUUXAUSBVVVTTTFFFEINSNEUNX@0	26	13,3 13,3	4082	10	keep
F2	FXDXUUUXAUSBVVVTTTFFFEINSSIEBENXX@0	28	14,3 14,3	4409	3	prune:prefix-run
F2	FXDXUUUXAUSBVVVTTTFFFEINSSIEBENX@0	28	14,3 14,3	4409	3	keep
F2	FXDXUUUXAUSBVVVTTTFFFEINSSIBENXX@0	28	14,3 14,4	9179	21	prune:prefix-run
F2	FXDXUUUXAUSBVVVTTTFFFEINSSIBENX@0	27	14,3 13,3	89	0	keep
F2	FXDXUUUXAUSBVVVFUNFUUUFLOTTXX@0	25	13,5 12,1	8520029	2405	drop:flood
F2	FXDXUUUXAUSBVVVFUNFUUUFLOTTX@0	24	12,2 12,3	48864	87	drop:flood
F2	FXDXUUUXAUSBVVVZWOFUENFUUUFLOTTXX@0	28	14,3 14,3	82	0	prune:prefix-run
F2	FXDXUUUXAUSBVVVZWOFUENFUUUFLOTTX@0	28	14,3 14,3	82	0	keep
F2	FXDXUUUXAUSBVVVZWOFUNFXUUUFLOTTXX@0	28	14,4 14,3	3567	0	prune:prefix-run
F2	FXDXUUUXAUSBVVVZWOFUNFXUUUFLOTTX@0	28	14,4 14,3	3567	0	keep
F2	FXDXUUUXAUSBVVVZWOSECHSUUUFLOTTXX@0	28	14,3 14,3	1404	0	prune:prefix-run
F2	FXDXUUUXAUSBVVVZWOSECHSUUUFLOTTX@0	28	14,3 14,3	1404	0	keep
F2	FXDXUUUXAUSBVVVVIERUUUFLOTTXX@0	25	13,4 12,2	9198	3	keep
F2	FXDXUUUXAUSBVVVVIERUUUFLOTTX@0	24	12,3 12,2	435148	1178	drop:flood
F2	FXDXUUUXAUSBVVVVIRXUUUFLOTTXX@0	25	13,4 12,2	31254	6	drop:flood
F2	FXDXUUUXAUSBVVVVIRXUUUFLOTTX@0	24	12,2 12,3	3417	15	keep
F3	FUENFXUUUFLOTTXVONVONFXDXUUUAUSBXX@0	29	15,4 14,5	0	0	keep
F3	FUENFXUUUFLOTTXVONVONFXDXUUUXAUSBXX@0	30	15,5 15,5	0	0	keep
F3	FUENFXUUUFLOTTVONVONFXDXUUUAUSBXX@0	28	14,4 14,4	14	1	keep
F3	FUENFXUUUFLOTTVONVONFXDXUUUXAUSBXX@0	29	15,5 14,4	17	0	keep
F3	FUENFUUUFLOTTVONVONFXDXUUUAUSBXX@0	28	14,1 14,5	8206	0	keep
F3	FUENFUUUFLOTTVONVONFXDXUUUXAUSBXX@0	28	14,4 14,3	375	0	keep
F3	FUNFXUUUFLOTTVONVONFXDXUUUAUSBXX@0	28	14,4 14,3	393	0	keep
F3	FUNFXUUUFLOTTVONVONFXDXUUUXAUSBXX@0	28	14,3 14,3	88	0	keep
F3	FUNFUUUFLOTTXVONVONFXDXUUUAUSBXX@0	28	14,4 14,2	55	0	keep
F3	FUNFUUUFLOTTXVONVONFXDXUUUXAUSBXX@0	28	14,3 14,3	1226	0	keep
F3	FUNFUUUFLOTTVVVFXDXUUUAUSBXX@0	24	12,3 12,2	10033	19	keep
F3	FUNFUUUFLOTTVVVFXDXUUUXAUSBXX@0	25	13,2 12,3	8788	56	keep
F3	ZWOFUENFXUUUFLOTTXVVVFXDXUUUAUSBXX@0	29	15,2 14,5	1916	0	keep
F3	ZWOFUENFXUUUFLOTTXVVVFXDXUUUXAUSBXX@0	30	15,5 15,5	1	0	keep
F3	ZWOFUENFXUUUFLOTTVONVONFXDXUUUAUSBXX@0	31	16,6 15,4	6	0	keep
F3	ZWOFUENFXUUUFLOTTVONVONFXDXUUUXAUSBXX@0	32	16,6 16,5	0	0	keep
F3	ZWOFUENFXUUUFLOTTVVVFXDXUUUAUSBXX@0	28	14,3 14,3	1536	0	keep
F3	ZWOFUENFXUUUFLOTTVVVFXDXUUUXAUSBXX@0	29	15,4 14,4	45	0	keep
F3	ZWOFUENFUUUFLOTTXVONVONFXDXUUUAUSBXX@0	31	16,5 15,5	2	0	keep
F3	ZWOFUENFUUUFLOTTXVONVONFXDXUUUXAUSBXX@0	32	16,5 16,5	0	0	keep
F3	ZWOFUENFUUUFLOTTXVVVFXDXUUUAUSBXX@0	28	14,3 14,3	479	0	keep
F3	ZWOFUENFUUUFLOTTXVVVFXDXUUUXAUSBXX@0	29	15,4 14,4	70	0	keep
F3	ZWOFUENFUUUFLOTTVONVONFXDXUUUAUSBXX@0	30	15,4 15,4	4	0	keep
F3	ZWOFUENFUUUFLOTTVONVONFXDXUUUXAUSBXX@0	31	16,4 15,5	0	0	keep
F3	ZWOFUENFUUUFLOTTVVVFXDXUUUAUSBXX@0	28	14,3 14,3	9201	1	keep
F3	ZWOFUENFUUUFLOTTVVVFXDXUUUXAUSBXX@0	28	14,4 14,3	25884	19	drop:flood
F3	ZWOFUNFXUUUFLOTTXVONVONFXDXUUUAUSBXX@0	31	16,5 15,5	0	0	keep
F3	ZWOFUNFXUUUFLOTTXVONVONFXDXUUUXAUSBXX@0	32	16,6 16,5	0	0	keep
F3	ZWOFUNFXUUUFLOTTXVVVFXDXUUUAUSBXX@0	28	14,3 14,4	359	0	keep
F3	ZWOFUNFXUUUFLOTTXVVVFXDXUUUXAUSBXX@0	29	15,5 14,4	0	0	keep
F3	ZWOFUNFXUUUFLOTTVONVONFXDXUUUAUSBXX@0	30	15,4 15,6	2	0	keep
F3	ZWOFUNFXUUUFLOTTVONVONFXDXUUUXAUSBXX@0	31	16,4 15,6	0	0	keep
F3	ZWOFUNFXUUUFLOTTVVVFXDXUUUAUSBXX@0	28	14,4 14,3	21	0	keep
F3	ZWOFUNFXUUUFLOTTVVVFXDXUUUXAUSBXX@0	28	14,5 14,3	3628	5	keep
F3	ZWOFUNFUUUFLOTTXVONVONFXDXUUUAUSBXX@0	30	15,4 15,5	10	0	keep
F3	ZWOFUNFUUUFLOTTXVONVONFXDXUUUXAUSBXX@0	31	16,4 15,4	0	0	keep
F3	ZWOFUNFUUUFLOTTXVVVFXDXUUUAUSBXX@0	28	14,3 14,3	24	0	keep
F3	ZWOFUNFUUUFLOTTXVVVFXDXUUUXAUSBXX@0	28	14,3 14,3	369	0	keep
F3	ZWOFUNFUUUFLOTTVONVONFXDXUUUAUSBXX@0	29	15,4 14,4	4	0	keep
F3	ZWOFUNFUUUFLOTTVONVONFXDXUUUXAUSBXX@0	30	15,4 15,4	0	0	keep
F3	VIERXUUUFLOTTVONVONFXDXUUUAUSBXX@0	28	14,3 14,3	16	0	keep
F3	VIERXUUUFLOTTVONVONFXDXUUUXAUSBXX@0	28	14,3 14,3	163	0	keep
F3	VIERUUUFLOTTXVONVONFXDXUUUAUSBXX@0	28	14,3 14,4	9	0	keep
F3	VIERUUUFLOTTXVONVONFXDXUUUXAUSBXX@0	28	14,3 14,4	74	0	keep
F3	VIERUUUFLOTTVVVFXDXUUUAUSBXX@0	24	12,3 12,3	3661	17	keep
F3	VIERUUUFLOTTVVVFXDXUUUXAUSBXX@0	25	13,4 12,2	207303	475	drop:flood
F3	CHEFFUENFXUUUFLOTTVVVFXDXUUUAUSBXX@0	29	15,4 14,5	35	0	keep
F3	CHEFFUENFXUUUFLOTTVVVFXDXUUUXAUSBXX@0	30	15,5 15,5	1	0	keep
F3	CHEFFUENFUUUFLOTTXVVVFXDXUUUAUSBXX@0	29	15,6 14,4	2	0	keep
F3	CHEFFUENFUUUFLOTTXVVVFXDXUUUXAUSBXX@0	30	15,4 15,6	61	0	keep
F3	CHEFFUENFUUUFLOTTVONVONFXDXUUUAUSBXX@0	31	16,5 15,5	0	0	keep
F3	CHEFFUENFUUUFLOTTVONVONFXDXUUUXAUSBXX@0	32	16,6 16,5	0	0	keep
F3	CHEFFUENFUUUFLOTTVVVFXDXUUUAUSBXX@0	28	14,2 14,5	92102	171	drop:flood
F3	CHEFFUENFUUUFLOTTVVVFXDXUUUXAUSBXX@0	29	15,5 14,4	115	0	keep
F3	CHEFFUNFXUUUFLOTTXVVVFXDXUUUAUSBXX@0	29	15,4 14,4	80	0	keep
F3	CHEFFUNFXUUUFLOTTXVVVFXDXUUUXAUSBXX@0	30	15,5 15,4	2	0	keep
F3	CHEFFUNFXUUUFLOTTVONVONFXDXUUUAUSBXX@0	31	16,5 15,5	0	0	keep
F3	CHEFFUNFXUUUFLOTTVONVONFXDXUUUXAUSBXX@0	32	16,6 16,5	0	0	keep
F3	CHEFFUNFXUUUFLOTTVVVFXDXUUUAUSBXX@0	28	14,3 14,3	7944	9	keep
F3	CHEFFUNFXUUUFLOTTVVVFXDXUUUXAUSBXX@0	29	15,3 14,6	330	0	keep
F3	CHEFFUNFUUUFLOTTXVONVONFXDXUUUAUSBXX@0	31	16,5 15,5	0	0	keep
F3	CHEFFUNFUUUFLOTTXVONVONFXDXUUUXAUSBXX@0	32	16,5 16,5	0	0	keep
F3	CHEFFUNFUUUFLOTTXVVVFXDXUUUAUSBXX@0	28	14,4 14,4	132	0	keep
F3	CHEFFUNFUUUFLOTTXVVVFXDXUUUXAUSBXX@0	29	15,5 14,4	14	0	keep
F3	CHEFFUNFUUUFLOTTVONVONFXDXUUUAUSBXX@0	30	15,5 15,5	0	0	keep
F3	CHEFFUNFUUUFLOTTVONVONFXDXUUUXAUSBXX@0	31	16,4 15,5	0	0	keep
F3	CHEFFUNFUUUFLOTTVVVFXDXUUUAUSBXX@0	28	14,4 14,3	23	0	keep
F3	CHEFFUNFUUUFLOTTVVVFXDXUUUXAUSBXX@0	28	14,3 14,5	125	0	keep
F4	ANALLEVONVONFUENFUUUFLOTTXX@0	23	12,2 11,2	32257	353	drop:flood
F4	ANALLEVONVONFUENFUUUFLOTTX@0	22	11,3 11,1	2155687	18530	drop:flood
F4	ANALLEVONVONFUNFXUUUFLOTTXX@0	23	12,2 11,2	222721	1870	drop:flood
F4	ANALLEVONVONFUNFXUUUFLOTTX@0	22	11,1 11,3	11145242	169131	drop:flood
F4	ANALLEVONVONFUNFUUUFLOTTXX@0	22	11,2 11,2	64611	1356	drop:flood
F4	ANALLEVONVONFUNFUUUFLOTTX@0	22	11,2 11,2	64611	1356	drop:flood
F4	ANALLEVONVONZEHNXSIDIXX@0	20	10,2 10,0	29703170	325718	drop:flood
F4	ANALLEVONVONZEHNXSIDIX@0	19	10,2 9,0	29543740	615660	drop:weak-blocks
F4	ANALLEVONVONZEHNXSIDIXXX@0	21	11,2 10,0	29703194	506519	drop:flood
F4	ANALLEVVVFUENFXUUUFLOTTXX@0	22	11,3 11,1	219915	4635	drop:flood
F4	ANALLEVVVFUENFXUUUFLOTTX@0	21	11,2 10,2	102300	2417	drop:flood
F4	ANALLEVVVFUENFUUUFLOTTXX@0	21	11,1 10,2	4352789	67343	drop:flood
F4	ANALLEVVVFUENFUUUFLOTTX@0	20	10,2 10,1	7161906	370907	drop:flood
F4	ANALLEVVVFUNFUUUFLOTTXX@0	20	10,1 10,2	808329	15637	drop:flood
F4	ANALLEVVVFUNFUUUFLOTTX@0	19	10,1 9,1	8819748	415820	drop:weak-blocks
F4	ANALLEVVVFXDXUUUAUSBXX@0	19	10,2 9,0	29545903	585653	drop:weak-blocks
F4	ANALLEVVVFXDXUUUAUSBX@0	18	9,0 9,1	15912960	245840	drop:weak-blocks
F4	ANALLEVVVFXDXUUUOSTXX@0	18	9,1 9,1	13979252	1021524	drop:weak-blocks
F4	ANALLEVVVFXDXUUUOSTX@0	18	9,1 9,1	13979252	1021524	drop:weak-blocks
F4	ANALLEVVVKOMXADMXUUUBOOTEXX@0	23	12,3 11,3	333	9	keep
F4	ANALLEVVVKOMXADMXUUUBOOTEX@0	22	11,2 11,3	97925	2658	drop:flood
F4	ANALLEVVVFUNKLEITUNGXX@0	19	10,2 9,0	25961978	864841	drop:weak-blocks
F4	ANALLEVVVFUNKLEITUNGX@0	18	9,1 9,0	29703311	2197324	drop:weak-blocks
F4	ALLEVONVONFUNFXUUUFLOTTXX@0	22	11,2 11,2	63475	877	drop:flood
F4	ALLEVONVONFUNFXUUUFLOTTX@0	21	11,2 10,2	40928	980	drop:flood
F4	ALLEVONVONFUNFUUUFLOTTXX@0	21	11,3 10,2	93183	1878	drop:flood
F4	ALLEVONVONFUNFUUUFLOTTX@0	20	10,3 10,2	34876	3681	drop:flood
F4	ALLEVONVONZEHNXSIDIXX@0	18	9,2 9,0	29703216	1270258	drop:weak-blocks
F4	ALLEVONVONZEHNXSIDIX@0	18	9,2 9,0	29703216	1270258	drop:weak-blocks
F4	ALLEVONVONZEHNXSIDIXXX@0	19	10,0 9,2	29703067	362947	drop:weak-blocks
F4	ALLEVONVONFUNKLEITUNGXX@0	20	10,1 10,1	2386003	11973	drop:flood
F4	ALLEVONVONFUNKLEITUNGX@0	19	10,2 9,0	29703440	880867	drop:weak-blocks
F4	ALLEVVVFUENFXUUUFLOTTXX@0	20	10,3 10,2	94335	2526	drop:flood
F4	ALLEVVVFUENFXUUUFLOTTX@0	19	10,1 9,3	8557941	473161	drop:weak-blocks
F4	ALLEVVVFUENFUUUFLOTTXX@0	19	10,1 9,2	12773944	243298	drop:weak-blocks
F4	ALLEVVVFUENFUUUFLOTTX@0	18	9,1 9,1	20103213	1104288	drop:weak-blocks
F4	ALLEVVVFUNFXUUUFLOTTXX@0	19	10,2 9,1	16155270	528737	drop:weak-blocks
F4	ALLEVVVFUNFXUUUFLOTTX@0	18	9,2 9,1	2541843	222668	drop:weak-blocks
F4	ALLEVVVFUNFUUUFLOTTXX@0	18	9,2 9,2	612140	126548	drop:weak-blocks
F4	ALLEVVVFUNFUUUFLOTTX@0	18	9,2 9,2	612140	126548	drop:weak-blocks
F4	ALLEVVVFXDXUUUAUSBXX@0	18	9,1 9,3	4838697	335428	drop:weak-blocks
F4	ALLEVVVFXDXUUUAUSBX@0	17	9,1 8,2	2546875	299815	drop:weak-blocks
F4	ALLEVVVFXDXUUUXAUSBXX@0	18	9,1 9,3	4802746	588181	drop:weak-blocks
F4	ALLEVVVFXDXUUUXAUSBX@0	18	9,1 9,3	4802746	588181	drop:weak-blocks
F4	ALLEVVVZEHNXSIDIXX@0	16	8,1 8,2	16534515	4315101	drop:weak-blocks
F4	ALLEVVVZEHNXSIDIX@0	15	8,2 7,1	16534515	5618333	drop:weak-blocks
F4	ALLEVVVZEHNXSIDIXXX@0	17	9,2 8,2	898403	308330	drop:weak-blocks
F4	ALLEVVVFXDXUUUOSTXX@0	17	9,1 8,2	2547844	347243	drop:weak-blocks
F4	ALLEVVVFXDXUUUOSTX@0	16	8,1 8,1	17660500	4392906	drop:weak-blocks
F4	ALLEVVVKOMXADMXUUUBOOTEXX@0	22	11,3 11,2	34834	1177	drop:flood
F4	ALLEVVVKOMXADMXUUUBOOTEX@0	21	11,2 10,3	5536	411	keep
F4	ANALLEUUUBOOTEVONVONFUENFXUUUFLOTTXX@0	31	16,5 15,5	0	0	prune:prefix-run
F4	ANALLEUUUBOOTEVONVONFUENFXUUUFLOTTX@0	30	15,5 15,4	0	0	keep
F4	ANALLEUUUBOOTEVONVONFUENFUUUFLOTTXX@0	30	15,5 15,4	2	0	prune:prefix-run
F4	ANALLEUUUBOOTEVONVONFUENFUUUFLOTTX@0	29	15,3 14,4	11	0	keep
F4	ANALLEUUUBOOTEVONVONFUNFXUUUFLOTTXX@0	30	15,4 15,4	1	0	prune:prefix-run
F4	ANALLEUUUBOOTEVONVONFUNFXUUUFLOTTX@0	29	15,3 14,4	5	0	keep
F4	ANALLEUUUBOOTEVONVONFXDXUUUAUSBXX@0	28	14,3 14,3	18	0	prune:prefix-run
F4	ANALLEUUUBOOTEVONVONFXDXUUUAUSBX@0	28	14,3 14,3	18	0	keep
F4	ANALLEUUUBOOTEVONVONFXDXUUUXAUSBXX@0	29	15,5 14,3	337	0	prune:prefix-run
F4	ANALLEUUUBOOTEVONVONFXDXUUUXAUSBX@0	28	14,5 14,2	2120	1	keep
F4	ANALLEUUUBOOTEVONVONZEHNXSIDIXX@0	27	14,2 13,2	82	0	keep
F4	ANALLEUUUBOOTEVONVONZEHNXSIDIX@0	26	13,2 13,3	31851	121	drop:flood
F4	ANALLEUUUBOOTEVONVONZEHNXSIDIXXX@0	28	14,3 14,3	411	0	prune:prefix-run
F4	ANALLEUUUBOOTEVONVONFXDXUUUOSTXX@0	28	14,5 14,2	2109	7	prune:prefix-run
F4	ANALLEUUUBOOTEVONVONFXDXUUUOSTX@0	27	14,3 13,3	106	0	keep
F4	ANALLEUUUBOOTEVONVONKOMXADMXUUUBOOTEXX@0	33	17,6 16,4	17	0	prune:prefix-run
F4	ANALLEUUUBOOTEVONVONKOMXADMXUUUBOOTEX@0	32	16,5 16,4	0	0	keep
F4	ANALLEUUUBOOTEVONVONFUNKLEITUNGXX@0	28	14,4 14,3	3597	2	prune:prefix-run
F4	ANALLEUUUBOOTEVONVONFUNKLEITUNGX@0	28	14,4 14,3	3597	2	keep
F4	ANALLEUUUBOOTEVVVFUENFXUUUFLOTTXX@0	28	14,5 14,3	77	1	prune:prefix-run
F4	ANALLEUUUBOOTEVVVFUENFXUUUFLOTTX@0	28	14,5 14,3	77	1	keep
F4	ANALLEUUUBOOTEVVVKOMXADMXUUUBOOTEXX@0	30	15,3 15,3	1	0	prune:prefix-run
F4	ANALLEUUUBOOTEVVVKOMXADMXUUUBOOTEX@0	29	15,3 14,3	10	0	keep
F4	ANALLEUUUBOOTEVVVFUNKLEITUNGXX@0	26	13,4 13,1	4503622	21822	drop:flood
F4	ANALLEUUUBOOTEVVVFUNKLEITUNGX@0	25	13,3 12,2	31195	111	drop:flood
F4	ALLEUUUBOOTEVONVONFUENFUUUFLOTTXX@0	28	14,4 14,4	5	0	prune:prefix-run
F4	ALLEUUUBOOTEVONVONFUENFUUUFLOTTX@0	28	14,4 14,4	5	0	keep
F4	ALLEUUUBOOTEVONVONFUNFXUUUFLOTTXX@0	28	14,4 14,4	3	0	prune:prefix-run
F4	ALLEUUUBOOTEVONVONFUNFXUUUFLOTTX@0	28	14,4 14,4	3	0	keep
F4	ALLEUUUBOOTEVONVONKOMXADMXUUUBOOTEXX@0	31	16,5 15,5	0	0	prune:prefix-run
F4	ALLEUUUBOOTEVONVONKOMXADMXUUUBOOTEX@0	30	15,6 15,4	3	0	keep
F4	ALLEUUUBOOTEVONVONFUNKLEITUNGXX@0	27	14,4 13,2	422	0	prune:prefix-run
F4	ALLEUUUBOOTEVONVONFUNKLEITUNGX@0	26	13,3 13,2	55	0	keep
F4	ALLEUUUBOOTEVVVFUNFUUUFLOTTXX@0	25	13,3 12,3	716	0	prune:prefix-run
F4	ALLEUUUBOOTEVVVFUNFUUUFLOTTX@0	24	12,3 12,3	1686	12	keep
F4	ALLEUUUBOOTEVVVFXDXUUUAUSBXX@0	24	12,3 12,3	8993	96	keep
F4	ALLEUUUBOOTEVVVFXDXUUUAUSBX@0	23	12,3 11,2	642693	3858	drop:flood
F4	ALLEUUUBOOTEVVVFXDXUUUXAUSBXX@0	25	13,4 12,2	371	0	prune:prefix-run
F4	ALLEUUUBOOTEVVVFXDXUUUXAUSBX@0	24	12,4 12,2	9180	36	keep
F4	ALLEUUUBOOTEVVVZEHNXSIDIXX@0	22	11,1 11,3	4794207	127958	drop:flood
F4	ALLEUUUBOOTEVVVZEHNXSIDIX@0	22	11,1 11,3	4794207	127958	drop:flood
F4	ALLEUUUBOOTEVVVZEHNXSIDIXXX@0	23	12,1 11,2	2186805	11321	drop:flood
F4	ALLEUUUBOOTEVVVFXDXUUUOSTXX@0	23	12,2 11,3	212087	1472	drop:flood
F4	ALLEUUUBOOTEVVVFXDXUUUOSTX@0	22	11,2 11,3	17556	213	drop:flood
F4	ALLEUUUBOOTEVVVFUNKLEITUNGXX@0	24	12,2 12,3	12838	191	keep
F4	ALLEUUUBOOTEVVVFUNKLEITUNGX@0	23	12,3 11,1	11086493	47039	drop:flood
F4	ALLEBOOTEVONVONFUNFUUUFLOTTXX@0	25	13,4 12,2	2030	1	prune:prefix-run
F4	ALLEBOOTEVONVONFUNFUUUFLOTTX@0	24	12,3 12,2	9041	10	keep
F4	ALLEBOOTEVONVONFXDXUUUAUSBXX@0	24	12,1 12,4	221735	1592	drop:flood
F4	ALLEBOOTEVONVONFXDXUUUAUSBX@0	23	12,1 11,4	12254193	1565365	drop:flood
F4	ALLEBOOTEVONVONFXDXUUUXAUSBXX@0	25	13,3 12,2	9173	19	keep
F4	ALLEBOOTEVONVONFXDXUUUXAUSBX@0	24	12,4 12,1	12254173	1385526	drop:flood
F4	ALLEBOOTEVONVONZEHNXSIDIXX@0	22	11,3 11,1	9646498	441267	drop:flood
F4	ALLEBOOTEVONVONZEHNXSIDIX@0	22	11,3 11,1	9646498	441267	drop:flood
F4	ALLEBOOTEVONVONZEHNXSIDIXXX@0	23	12,3 11,1	12254820	515757	drop:flood
F4	ALLEBOOTEVONVONFXDXUUUOSTXX@0	23	12,4 11,1	12254172	1659031	drop:flood
F4	ALLEBOOTEVONVONFXDXUUUOSTX@0	22	11,1 11,4	12254315	2041352	drop:flood
F4	ALLEBOOTEVONVONFUNKLEITUNGXX@0	24	12,2 12,2	9266	82	keep
F4	ALLEBOOTEVONVONFUNKLEITUNGX@0	23	12,2 11,2	62770	582	drop:flood
F4	ALLEBOOTEVVVFUENFUUUFLOTTXX@0	23	12,2 11,2	223864	2686	drop:flood
F4	ALLEBOOTEVVVFUENFUUUFLOTTX@0	22	11,3 11,1	9304251	169106	drop:flood
F4	ALLEBOOTEVVVFUNFXUUUFLOTTXX@0	23	12,2 11,2	419484	4391	drop:flood
F4	ALLEBOOTEVVVFUNFXUUUFLOTTX@0	22	11,3 11,1	11696	247	keep
F4	ALLEBOOTEVVVFUNFUUUFLOTTXX@0	22	11,3 11,2	210192	3754	drop:flood
F4	ALLEBOOTEVVVFUNFUUUFLOTTX@0	22	11,3 11,2	210192	3754	drop:flood
F4	ALLEBOOTEVVVZEHNXSIDIXX@0	20	10,0 10,2	29544968	1030116	drop:flood
F4	ALLEBOOTEVVVZEHNXSIDIX@0	19	10,2 9,0	15079619	259856	drop:weak-blocks
F4	ALLEBOOTEVVVZEHNXSIDIXXX@0	21	11,2 10,1	1405738	44626	drop:flood
F4	ANALLEBOOTEVONVONFUENFXUUUFLOTTXX@0	28	14,4 14,2	38	0	prune:prefix-run
F4	ANALLEBOOTEVONVONFUENFXUUUFLOTTX@0	28	14,4 14,2	38	0	keep
F4	ANALLEBOOTEVONVONKOMXADMXUUUBOOTEXX@0	30	15,3 15,4	1	0	prune:prefix-run
F4	ANALLEBOOTEVONVONKOMXADMXUUUBOOTEX@0	29	15,3 14,3	344	0	keep
F4	ANALLEBOOTEVONVONFUNKLEITUNGXX@0	26	13,1 13,4	11129228	41296	drop:flood
F4	ANALLEBOOTEVONVONFUNKLEITUNGX@0	25	13,2 12,2	92881	401	drop:flood
F4	ANALLEBOOTEVVVFUENFUUUFLOTTXX@0	25	13,2 12,2	8843	9	prune:prefix-run
F4	ANALLEBOOTEVVVFUENFUUUFLOTTX@0	24	12,3 12,2	3261	8	keep
F4	ANALLEBOOTEVVVFUNFXUUUFLOTTXX@0	25	13,2 12,3	1492	0	prune:prefix-run
F4	ANALLEBOOTEVVVFUNFXUUUFLOTTX@0	24	12,2 12,3	12387	145	keep
F4	ANALLEBOOTEVVVFXDXUUUXAUSBXX@0	24	12,2 12,3	3324	19	keep
F4	ANALLEBOOTEVVVFXDXUUUXAUSBX@0	23	12,2 11,2	39680	305	drop:flood
F4	ANALLEBOOTEVVVFXDXUUUOSTXX@0	22	11,2 11,1	52530	628	drop:flood
F4	ANALLEBOOTEVVVFXDXUUUOSTX@0	22	11,2 11,1	52530	628	drop:flood
F5	ZWOFUENFXUUUFLOTTVONVONFUNFXUUUFLOTTXX@0	33	17,6 16,6	0	0	prune:prefix-run
F5	ZWOFUENFXUUUFLOTTVONVONFUNFXUUUFLOTTX@0	32	16,5 16,6	0	0	keep
F5	ZWOFUENFXUUUFLOTTVONVONFUNFUUUFLOTTXX@0	32	16,4 16,7	0	0	prune:prefix-run
F5	ZWOFUENFXUUUFLOTTVONVONFUNFUUUFLOTTX@0	31	16,5 15,5	0	0	keep
F5	ZWOFUENFXUUUFLOTTVVVFUENFXUUUFLOTTXX@0	31	16,5 15,6	0	0	prune:prefix-run
F5	ZWOFUENFXUUUFLOTTVVVFUENFXUUUFLOTTX@0	30	15,4 15,5	0	0	keep
F5	ZWOFUENFXUUUFLOTTVVVFUENFUUUFLOTTXX@0	30	15,4 15,6	0	0	prune:prefix-run
F5	ZWOFUENFXUUUFLOTTVVVFUENFUUUFLOTTX@0	29	15,5 14,4	5	0	keep
F5	ZWOFUENFXUUUFLOTTVVVFUNFXUUUFLOTTXX@0	30	15,4 15,6	0	0	prune:prefix-run
F5	ZWOFUENFXUUUFLOTTVVVFUNFXUUUFLOTTX@0	29	15,5 14,5	0	0	keep
F5	ZWOFUENFUUUFLOTTXVONVONFUNFXUUUFLOTTXX@0	33	17,7 16,6	0	0	prune:prefix-run
F5	ZWOFUENFUUUFLOTTXVONVONFUNFXUUUFLOTTX@0	32	16,6 16,6	0	0	keep
F5	ZWOFUENFUUUFLOTTXVONVONFUNFUUUFLOTTXX@0	32	16,5 16,6	0	0	prune:prefix-run
F5	ZWOFUENFUUUFLOTTXVONVONFUNFUUUFLOTTX@0	31	16,4 15,5	0	0	keep
F5	ZWOFUENFUUUFLOTTXVVVFUENFXUUUFLOTTXX@0	31	16,5 15,5	0	0	prune:prefix-run
F5	ZWOFUENFUUUFLOTTXVVVFUENFXUUUFLOTTX@0	30	15,4 15,4	9	0	keep
F5	ZWOFUENFUUUFLOTTXVVVFUENFUUUFLOTTXX@0	30	15,5 15,5	0	0	prune:prefix-run
F5	ZWOFUENFUUUFLOTTXVVVFUENFUUUFLOTTX@0	29	15,4 14,5	0	0	keep
F5	ZWOFUENFUUUFLOTTXVVVFUNFXUUUFLOTTXX@0	30	15,4 15,5	0	0	prune:prefix-run
F5	ZWOFUENFUUUFLOTTXVVVFUNFXUUUFLOTTX@0	29	15,4 14,4	0	0	keep
F5	ZWOFUENFUUUFLOTTVONVONFUENFXUUUFLOTTXX@0	33	17,5 16,6	0	0	prune:prefix-run
F5	ZWOFUENFUUUFLOTTVONVONFUENFXUUUFLOTTX@0	32	16,6 16,5	0	0	keep
F5	ZWOFUENFUUUFLOTTVONVONFUENFUUUFLOTTXX@0	32	16,6 16,6	0	0	prune:prefix-run
F5	ZWOFUENFUUUFLOTTVONVONFUENFUUUFLOTTX@0	31	16,6 15,5	0	0	keep
F5	ZWOFUENFUUUFLOTTVONVONFUNFXUUUFLOTTXX@0	32	16,6 16,6	0	0	prune:prefix-run
F5	ZWOFUENFUUUFLOTTVONVONFUNFXUUUFLOTTX@0	31	16,5 15,6	1	0	keep
F5	ZWOFUENFUUUFLOTTVONVONFUNFUUUFLOTTXX@0	31	16,5 15,6	0	0	prune:prefix-run
F5	ZWOFUENFUUUFLOTTVONVONFUNFUUUFLOTTX@0	30	15,4 15,6	0	0	keep
F5	ZWOFUENFUUUFLOTTVVVFUENFXUUUFLOTTXX@0	30	15,4 15,6	0	0	prune:prefix-run
F5	ZWOFUENFUUUFLOTTVVVFUENFXUUUFLOTTX@0	29	15,3 14,6	2	0	keep
F5	ZWOFUENFUUUFLOTTVVVFUNFUUUFLOTTXX@0	28	14,4 14,4	30	0	prune:prefix-run
F5	ZWOFUENFUUUFLOTTVVVFUNFUUUFLOTTX@0	28	14,4 14,4	30	0	keep
F5	ZWOFUNFXUUUFLOTTXVONVONFUNFXUUUFLOTTXX@0	33	17,6 16,6	0	0	prune:prefix-run
F5	ZWOFUNFXUUUFLOTTXVONVONFUNFXUUUFLOTTX@0	32	16,6 16,6	0	0	keep
F5	ZWOFUNFXUUUFLOTTXVONVONFUNFUUUFLOTTXX@0	32	16,6 16,6	0	0	prune:prefix-run
F5	ZWOFUNFXUUUFLOTTXVONVONFUNFUUUFLOTTX@0	31	16,5 15,6	0	0	keep
F5	ZWOFUNFXUUUFLOTTXVVVFUENFXUUUFLOTTXX@0	31	16,6 15,5	0	0	prune:prefix-run
F5	ZWOFUNFXUUUFLOTTXVVVFUENFXUUUFLOTTX@0	30	15,4 15,5	0	0	keep
F5	ZWOFUNFXUUUFLOTTXVVVFUENFUUUFLOTTXX@0	30	15,4 15,5	0	0	prune:prefix-run
F5	ZWOFUNFXUUUFLOTTXVVVFUENFUUUFLOTTX@0	29	15,4 14,4	3	0	keep
F5	ZWOFUNFXUUUFLOTTXVVVFUNFXUUUFLOTTXX@0	30	15,5 15,5	1	0	prune:prefix-run
F5	ZWOFUNFXUUUFLOTTXVVVFUNFXUUUFLOTTX@0	29	15,4 14,4	9	0	keep
F5	ZWOFUNFXUUUFLOTTVONVONFUENFXUUUFLOTTXX@0	33	17,6 16,6	0	0	prune:prefix-run
F5	ZWOFUNFXUUUFLOTTVONVONFUENFXUUUFLOTTX@0	32	16,6 16,5	0	0	keep
F5	ZWOFUNFXUUUFLOTTVONVONFUENFUUUFLOTTXX@0	32	16,5 16,7	0	0	prune:prefix-run
F5	ZWOFUNFXUUUFLOTTVONVONFUENFUUUFLOTTX@0	31	16,5 15,5	9	0	keep
F5	ZWOFUNFXUUUFLOTTVONVONFUNFXUUUFLOTTXX@0	32	16,6 16,6	0	0	prune:prefix-run
F5	ZWOFUNFXUUUFLOTTVONVONFUNFXUUUFLOTTX@0	31	16,5 15,5	0	0	keep
F5	ZWOFUNFXUUUFLOTTVONVONFUNFUUUFLOTTXX@0	31	16,6 15,4	28	0	prune:prefix-run
F5	ZWOFUNFXUUUFLOTTVONVONFUNFUUUFLOTTX@0	30	15,6 15,4	0	0	keep
F5	ZWOFUNFXUUUFLOTTVVVFUENFXUUUFLOTTXX@0	30	15,4 15,5	31	0	prune:prefix-run
F5	ZWOFUNFXUUUFLOTTVVVFUENFXUUUFLOTTX@0	29	15,5 14,4	0	0	keep
F5	ZWOFUNFXUUUFLOTTVVVFUNFUUUFLOTTXX@0	28	14,6 14,3	338	2	prune:prefix-run
F5	ZWOFUNFXUUUFLOTTVVVFUNFUUUFLOTTX@0	28	14,6 14,3	338	2	keep
F5	ZWOFUNFUUUFLOTTXVONVONFUENFXUUUFLOTTXX@0	33	17,6 16,6	0	0	prune:prefix-run
F5	ZWOFUNFUUUFLOTTXVONVONFUENFXUUUFLOTTX@0	32	16,6 16,6	0	0	keep
F5	ZWOFUNFUUUFLOTTXVONVONFUENFUUUFLOTTXX@0	32	16,6 16,6	0	0	prune:prefix-run
F5	ZWOFUNFUUUFLOTTXVONVONFUENFUUUFLOTTX@0	31	16,6 15,5	0	0	keep
F5	ZWOFUNFUUUFLOTTXVONVONFUNFXUUUFLOTTXX@0	32	16,7 16,5	0	0	prune:prefix-run
F5	ZWOFUNFUUUFLOTTXVONVONFUNFXUUUFLOTTX@0	31	16,5 15,5	0	0	keep
F5	ZWOFUNFUUUFLOTTXVONVONFUNFUUUFLOTTXX@0	31	16,5 15,5	0	0	prune:prefix-run
F5	ZWOFUNFUUUFLOTTXVONVONFUNFUUUFLOTTX@0	30	15,6 15,4	0	0	keep
F5	ZWOFUNFUUUFLOTTXVVVFUENFXUUUFLOTTXX@0	30	15,5 15,5	0	0	prune:prefix-run
F5	ZWOFUNFUUUFLOTTXVVVFUENFXUUUFLOTTX@0	29	15,4 14,5	0	0	keep
F5	ZWOFUNFUUUFLOTTXVVVFUNFUUUFLOTTXX@0	28	14,4 14,4	18	0	prune:prefix-run
F5	ZWOFUNFUUUFLOTTXVVVFUNFUUUFLOTTX@0	28	14,4 14,4	18	0	keep
F5	ZWOFUNFUUUFLOTTVVVFUENFUUUFLOTTXX@0	28	14,5 14,4	3	0	prune:prefix-run
F5	ZWOFUNFUUUFLOTTVVVFUENFUUUFLOTTX@0	28	14,5 14,4	3	0	keep
F5	ZWOFUNFUUUFLOTTVVVFUNFXUUUFLOTTXX@0	28	14,4 14,5	15	0	prune:prefix-run
F5	ZWOFUNFUUUFLOTTVVVFUNFXUUUFLOTTX@0	28	14,4 14,5	15	0	keep
F5	FXDXUUUAUSBXVONVONFUENFUUUFLOTTXX@0	28	14,4 14,3	90	0	prune:prefix-run
F5	FXDXUUUAUSBXVONVONFUENFUUUFLOTTX@0	28	14,4 14,3	90	0	keep
F5	FXDXUUUAUSBXVONVONFUNFXUUUFLOTTXX@0	28	14,4 14,3	14	0	prune:prefix-run
F5	FXDXUUUAUSBXVONVONFUNFXUUUFLOTTX@0	28	14,4 14,3	14	0	keep
F5	FXDXUUUAUSBXVVVFUNFUUUFLOTTXX@0	25	13,5 12,2	32072	64	drop:flood
F5	FXDXUUUAUSBXVVVFUNFUUUFLOTTX@0	24	12,3 12,2	9055	5	keep
F5	FXDXUUUXAUSBXVONVONFUENFXUUUFLOTTXX@0	30	15,3 15,5	2	0	prune:prefix-run
F5	FXDXUUUXAUSBXVONVONFUENFXUUUFLOTTX@0	29	15,4 14,3	87	0	keep
F5	FXDXUUUXAUSBXVONVONFUNFUUUFLOTTXX@0	28	14,3 14,3	1517	0	prune:prefix-run
F5	FXDXUUUXAUSBXVONVONFUNFUUUFLOTTX@0	28	14,3 14,3	1517	0	keep
F5	VIERXUUUFLOTTVONVONFUENFXUUUFLOTTXX@0	30	15,4 15,5	0	0	prune:prefix-run
F5	VIERXUUUFLOTTVONVONFUENFXUUUFLOTTX@0	29	15,4 14,4	125	0	keep
F5	VIERXUUUFLOTTVONVONFUNFUUUFLOTTXX@0	28	14,4 14,4	1	0	prune:prefix-run
F5	VIERXUUUFLOTTVONVONFUNFUUUFLOTTX@0	28	14,4 14,4	1	0	keep
F5	VIERUUUFLOTTXVONVONFUENFXUUUFLOTTXX@0	30	15,5 15,4	0	0	prune:prefix-run
F5	VIERUUUFLOTTXVONVONFUENFXUUUFLOTTX@0	29	15,4 14,4	6	0	keep
F5	VIERUUUFLOTTXVONVONFUNFUUUFLOTTXX@0	28	14,4 14,3	1	0	prune:prefix-run
F5	VIERUUUFLOTTXVONVONFUNFUUUFLOTTX@0	28	14,4 14,3	1	0	keep
F5	VIERUUUFLOTTVONVONFUENFUUUFLOTTXX@0	28	14,3 14,5	12	0	prune:prefix-run
F5	VIERUUUFLOTTVONVONFUENFUUUFLOTTX@0	28	14,3 14,5	12	0	keep
F5	VIERUUUFLOTTVONVONFUNFXUUUFLOTTXX@0	28	14,4 14,3	13	0	prune:prefix-run
F5	VIERUUUFLOTTVONVONFUNFXUUUFLOTTX@0	28	14,4 14,3	13	0	keep
F5	VIERUUUFLOTTVVVFUNFUUUFLOTTXX@0	25	13,4 12,2	90011	63	drop:flood
F5	VIERUUUFLOTTVVVFUNFUUUFLOTTX@0	24	12,3 12,2	3294	3	keep
F5	FUENFXUUUFLOTTXVVVVIERXUUUFLOTTXX@0	28	14,3 14,4	322	0	prune:prefix-run
F5	FUENFXUUUFLOTTXVVVVIERXUUUFLOTTX@0	28	14,3 14,4	322	0	keep
F5	FUENFXUUUFLOTTVONVONZWOSECHSXUUUFLOTTXX@0	34	17,5 17,6	0	0	prune:prefix-run
F5	FUENFXUUUFLOTTVONVONZWOSECHSXUUUFLOTTX@0	33	17,5 16,5	0	0	keep
F5	FUENFXUUUFLOTTVONVONZWOSECHSUUUFLOTTXX@0	33	17,5 16,5	0	0	prune:prefix-run
F5	FUENFXUUUFLOTTVONVONZWOSECHSUUUFLOTTX@0	32	16,5 16,5	0	0	keep
F5	FUENFXUUUFLOTTVONVONZWOFUNFXUUUFLOTTXX@0	33	17,6 16,5	0	0	prune:prefix-run
F5	FUENFXUUUFLOTTVONVONZWOFUNFXUUUFLOTTX@0	32	16,5 16,5	0	0	keep
F5	FUENFXUUUFLOTTVONVONZWOFUNFUUUFLOTTXX@0	32	16,5 16,6	0	0	prune:prefix-run
F5	FUENFXUUUFLOTTVONVONZWOFUNFUUUFLOTTX@0	31	16,5 15,5	0	0	keep
F5	FUENFXUUUFLOTTVONVONVIERXUUUFLOTTXX@0	30	15,6 15,3	16	0	prune:prefix-run
F5	FUENFXUUUFLOTTVONVONVIERXUUUFLOTTX@0	29	15,5 14,3	3818	3	keep
F5	FUENFXUUUFLOTTVONVONVIRUUUFLOTTXX@0	28	14,4 14,4	0	0	prune:prefix-run
F5	FUENFXUUUFLOTTVONVONVIRUUUFLOTTX@0	28	14,4 14,4	0	0	keep
F5	FUENFUUUFLOTTVONVONZWOFUENFXUUUFLOTTXX@0	33	17,6 16,7	0	0	prune:prefix-run
F5	FUENFUUUFLOTTVONVONZWOFUENFXUUUFLOTTX@0	32	16,5 16,5	0	0	keep
F5	FUENFUUUFLOTTVONVONZWOFUENFUUUFLOTTXX@0	32	16,5 16,5	0	0	prune:prefix-run
F5	FUENFUUUFLOTTVONVONZWOFUENFUUUFLOTTX@0	31	16,5 15,5	0	0	keep
F5	FUENFUUUFLOTTVONVONZWOFUNFXUUUFLOTTXX@0	32	16,5 16,6	0	0	prune:prefix-run
F5	FUENFUUUFLOTTVONVONZWOFUNFXUUUFLOTTX@0	31	16,5 15,5	0	0	keep
F5	FUENFUUUFLOTTVONVONZWOFUNFUUUFLOTTXX@0	31	16,5 15,5	0	0	prune:prefix-run
F5	FUENFUUUFLOTTVONVONZWOFUNFUUUFLOTTX@0	30	15,5 15,5	0	0	keep
F5	FUENFUUUFLOTTVONVONVIERUUUFLOTTXX@0	28	14,3 14,4	89	0	prune:prefix-run
F5	FUENFUUUFLOTTVONVONVIERUUUFLOTTX@0	28	14,3 14,4	89	0	keep
F5	FUENFUUUFLOTTVONVONVIRXUUUFLOTTXX@0	28	14,3 14,4	8	0	prune:prefix-run
F5	FUENFUUUFLOTTVONVONVIRXUUUFLOTTX@0	28	14,3 14,4	8	0	keep
F5	FUENFUUUFLOTTVVVZWOFUENFXUUUFLOTTXX@0	30	15,4 15,4	118	0	prune:prefix-run
F5	FUENFUUUFLOTTVVVZWOFUENFXUUUFLOTTX@0	29	15,4 14,4	2	0	keep
F5	FUENFUUUFLOTTVVVZWOFUNFUUUFLOTTXX@0	28	14,3 14,4	10	0	prune:prefix-run
F5	FUENFUUUFLOTTVVVZWOFUNFUUUFLOTTX@0	28	14,3 14,4	10	0	keep
F5	FUENFUUUFLOTTVVVVIRUUUFLOTTXX@0	25	13,2 12,4	1899	14	keep
F5	FUENFUUUFLOTTVVVVIRUUUFLOTTX@0	24	12,3 12,2	95209	1190	drop:flood
F5	FUNFXUUUFLOTTVONVONZWOFUENFXUUUFLOTTXX@0	33	17,6 16,6	0	0	prune:prefix-run
F5	FUNFXUUUFLOTTVONVONZWOFUENFXUUUFLOTTX@0	32	16,6 16,5	0	0	keep
F5	FUNFXUUUFLOTTVONVONZWOFUENFUUUFLOTTXX@0	32	16,5 16,6	0	0	prune:prefix-run
F5	FUNFXUUUFLOTTVONVONZWOFUENFUUUFLOTTX@0	31	16,5 15,5	0	0	keep
F5	FUNFXUUUFLOTTVONVONZWOFUNFXUUUFLOTTXX@0	32	16,6 16,5	0	0	prune:prefix-run
F5	FUNFXUUUFLOTTVONVONZWOFUNFXUUUFLOTTX@0	31	16,5 15,5	0	0	keep
F5	FUNFXUUUFLOTTVONVONZWOFUNFUUUFLOTTXX@0	31	16,5 15,6	0	0	prune:prefix-run
F5	FUNFXUUUFLOTTVONVONZWOFUNFUUUFLOTTX@0	30	15,6 15,4	0	0	keep
F5	FUNFXUUUFLOTTVONVONVIERUUUFLOTTXX@0	28	14,3 14,4	47	0	prune:prefix-run
F5	FUNFXUUUFLOTTVONVONVIERUUUFLOTTX@0	28	14,3 14,4	47	0	keep
F5	FUNFXUUUFLOTTVONVONVIRXUUUFLOTTXX@0	28	14,3 14,4	6	0	prune:prefix-run
F5	FUNFXUUUFLOTTVONVONVIRXUUUFLOTTX@0	28	14,3 14,4	6	0	keep
F5	FUNFXUUUFLOTTVVVZWOFUENFXUUUFLOTTXX@0	30	15,5 15,4	0	0	prune:prefix-run
F5	FUNFXUUUFLOTTVVVZWOFUENFXUUUFLOTTX@0	29	15,4 14,4	11	0	keep
F5	FUNFXUUUFLOTTVVVZWOFUNFUUUFLOTTXX@0	28	14,2 14,5	624005	438	drop:flood
F5	FUNFXUUUFLOTTVVVZWOFUNFUUUFLOTTX@0	28	14,2 14,5	624005	438	drop:flood
F5	FUNFXUUUFLOTTVVVVIRUUUFLOTTXX@0	25	13,5 12,1	12497461	23362	drop:flood
F5	FUNFXUUUFLOTTVVVVIRUUUFLOTTX@0	24	12,3 12,2	40354	184	drop:flood
F5	FUNFUUUFLOTTXVONVONZWOFUENFXUUUFLOTTXX@0	33	17,5 16,6	0	0	prune:prefix-run
F5	FUNFUUUFLOTTXVONVONZWOFUENFXUUUFLOTTX@0	32	16,5 16,5	0	0	keep
F5	FUNFUUUFLOTTXVONVONZWOFUENFUUUFLOTTXX@0	32	16,6 16,5	0	0	prune:prefix-run
F5	FUNFUUUFLOTTXVONVONZWOFUENFUUUFLOTTX@0	31	16,5 15,4	0	0	keep
F5	FUNFUUUFLOTTXVONVONZWOFUNFXUUUFLOTTXX@0	32	16,5 16,5	0	0	prune:prefix-run
F5	FUNFUUUFLOTTXVONVONZWOFUNFXUUUFLOTTX@0	31	16,6 15,4	0	0	keep
F5	FUNFUUUFLOTTXVONVONZWOFUNFUUUFLOTTXX@0	31	16,5 15,5	0	0	prune:prefix-run
F5	FUNFUUUFLOTTXVONVONZWOFUNFUUUFLOTTX@0	30	15,5 15,4	0	0	keep
F5	FUNFUUUFLOTTXVONVONVIERUUUFLOTTXX@0	28	14,4 14,4	2	0	prune:prefix-run
F5	FUNFUUUFLOTTXVONVONVIERUUUFLOTTX@0	28	14,4 14,4	2	0	keep
F5	FUNFUUUFLOTTXVONVONVIRXUUUFLOTTXX@0	28	14,4 14,3	9	0	prune:prefix-run
F5	FUNFUUUFLOTTXVONVONVIRXUUUFLOTTX@0	28	14,4 14,3	9	0	keep
F5	FUNFUUUFLOTTXVVVZWOFUENFXUUUFLOTTXX@0	30	15,3 15,6	51	0	prune:prefix-run
F5	FUNFUUUFLOTTXVVVZWOFUENFXUUUFLOTTX@0	29	15,4 14,4	2	0	keep
F5	FUNFUUUFLOTTXVVVZWOFUNFUUUFLOTTXX@0	28	14,3 14,4	1375	0	prune:prefix-run
F5	FUNFUUUFLOTTXVVVZWOFUNFUUUFLOTTX@0	28	14,3 14,4	1375	0	keep
F5	FUNFUUUFLOTTXVVVVIRUUUFLOTTXX@0	25	13,3 12,3	1665	26	keep
F5	FUNFUUUFLOTTXVVVVIRUUUFLOTTX@0	24	12,2 12,3	32569	109	drop:flood
F5	FUNFUUUFLOTTVONVONVIERXUUUFLOTTXX@0	28	14,4 14,3	23	0	prune:prefix-run
F5	FUNFUUUFLOTTVONVONVIERXUUUFLOTTX@0	28	14,4 14,3	23	0	keep
F5	FUNFUUUFLOTTVVVZWOSECHSUUUFLOTTXX@0	28	14,4 14,2	41	0	prune:prefix-run
F5	FUNFUUUFLOTTVVVZWOSECHSUUUFLOTTX@0	28	14,4 14,2	41	0	keep
F5	FUNFUUUFLOTTVVVZWOFUENFUUUFLOTTXX@0	28	14,4 14,3	78	0	prune:prefix-run
F5	FUNFUUUFLOTTVVVZWOFUENFUUUFLOTTX@0	28	14,4 14,3	78	0	keep
F5	FUNFUUUFLOTTVVVZWOFUNFXUUUFLOTTXX@0	28	14,4 14,3	5	0	prune:prefix-run
F5	FUNFUUUFLOTTVVVZWOFUNFXUUUFLOTTX@0	28	14,4 14,3	5	0	keep
F5	FUNFUUUFLOTTVVVVIERUUUFLOTTXX@0	25	13,3 12,3	1699	22	keep
F5	FUNFUUUFLOTTVVVVIERUUUFLOTTX@0	24	12,3 12,2	32174	124	drop:flood
F5	FUNFUUUFLOTTVVVVIRXUUUFLOTTXX@0	25	13,3 12,3	395	1	prune:prefix-run
F5	FUNFUUUFLOTTVVVVIRXUUUFLOTTX@0	24	12,3 12,2	10012	47	keep
F6	FXDXUUUAUSBVONVONUUU@0	18	9,1 9,3	12259324	3866915	drop:weak-blocks
F6	FXDXUUUAUSBVVVUUU@0	15	8,2 7,1	9940756	877747	drop:weak-blocks
F6	FXDXUUUXAUSBVONVONUUU@0	18	9,1 9,1	18327270	727083	drop:weak-blocks
F6	FXDXUUUXAUSBVVVUUU@0	16	8,0 8,2	29703070	3991782	drop:weak-blocks
F6	FUENFXUUUFLOTTVVVUUU@0	18	9,1 9,3	9872440	1588599	drop:weak-blocks
F6	FUENFUUUFLOTTVONVONUUU@0	19	10,0 9,2	25941721	885556	drop:weak-blocks
F6	FUENFUUUFLOTTVVVUUU@0	17	9,1 8,1	12685498	844973	drop:weak-blocks
F6	FUNFXUUUFLOTTVONVONUUU@0	19	10,2 9,1	617521	33092	drop:weak-blocks
F6	FUNFXUUUFLOTTVVVUUU@0	17	9,1 8,2	4417627	262240	drop:weak-blocks
F6	FUNFUUUFLOTTVONVONUUU@0	18	9,1 9,1	11991676	663511	drop:weak-blocks
F6	FUNFUUUFLOTTVVVUUU@0	16	8,0 8,1	29702885	2878912	drop:weak-blocks
F6	ZWOFUENFXUUUFLOTTVONVONUUU@0	22	11,2 11,2	32762	200	drop:flood
F6	ZWOFUENFUUUFLOTTVVVUUU@0	19	10,2 9,1	11325604	423362	drop:weak-blocks
F6	ZWOFUNFXUUUFLOTTVVVUUU@0	19	10,2 9,2	438724	23969	drop:weak-blocks
F6	ZWOFUNFUUUFLOTTVVVUUU@0	18	9,2 9,1	9602517	450428	drop:weak-blocks
F6	VIERXUUUFLOTTVONVONUUU@0	19	10,2 9,0	29703227	1006771	drop:weak-blocks
F6	VIERXUUUFLOTTVVVUUU@0	17	9,2 8,1	11406497	706138	drop:weak-blocks
F6	VIERUUUFLOTTVONVONUUU@0	18	9,1 9,2	4826045	383163	drop:weak-blocks
F6	VIERUUUFLOTTVVVUUU@0	16	8,1 8,1	12933692	1835466	drop:weak-blocks
F6	TTTFFFEINSFUNFVONVON@0	18	9,1 9,1	19020431	558796	drop:weak-blocks
F6	TTTFFFEINSFUNFVVV@0	15	8,2 7,1	9933127	3130674	drop:weak-blocks
F6	TTTFFFEINSSIBENVONVON@0	18	9,1 9,1	15412607	904436	drop:weak-blocks
F6	TTTFFFEINSSIBENVVV@0	16	8,1 8,1	14319047	4014981	drop:weak-blocks
F6	TTTFFFEINSACHTVONVON@0	18	9,1 9,1	21713342	991221	drop:weak-blocks
F6	TTTFFFEINSACHTVVV@0	15	8,1 7,1	13757258	4612957	drop:weak-blocks
F6	TTTFFFEINSNEUNVONVON@0	18	9,1 9,1	21713342	736823	drop:weak-blocks
F6	TTTFFFEINSNEUNVVV@0	15	8,1 7,1	15278169	3667994	drop:weak-blocks
F6	TTTFFFZWOEINSVONVON@0	17	9,1 8,1	13872016	1280296	drop:weak-blocks
F6	TTTFFFZWOEINSVVV@0	14	7,1 7,0	29703440	8254646	drop:weak-blocks
F6	TTTFFFZWOZWOVONVON@0	16	8,1 8,0	29599934	4165666	drop:weak-blocks
F6	TTTFFFZWOZWOVVV@0	13	7,0 6,1	29703440	11982882	drop:weak-blocks
F6	TTTFFFZWODREIVONVON@0	17	9,1 8,0	29703440	3874301	drop:weak-blocks
F6	TTTFFFZWODREIVVV@0	14	7,0 7,0	29703440	15787511	drop:weak-blocks
F6	TTTFFFZWOVIERVONVON@0	17	9,1 8,0	29703440	1208540	drop:weak-blocks
F6	TTTFFFZWOVIERVVV@0	14	7,1 7,0	29703440	4952250	drop:weak-blocks
F6	TTTFFFZWOVIRVONVON@0	16	8,1 8,1	5448219	853886	drop:weak-blocks
F6	TTTFFFZWOVIRVVV@0	13	7,1 6,0	29703145	8288583	drop:weak-blocks
F6	ANALLEVONVONTTTFFF@0	16	8,1 8,1	15266667	4490561	drop:weak-blocks
F6	ANALLEVVVTTTFFF@0	13	7,0 6,1	29703440	6342802	drop:weak-blocks
F6	ALLEVONVONTTTFFF@0	14	7,1 7,0	29703206	7449000	drop:weak-blocks
F6	ALLEVVVTTTFFF@0	11	6,2 5,0	29703200	5579045	drop:weak-blocks
