67	2	DIRECT	JOTTOWUENSCHEJXXKARTENAUSRUESTUNGNORWEGENANBORDNEHMENVVVFXDXUUUAUSB
68	1	DIRECT	JOTTOWUENSCHEJXXNORWEGENKARTENANBORDNEHMENXBESTAETIGENVVVFXDXUUUAUSB
66	1	DIRECT	JOTTOWUENSCHEJXXSOFORTNORWEGENKARTENANBORDNEHMENXMELDENFXDXUUUAUSB
69	1	DIRECT	JOTTOWUENSCHEJXXSOFORTNORWEGENKARTENANBORDNEHMENXMELDENVVVFXDXUUUAUSB
68	1	DIRECT	JOTTOWUENSCHEJXXSOFORTNORWEGENKARTENANBORDNEHMENXMELDENXXFXDXUUUAUSB
70	2	DIRECT-vvvhead	JOTTOWUENSCHEJXXVVVFXDXUUUAUSBXXNORWEGENKARTENANBORDNEHMENXBESTAETIGEN
70	1	DIRECT	JOTTOWUENSCHEJYFANGBOOTEXXNORWEGENKARTENANBORDNEHMENXMELDENFXDXUUUAUSB
71	1	DIRECT	JOTTOWUENSCHEJYFANGBOOTEXXNORWEGENKARTENANBORDNEHMENXMELDENXFXDXUUUAUSB
68	1	DIRECT	JOTTOWUENSCHEJYFANGBOOTEXXSTELLKARTENAUSRUESTUNGNORWEGENANBORDNEHMEN
69	1	DIRECT-vvvhead	JOTTOWUENSCHEJYFANGBOOTEXXVVVFXDXUUUAUSBXXNORWEGENKARTENANBORDXMELDEN
66	3	DIRECT	OTTOWUENSCHEXXNORWEGENKARTENANBORDNEHMENXBESTAETIGENVVVFXDXUUUAUSB
67	3	DIRECT	OTTOWUENSCHEXXSOFORTNORWEGENKARTENANBORDNEHMENXMELDENVVVFXDXUUUAUSB
66	3	DIRECT	OTTOWUENSCHEXXSOFORTNORWEGENKARTENANBORDNEHMENXMELDENXXFXDXUUUAUSB
67	2	DIRECT-vvvhead	OTTOWUENSCHEXXVVVFXDXUUUAUSBXXKARTENAUSRUESTUNGNORWEGENANBORDNEHMEN
69	2	DIRECT-vvvhead	OTTOWUENSCHEXXVVVFXDXUUUAUSBXXSOFORTNORWEGENKARTENANBORDNEHMENXMELDEN
68	3	DIRECT	OTTOWUENSCHEYFANGBOOTEXXNORWEGENKARTENANBORDNEHMENXMELDENFXDXUUUAUSB
69	3	DIRECT	OTTOWUENSCHEYFANGBOOTEXXNORWEGENKARTENANBORDNEHMENXMELDENXFXDXUUUAUSB
66	3	DIRECT	OTTOWUENSCHEYFANGBOOTEXXSTELLKARTENAUSRUESTUNGNORWEGENANBORDNEHMEN
67	3	DIRECT-vvvhead	OTTOWUENSCHEYFANGBOOTEXXVVVFXDXUUUAUSBXXNORWEGENKARTENANBORDXMELDEN
68	4	DIRECT	SSDJOTTOWUENSCHEJXXNORWEGENKARTENANBORDNEHMENXBESTAETIGENFXDXUUUAUSB
66	4	DIRECT	SSDJOTTOWUENSCHEJXXNORWEGENKARTENANBORDNEHMENXMELDENVVVFXDXUUUAUSB
67	5	DIRECT	SSDJOTTOWUENSCHEJYFANGBOOTEXXNORWEGENKARTENANBORDNEHMENXBESTAETIGEN
67	5	DIRECT	SSDJOTTOWUENSCHEJYFANGBOOTEXXNORWEGENKARTENANBORDXMELDENFXDXUUUAUSB
66	0	DIRECT	SSDOTTOWUENSCHEXXNORWEGENKARTENANBORDNEHMENXBESTAETIGENFXDXUUUAUSB
66	6	DIRECT	SSDOTTOWUENSCHEXXNORWEGENKARTENANBORDNEHMENXBESTAETIGENFXDXUUUAUSB
69	0	DIRECT	SSDOTTOWUENSCHEXXNORWEGENKARTENANBORDNEHMENXBESTAETIGENVVVFXDXUUUAUSB
67	0	DIRECT	SSDOTTOWUENSCHEXXSOFORTNORWEGENKARTENANBORDNEHMENXMELDENFXDXUUUAUSB
67	4	DIRECT	SSDOTTOWUENSCHEXXSOFORTNORWEGENKARTENANBORDNEHMENXMELDENFXDXUUUAUSB
70	0	DIRECT	SSDOTTOWUENSCHEXXSOFORTNORWEGENKARTENANBORDNEHMENXMELDENVVVFXDXUUUAUSB
68	4	DIRECT	SSDOTTOWUENSCHEXXSOFORTNORWEGENKARTENANBORDNEHMENXMELDENXFXDXUUUAUSB
69	0	DIRECT	SSDOTTOWUENSCHEXXSOFORTNORWEGENKARTENANBORDNEHMENXMELDENXXFXDXUUUAUSB
66	5	DIRECT-vvvhead	SSDOTTOWUENSCHEXXVVVFXDXUUUAUSBXXNORWEGENKARTENANBORDNEHMENXMELDEN
71	0	DIRECT	SSDOTTOWUENSCHEYFANGBOOTEXXNORWEGENKARTENANBORDNEHMENXMELDENFXDXUUUAUSB
72	0	DIRECT	SSDOTTOWUENSCHEYFANGBOOTEXXNORWEGENKARTENANBORDNEHMENXMELDENXFXDXUUUAUSB
66	0	DIRECT	SSDOTTOWUENSCHEYFANGBOOTEXXNORWEGENKARTENANBORDXMELDENXFXDXUUUAUSB
66	5	DIRECT	SSDOTTOWUENSCHEYFANGBOOTEXXSOFORTNORWEGENKARTENANBORDNEHMENXMELDEN
69	0	DIRECT	SSDOTTOWUENSCHEYFANGBOOTEXXSTELLKARTENAUSRUESTUNGNORWEGENANBORDNEHMEN
70	0	DIRECT-vvvhead	SSDOTTOWUENSCHEYFANGBOOTEXXVVVFXDXUUUAUSBXXNORWEGENKARTENANBORDXMELDEN
