6488709	runs/blind/cal_p98/c0.stats.tsv.zst
392301	runs/blind/cal_p98/c1.stats.tsv.zst
28225648	runs/blind/cal_w_ah/c0.stats.tsv.zst
1025675	runs/blind/cal_w_ah/c10.stats.tsv.zst
9404738	runs/blind/cal_w_ah/c12.stats.tsv.zst
211992	runs/blind/cal_w_ah/c14.stats.tsv.zst
7491977	runs/blind/cal_w_ah/c15.stats.tsv.zst
802500	runs/blind/cal_w_ah/c17.stats.tsv.zst
57042778	runs/blind/cal_w_ah/c18.stats.tsv.zst
814356	runs/blind/cal_w_ah/c19.stats.tsv.zst
43893207	runs/blind/cal_w_ah/c1.stats.tsv.zst
54010510	runs/blind/cal_w_ah/c20.stats.tsv.zst
985380	runs/blind/cal_w_ah/c21.stats.tsv.zst
1356919	runs/blind/cal_w_ah/c22.stats.tsv.zst
48577127	runs/blind/cal_w_ah/c23.stats.tsv.zst
31594559	runs/blind/cal_w_ah/c24.stats.tsv.zst
20176678	runs/blind/cal_w_ah/c25.stats.tsv.zst
2622933	runs/blind/cal_w_ah/c26.stats.tsv.zst
62841421	runs/blind/cal_w_ah/c27.stats.tsv.zst
7293607	runs/blind/cal_w_ah/c28.stats.tsv.zst
8239221	runs/blind/cal_w_ah/c29.stats.tsv.zst
62146910	runs/blind/cal_w_ah/c2.stats.tsv.zst
1726562	runs/blind/cal_w_ah/c30.stats.tsv.zst
1290272	runs/blind/cal_w_ah/c31.stats.tsv.zst
5013698	runs/blind/cal_w_ah/c32.stats.tsv.zst
551072	runs/blind/cal_w_ah/c33.stats.tsv.zst
19202615	runs/blind/cal_w_ah/c34.stats.tsv.zst
17510539	runs/blind/cal_w_ah/c35.stats.tsv.zst
1429324	runs/blind/cal_w_ah/c36.stats.tsv.zst
1969211	runs/blind/cal_w_ah/c39.stats.tsv.zst
1260433	runs/blind/cal_w_ah/c3.stats.tsv.zst
23982748	runs/blind/cal_w_ah/c40.stats.tsv.zst
27746700	runs/blind/cal_w_ah/c41.stats.tsv.zst
1776398	runs/blind/cal_w_ah/c42.stats.tsv.zst
33367949	runs/blind/cal_w_ah/c44.stats.tsv.zst
9599116	runs/blind/cal_w_ah/c45.stats.tsv.zst
43051638	runs/blind/cal_w_ah/c46.stats.tsv.zst
54778286	runs/blind/cal_w_ah/c47.stats.tsv.zst
28116498	runs/blind/cal_w_ah/c4.stats.tsv.zst
934717	runs/blind/cal_w_ah/c5.stats.tsv.zst
2991051	runs/blind/cal_w_ah/c6.stats.tsv.zst
9465145	runs/blind/cal_w_ah/c7.stats.tsv.zst
15947769	runs/blind/cal_w_ah/c8.stats.tsv.zst
3120344	runs/blind/cal_w_ah/c9.stats.tsv.zst
22539805	runs/blind/cal_w/c0.stats.tsv.zst
1002903	runs/blind/cal_w/c10.stats.tsv.zst
8737708	runs/blind/cal_w/c12.stats.tsv.zst
6346256	runs/blind/cal_w/c15.stats.tsv.zst
784135	runs/blind/cal_w/c17.stats.tsv.zst
34380715	runs/blind/cal_w/c18.stats.tsv.zst
804315	runs/blind/cal_w/c19.stats.tsv.zst
25734060	runs/blind/cal_w/c1.stats.tsv.zst
31545323	runs/blind/cal_w/c20.stats.tsv.zst
968369	runs/blind/cal_w/c21.stats.tsv.zst
1342649	runs/blind/cal_w/c22.stats.tsv.zst
36175065	runs/blind/cal_w/c23.stats.tsv.zst
22482191	runs/blind/cal_w/c24.stats.tsv.zst
14785169	runs/blind/cal_w/c25.stats.tsv.zst
2527306	runs/blind/cal_w/c26.stats.tsv.zst
47503450	runs/blind/cal_w/c27.stats.tsv.zst
6226935	runs/blind/cal_w/c28.stats.tsv.zst
7101434	runs/blind/cal_w/c29.stats.tsv.zst
36458916	runs/blind/cal_w/c2.stats.tsv.zst
1327786	runs/blind/cal_w/c30.stats.tsv.zst
1274885	runs/blind/cal_w/c31.stats.tsv.zst
4261682	runs/blind/cal_w/c32.stats.tsv.zst
549153	runs/blind/cal_w/c33.stats.tsv.zst
12473062	runs/blind/cal_w/c34.stats.tsv.zst
13016794	runs/blind/cal_w/c35.stats.tsv.zst
1396418	runs/blind/cal_w/c36.stats.tsv.zst
1904914	runs/blind/cal_w/c39.stats.tsv.zst
1225676	runs/blind/cal_w/c3.stats.tsv.zst
15051926	runs/blind/cal_w/c40.stats.tsv.zst
21608238	runs/blind/cal_w/c41.stats.tsv.zst
1721136	runs/blind/cal_w/c42.stats.tsv.zst
21535358	runs/blind/cal_w/c44.stats.tsv.zst
7113594	runs/blind/cal_w/c45.stats.tsv.zst
25206522	runs/blind/cal_w/c46.stats.tsv.zst
31883662	runs/blind/cal_w/c47.stats.tsv.zst
18168387	runs/blind/cal_w/c4.stats.tsv.zst
925511	runs/blind/cal_w/c5.stats.tsv.zst
2767290	runs/blind/cal_w/c6.stats.tsv.zst
7955553	runs/blind/cal_w/c7.stats.tsv.zst
11781460	runs/blind/cal_w/c8.stats.tsv.zst
2911942	runs/blind/cal_w/c9.stats.tsv.zst
1963108	runs/blind/sender_full.surv.tsv
10000644	runs/bombe/step3/hdr_fxdx.tsv.zst
15856499	runs/bombe/step3/hdr_komx.tsv
8407604	runs/ctx_excl/out/A1_F1F4_k1_excl.tsv.gz
795179	runs/ctx_excl/out/A2_F3_k1_excl.tsv.gz
1246285	runs/ctx_excl/out/B_F2_k1_excl.tsv.gz
643912	runs/ctx_excl/out/C_F5_k1_excl.tsv.gz
55563521	runs/ctx_excl/out/D_dropped_k0_excl.tsv.gz
205633952	runs/ctx_excl/out/D_rerank.surv.tsv.gz
272258029	runs/ctx_excl/out/E_u2356_k0_excl_ah.surv.tsv.gz
1537836	runs/ctx_excl/out/K_body_tail_k1_excl.tsv.gz
10110345	runs/ctx/out/F2_fdua_von_x_k1.tsv
460778504	runs/ctx/out/F4_alle_k0.tsv.zst
