#id	wR	dn	lstep	phase	d	garbled	masked_letters	succ	N	best_resc	mean_truepairs
P1030660#0S	IV	0	0	0	-7	21	0	0	80	-6.693	0.40
P1030660#0S	IV	0	0	1	-6	18	0	0	80	-6.515	0.29
P1030660#0S	IV	0	0	2	-5	15	0	0	80	-6.555	0.31
P1030660#0S	IV	0	0	3	-4	12	0	0	80	-6.486	0.51
P1030660#0S	IV	0	0	4	-3	9	0	0	80	-6.512	0.47
P1030660#0S	IV	0	0	5	-2	6	0	1	80	-5.833	0.74
P1030660#0S	IV	0	0	6	-1	3	0	0	80	-6.220	0.42
P1030660#0S	IV	0	0	7	0	0	0	8	80	-5.147	1.45
P1030660#0S	IV	0	0	8	1	2	0	3	80	-5.479	0.99
P1030660#0S	IV	0	0	9	2	5	0	2	80	-5.844	0.94
P1030660#0S	IV	0	0	10	3	61	0	0	80	-6.490	0.30
P1030660#0S	IV	0	0	11	4	59	0	0	80	-6.368	0.31
P1030660#0S	IV	0	0	12	5	57	0	0	80	-6.450	0.20
P1030660#0S	IV	0	0	13	6	56	0	0	80	-6.631	0.24
P1030660#0S	IV	0	0	14	7	54	0	0	80	-6.598	0.28
P1030660#0S	IV	0	0	15	8	52	0	0	80	-6.406	0.31
P1030660#0S	IV	0	0	16	9	49	0	0	80	-6.553	0.49
P1030660#0S	IV	0	0	17	10	46	0	0	80	-6.379	0.29
P1030660#0S	IV	0	0	18	11	44	0	0	80	-6.310	0.28
P1030660#0S	IV	0	0	19	12	41	0	0	80	-6.499	0.29
P1030660#0S	IV	0	0	20	13	38	0	0	80	-6.478	0.15
P1030660#0S	IV	0	0	21	-12	35	0	0	80	-6.353	0.21
P1030660#0S	IV	0	0	22	-11	32	0	0	80	-6.121	0.30
P1030660#0S	IV	0	0	23	-10	29	0	0	80	-6.501	0.28
P1030660#0S	IV	0	0	24	-9	27	0	0	80	-6.584	0.29
P1030660#0S	IV	0	0	25	-8	24	0	0	80	-6.612	0.15
P1030660#0D	VII	1	0	0	6	34	0	0	80	-6.592	0.47
P1030660#0D	VII	1	0	1	-6	30	0	0	80	-6.439	0.34
P1030660#0D	VII	1	0	2	-5	26	0	0	80	-6.518	0.39
P1030660#0D	VII	1	0	3	-4	22	0	0	80	-6.449	0.33
P1030660#0D	VII	1	0	4	-3	17	0	0	80	-6.338	0.55
P1030660#0D	VII	1	0	5	-2	12	0	0	80	-6.612	0.40
P1030660#0D	VII	1	0	6	-1	6	0	0	80	-6.501	0.74
P1030660#0D	VII	1	0	7	0	0	0	11	80	-4.940	1.94
P1030660#0D	VII	1	0	8	1	5	0	0	80	-6.416	0.71
P1030660#0D	VII	1	0	9	2	11	0	0	80	-6.396	0.62
P1030660#0D	VII	1	0	10	3	17	0	0	80	-6.476	0.61
P1030660#0D	VII	1	0	11	4	23	0	0	80	-6.629	0.49
P1030660#0D	VII	1	0	12	5	29	0	0	80	-6.490	0.44
P1030660#1S	II	0	0	0	7	20	0	0	80	-6.655	0.45
P1030660#1S	II	0	0	1	8	23	0	0	80	-6.345	0.28
P1030660#1S	II	0	0	2	9	26	0	0	80	-6.537	0.28
P1030660#1S	II	0	0	3	10	29	0	0	80	-6.554	0.30
P1030660#1S	II	0	0	4	11	32	0	0	80	-6.660	0.56
P1030660#1S	II	0	0	5	12	36	0	0	80	-6.416	0.15
P1030660#1S	II	0	0	6	-13	35	0	0	80	-6.468	0.16
P1030660#1S	II	0	0	7	-12	33	0	0	80	-6.476	0.31
P1030660#1S	II	0	0	8	-11	31	0	0	80	-6.488	0.33
P1030660#1S	II	0	0	9	-10	29	0	0	80	-6.242	0.20
P1030660#1S	II	0	0	10	-9	27	0	0	80	-6.659	0.38
P1030660#1S	II	0	0	11	-8	24	0	0	80	-6.419	0.56
P1030660#1S	II	0	0	12	-7	21	0	0	80	-6.296	0.50
P1030660#1S	II	0	0	13	-6	18	0	2	80	-6.461	0.74
P1030660#1S	II	0	0	14	-5	15	0	1	80	-6.177	0.49
P1030660#1S	II	0	0	15	-4	12	0	3	80	-6.313	0.79
P1030660#1S	II	0	0	16	-3	9	0	4	80	-6.508	0.95
P1030660#1S	II	0	0	17	-2	6	0	4	80	-6.051	0.93
P1030660#1S	II	0	0	18	-1	3	0	3	80	-5.923	0.89
P1030660#1S	II	0	0	19	0	0	0	3	80	-5.331	0.81
P1030660#1S	II	0	0	20	1	3	0	0	80	-6.737	0.23
P1030660#1S	II	0	0	21	2	6	0	1	80	-5.950	0.57
P1030660#1S	II	0	0	22	3	9	0	0	80	-6.579	0.39
P1030660#1S	II	0	0	23	4	12	0	4	80	-6.403	1.05
P1030660#1S	II	0	0	24	5	15	0	1	80	-6.586	0.56
P1030660#1S	II	0	0	25	6	18	0	0	80	-6.590	0.15
P1030660#1D	VIII	1	0	0	-6	31	0	0	80	-6.476	0.45
P1030660#1D	VIII	1	0	1	-5	26	0	0	80	-6.769	0.35
P1030660#1D	VIII	1	0	2	-4	21	0	1	80	-6.590	0.42
P1030660#1D	VIII	1	0	3	-3	16	0	0	80	-6.708	0.26
P1030660#1D	VIII	1	0	4	-2	11	0	1	80	-6.027	0.53
P1030660#1D	VIII	1	0	5	-1	6	0	1	80	-5.901	0.45
P1030660#1D	VIII	1	0	6	0	0	0	3	80	-5.147	0.78
P1030660#1D	VIII	1	0	7	1	6	0	0	80	-6.472	0.36
P1030660#1D	VIII	1	0	8	2	12	0	0	80	-6.517	0.16
P1030660#1D	VIII	1	0	9	3	18	0	0	80	-6.540	0.12
P1030660#1D	VIII	1	0	10	4	24	0	0	80	-6.580	0.09
P1030660#1D	VIII	1	0	11	5	28	0	0	80	-6.328	0.20
P1030660#1D	VIII	1	0	12	6	33	0	0	80	-6.542	0.29
P1030661#0S	I	0	0	0	4	10	0	0	80	-6.559	0.34
P1030661#0S	I	0	0	1	5	12	0	0	80	-6.330	0.23
P1030661#0S	I	0	0	2	6	15	0	0	80	-6.516	0.41
P1030661#0S	I	0	0	3	7	18	0	0	80	-6.487	0.31
P1030661#0S	I	0	0	4	8	21	0	0	80	-6.728	0.35
P1030661#0S	I	0	0	5	9	24	0	0	80	-6.478	0.30
P1030661#0S	I	0	0	6	10	27	0	0	80	-6.340	0.41
P1030661#0S	I	0	0	7	11	30	0	0	80	-6.550	0.31
P1030661#0S	I	0	0	8	12	33	0	0	80	-6.562	0.31
P1030661#0S	I	0	0	9	-13	36	0	0	80	-6.532	0.24
P1030661#0S	I	0	0	10	-12	39	0	0	80	-6.536	0.34
P1030661#0S	I	0	0	11	-11	42	0	0	80	-6.534	0.23
P1030661#0S	I	0	0	12	-10	45	0	0	80	-6.673	0.25
P1030661#0S	I	0	0	13	-9	48	0	0	80	-6.714	0.16
P1030661#0S	I	0	0	14	-8	51	0	0	80	-6.513	0.45
P1030661#0S	I	0	0	15	-7	54	0	0	80	-6.577	0.59
P1030661#0S	I	0	0	16	-6	57	0	0	80	-6.481	0.42
P1030661#0S	I	0	0	17	-5	10	0	0	80	-6.715	0.31
P1030661#0S	I	0	0	18	-4	8	0	0	80	-6.651	0.40
P1030661#0S	I	0	0	19	-3	6	0	1	80	-5.807	0.49
P1030661#0S	I	0	0	20	-2	4	0	3	80	-5.720	0.76
P1030661#0S	I	0	0	21	-1	2	0	0	80	-6.553	0.41
P1030661#0S	I	0	0	22	0	0	0	1	80	-5.005	0.51
P1030661#0S	I	0	0	23	1	2	0	1	80	-5.273	0.66
P1030661#0S	I	0	0	24	2	5	0	1	80	-5.475	0.56
P1030661#0S	I	0	0	25	3	8	0	0	80	-6.466	0.35
P1030661#0D	VI	1	0	0	4	48	0	0	80	-6.622	0.42
P1030661#0D	VI	1	0	1	5	43	0	0	80	-6.629	0.38
P1030661#0D	VI	1	0	2	6	38	0	0	80	-6.595	0.39
P1030661#0D	VI	1	0	3	-6	33	0	0	80	-6.586	0.41
P1030661#0D	VI	1	0	4	-5	28	0	0	80	-6.618	0.36
P1030661#0D	VI	1	0	5	-4	23	0	0	80	-6.511	0.36
P1030661#0D	VI	1	0	6	-3	18	0	0	80	-6.478	0.38
P1030661#0D	VI	1	0	7	-2	12	0	0	80	-6.611	0.33
P1030661#0D	VI	1	0	8	-1	6	0	0	80	-6.582	0.38
P1030661#0D	VI	1	0	9	0	0	0	1	80	-5.900	0.57
P1030661#0D	VI	1	0	10	1	6	0	1	80	-6.476	0.57
P1030661#0D	VI	1	0	11	2	12	0	0	80	-6.509	0.44
P1030661#0D	VI	1	0	12	3	18	0	0	80	-6.584	0.50
P1030661#1S	II	0	0	0	-4	12	0	1	80	-5.704	0.34
P1030661#1S	II	0	0	1	-3	9	0	0	80	-6.440	0.31
P1030661#1S	II	0	0	2	-2	6	0	0	80	-6.476	0.17
P1030661#1S	II	0	0	3	-1	3	0	0	80	-6.468	0.25
P1030661#1S	II	0	0	4	0	0	0	1	80	-5.005	0.26
P1030661#1S	II	0	0	5	1	69	0	0	80	-6.677	0.50
P1030661#1S	II	0	0	6	2	67	0	0	80	-6.619	0.38
P1030661#1S	II	0	0	7	3	65	0	0	80	-6.569	0.41
P1030661#1S	II	0	0	8	4	63	0	0	80	-6.654	0.33
P1030661#1S	II	0	0	9	5	61	0	0	80	-6.442	0.49
P1030661#1S	II	0	0	10	6	59	0	0	80	-6.456	0.39
P1030661#1S	II	0	0	11	7	56	0	0	80	-6.530	0.44
P1030661#1S	II	0	0	12	8	53	0	0	80	-6.618	0.44
P1030661#1S	II	0	0	13	9	50	0	0	80	-6.416	0.54
P1030661#1S	II	0	0	14	10	47	0	0	80	-6.623	0.41
P1030661#1S	II	0	0	15	11	44	0	0	80	-6.422	0.55
P1030661#1S	II	0	0	16	12	41	0	0	80	-6.255	0.45
P1030661#1S	II	0	0	17	13	38	0	0	80	-6.617	0.44
P1030661#1S	II	0	0	18	-12	35	0	0	80	-6.601	0.25
P1030661#1S	II	0	0	19	-11	32	0	0	80	-6.711	0.56
P1030661#1S	II	0	0	20	-10	29	0	0	80	-6.566	0.36
P1030661#1S	II	0	0	21	-9	26	0	0	80	-6.529	0.34
P1030661#1S	II	0	0	22	-8	23	0	0	80	-6.703	0.23
P1030661#1S	II	0	0	23	-7	21	0	0	80	-6.646	0.33
P1030661#1S	II	0	0	24	-6	18	0	1	80	-6.362	0.39
P1030661#1S	II	0	0	25	-5	15	0	0	80	-6.144	0.31
P1030661#1D	VIII	1	0	0	-4	19	0	0	80	-6.579	0.46
P1030661#1D	VIII	1	0	1	-3	14	0	0	80	-6.449	0.55
P1030661#1D	VIII	1	0	2	-2	10	0	0	80	-6.434	0.70
P1030661#1D	VIII	1	0	3	-1	5	0	0	80	-6.399	0.46
P1030661#1D	VIII	1	0	4	0	0	0	0	80	-6.517	0.45
P1030661#1D	VIII	1	0	5	1	5	0	0	80	-6.234	0.54
P1030661#1D	VIII	1	0	6	2	11	0	0	80	-6.581	0.57
P1030661#1D	VIII	1	0	7	3	17	0	0	80	-6.178	0.55
P1030661#1D	VIII	1	0	8	4	23	0	0	80	-6.613	0.59
P1030661#1D	VIII	1	0	9	5	28	0	0	80	-6.614	0.60
P1030661#1D	VIII	1	0	10	6	34	0	0	80	-6.243	0.47
P1030661#1D	VIII	1	0	11	-6	39	0	0	80	-6.567	0.36
P1030661#1D	VIII	1	0	12	-5	44	0	0	80	-6.732	0.40
P1030667#0S	III	0	0	0	-9	26	0	0	80	-6.538	0.29
P1030667#0S	III	0	0	1	-8	24	0	0	80	-6.511	0.29
P1030667#0S	III	0	0	2	-7	21	0	0	80	-6.487	0.26
P1030667#0S	III	0	0	3	-6	18	0	0	80	-6.614	0.21
P1030667#0S	III	0	0	4	-5	15	0	0	80	-6.350	0.33
P1030667#0S	III	0	0	5	-4	12	0	0	80	-6.555	0.23
P1030667#0S	III	0	0	6	-3	9	0	0	80	-6.491	0.35
P1030667#0S	III	0	0	7	-2	6	0	0	80	-6.698	0.44
P1030667#0S	III	0	0	8	-1	3	0	0	80	-6.666	0.30
P1030667#0S	III	0	0	9	0	0	0	0	80	-6.402	0.44
P1030667#0S	III	0	0	10	1	3	0	0	80	-6.487	0.46
P1030667#0S	III	0	0	11	2	6	0	0	80	-6.568	0.38
P1030667#0S	III	0	0	12	3	9	0	0	80	-6.470	0.39
P1030667#0S	III	0	0	13	4	12	0	0	80	-6.545	0.39
P1030667#0S	III	0	0	14	5	15	0	0	80	-6.720	0.45
P1030667#0S	III	0	0	15	6	18	0	0	80	-6.388	0.25
P1030667#0S	III	0	0	16	7	21	0	0	80	-6.574	0.33
P1030667#0S	III	0	0	17	8	24	0	0	80	-6.608	0.41
P1030667#0S	III	0	0	18	9	27	0	0	80	-6.396	0.29
P1030667#0S	III	0	0	19	10	30	0	0	80	-6.438	0.42
P1030667#0S	III	0	0	20	11	33	0	0	80	-6.393	0.31
P1030667#0S	III	0	0	21	12	36	0	0	80	-6.537	0.20
P1030667#0S	III	0	0	22	13	34	0	0	80	-6.509	0.19
P1030667#0S	III	0	0	23	-12	32	0	0	80	-6.329	0.20
P1030667#0S	III	0	0	24	-11	30	0	0	80	-6.527	0.19
P1030667#0S	III	0	0	25	-10	28	0	0	80	-6.434	0.25
P1030667#0D	VIII	1	0	0	4	49	0	0	80	-6.492	0.29
P1030667#0D	VIII	1	0	1	5	44	0	0	80	-6.481	0.25
P1030667#0D	VIII	1	0	2	6	39	0	0	80	-6.694	0.38
P1030667#0D	VIII	1	0	3	-6	34	0	0	80	-6.480	0.35
P1030667#0D	VIII	1	0	4	-5	29	0	0	80	-6.652	0.33
P1030667#0D	VIII	1	0	5	-4	24	0	0	80	-6.496	0.44
P1030667#0D	VIII	1	0	6	-3	18	0	0	80	-6.607	0.33
P1030667#0D	VIII	1	0	7	-2	12	0	0	80	-6.678	0.29
P1030667#0D	VIII	1	0	8	-1	6	0	0	80	-6.542	0.45
P1030667#0D	VIII	1	0	9	0	0	0	0	80	-6.753	0.39
P1030667#0D	VIII	1	0	10	1	6	0	0	80	-6.571	0.29
P1030667#0D	VIII	1	0	11	2	12	0	0	80	-6.753	0.19
P1030667#0D	VIII	1	0	12	3	18	0	0	80	-6.582	0.34
P1030667#1S	V	0	0	0	-5	10	0	0	80	-6.500	0.17
P1030667#1S	V	0	0	1	-4	8	0	0	80	-6.629	0.28
P1030667#1S	V	0	0	2	-3	6	0	0	80	-6.566	0.19
P1030667#1S	V	0	0	3	-2	4	0	0	80	-6.529	0.16
P1030667#1S	V	0	0	4	-1	2	0	0	80	-6.562	0.21
P1030667#1S	V	0	0	5	0	0	0	0	80	-6.581	0.38
P1030667#1S	V	0	0	6	1	3	0	0	80	-6.571	0.30
P1030667#1S	V	0	0	7	2	6	0	0	80	-6.394	0.42
P1030667#1S	V	0	0	8	3	9	0	0	80	-6.556	0.61
P1030667#1S	V	0	0	9	4	12	0	0	80	-6.531	0.61
P1030667#1S	V	0	0	10	5	14	0	1	80	-5.951	0.55
P1030667#1S	V	0	0	11	6	17	0	0	80	-6.384	0.65
P1030667#1S	V	0	0	12	7	20	0	0	80	-6.453	0.90
P1030667#1S	V	0	0	13	8	23	0	0	80	-6.638	0.74
P1030667#1S	V	0	0	14	9	26	0	0	80	-6.486	0.55
P1030667#1S	V	0	0	15	10	29	0	0	80	-6.481	0.70
P1030667#1S	V	0	0	16	11	32	0	0	80	-6.641	0.70
P1030667#1S	V	0	0	17	12	34	0	0	80	-6.738	0.66
P1030667#1S	V	0	0	18	13	37	0	0	80	-6.634	0.65
P1030667#1S	V	0	0	19	-12	39	0	0	80	-6.695	0.65
P1030667#1S	V	0	0	20	-11	42	0	0	80	-6.802	0.74
P1030667#1S	V	0	0	21	-10	44	0	0	80	-6.765	0.55
P1030667#1S	V	0	0	22	-9	47	0	0	80	-6.523	0.80
P1030667#1S	V	0	0	23	-8	49	0	0	80	-6.698	0.54
P1030667#1S	V	0	0	24	-7	51	0	0	80	-6.768	0.36
P1030667#1S	V	0	0	25	-6	54	0	0	80	-6.701	0.49
P1030667#1D	VII	1	0	0	-5	22	0	0	80	-6.605	0.20
P1030667#1D	VII	1	0	1	-4	17	0	0	80	-6.591	0.17
P1030667#1D	VII	1	0	2	-3	12	0	0	80	-6.544	0.25
P1030667#1D	VII	1	0	3	-2	8	0	0	80	-6.379	0.20
P1030667#1D	VII	1	0	4	-1	3	0	0	80	-6.545	0.16
P1030667#1D	VII	1	0	5	0	0	0	1	80	-5.322	0.65
P1030667#1D	VII	1	0	6	1	5	0	0	80	-6.553	0.44
P1030667#1D	VII	1	0	7	2	9	0	0	80	-6.637	0.46
P1030667#1D	VII	1	0	8	3	14	0	0	80	-6.557	0.39
P1030667#1D	VII	1	0	9	4	19	0	0	80	-6.743	0.30
P1030667#1D	VII	1	0	10	5	25	0	0	80	-6.354	0.44
P1030667#1D	VII	1	0	11	6	31	0	0	80	-6.623	0.51
P1030667#1D	VII	1	0	12	-6	35	0	0	80	-6.412	0.33
P1030671#0S	I	0	0	0	-11	30	0	0	80	-6.400	0.33
P1030671#0S	I	0	0	1	-10	28	0	0	80	-6.379	0.35
P1030671#0S	I	0	0	2	-9	25	0	0	80	-6.673	0.31
P1030671#0S	I	0	0	3	-8	22	0	0	80	-6.683	0.49
P1030671#0S	I	0	0	4	-7	19	0	0	80	-6.488	0.68
P1030671#0S	I	0	0	5	-6	16	0	0	80	-6.536	0.72
P1030671#0S	I	0	0	6	-5	13	0	1	80	-5.320	0.74
P1030671#0S	I	0	0	7	-4	12	0	0	80	-6.667	0.50
P1030671#0S	I	0	0	8	-3	9	0	0	80	-6.310	0.79
P1030671#0S	I	0	0	9	-2	6	0	0	80	-6.559	0.86
P1030671#0S	I	0	0	10	-1	3	0	0	80	-6.571	0.81
P1030671#0S	I	0	0	11	0	0	0	1	80	-4.726	0.94
P1030671#0S	I	0	0	12	1	1	0	3	80	-4.722	1.04
P1030671#0S	I	0	0	13	2	4	0	1	80	-5.017	0.78
P1030671#0S	I	0	0	14	3	7	0	0	80	-6.239	0.74
P1030671#0S	I	0	0	15	4	10	0	1	80	-5.122	0.74
P1030671#0S	I	0	0	16	5	12	0	0	80	-6.487	0.88
P1030671#0S	I	0	0	17	6	48	0	0	80	-6.668	0.38
P1030671#0S	I	0	0	18	7	46	0	0	80	-6.484	0.34
P1030671#0S	I	0	0	19	8	45	0	0	80	-6.704	0.42
P1030671#0S	I	0	0	20	9	43	0	0	80	-6.632	0.46
P1030671#0S	I	0	0	21	10	41	0	0	80	-6.597	0.33
P1030671#0S	I	0	0	22	11	39	0	0	80	-6.728	0.19
P1030671#0S	I	0	0	23	12	37	0	0	80	-6.480	0.45
P1030671#0S	I	0	0	24	13	34	0	0	80	-6.348	0.42
P1030671#0S	I	0	0	25	-12	31	0	0	80	-6.466	0.40
P1030671#0D	VIII	1	0	0	2	57	0	0	80	-6.172	0.31
P1030671#0D	VIII	1	0	1	3	52	0	0	80	-6.438	0.42
P1030671#0D	VIII	1	0	2	4	47	0	0	80	-6.489	0.44
P1030671#0D	VIII	1	0	3	5	42	0	0	80	-6.481	0.35
P1030671#0D	VIII	1	0	4	6	38	0	0	80	-6.349	0.36
P1030671#0D	VIII	1	0	5	-6	33	0	0	80	-6.510	0.42
P1030671#0D	VIII	1	0	6	-5	27	0	0	80	-6.552	0.41
P1030671#0D	VIII	1	0	7	-4	21	0	0	80	-6.348	0.54
P1030671#0D	VIII	1	0	8	-3	16	0	0	80	-6.544	0.64
P1030671#0D	VIII	1	0	9	-2	10	0	1	80	-5.724	0.86
P1030671#0D	VIII	1	0	10	-1	5	0	2	80	-5.406	1.24
P1030671#0D	VIII	1	0	11	0	0	0	3	80	-4.726	1.32
P1030671#0D	VIII	1	0	12	1	6	0	0	80	-6.470	1.01
P1030671#1S	V	0	0	0	-3	6	0	0	80	-6.651	0.59
P1030671#1S	V	0	0	1	-2	4	0	1	80	-5.132	0.75
P1030671#1S	V	0	0	2	-1	2	0	0	80	-6.633	0.71
P1030671#1S	V	0	0	3	0	0	0	2	80	-4.726	1.25
P1030671#1S	V	0	0	4	1	2	0	0	80	-6.636	0.61
P1030671#1S	V	0	0	5	2	4	0	1	80	-5.223	0.95
P1030671#1S	V	0	0	6	3	7	0	0	80	-6.343	1.04
P1030671#1S	V	0	0	7	4	10	0	1	80	-6.276	0.71
P1030671#1S	V	0	0	8	5	13	0	0	80	-6.430	0.76
P1030671#1S	V	0	0	9	6	16	0	0	80	-6.625	0.45
P1030671#1S	V	0	0	10	7	19	0	0	80	-6.714	0.28
P1030671#1S	V	0	0	11	8	22	0	0	80	-6.681	0.50
P1030671#1S	V	0	0	12	9	25	0	0	80	-6.605	0.72
P1030671#1S	V	0	0	13	10	28	0	0	80	-6.694	0.74
P1030671#1S	V	0	0	14	11	31	0	0	80	-6.638	0.55
P1030671#1S	V	0	0	15	12	34	0	0	80	-6.536	0.55
P1030671#1S	V	0	0	16	13	37	0	0	80	-6.577	0.49
P1030671#1S	V	0	0	17	-12	40	0	0	80	-6.648	0.34
P1030671#1S	V	0	0	18	-11	43	0	0	80	-6.645	0.35
P1030671#1S	V	0	0	19	-10	46	0	0	80	-6.521	0.28
P1030671#1S	V	0	0	20	-9	49	0	0	80	-6.597	0.41
P1030671#1S	V	0	0	21	-8	52	0	0	80	-6.579	0.40
P1030671#1S	V	0	0	22	-7	55	0	0	80	-6.409	0.45
P1030671#1S	V	0	0	23	-6	58	0	0	80	-6.464	0.40
P1030671#1S	V	0	0	24	-5	61	0	0	80	-6.614	0.29
P1030671#1S	V	0	0	25	-4	64	0	0	80	-6.528	0.33
P1030671#1D	VII	1	0	0	-3	13	0	0	80	-6.312	0.42
P1030671#1D	VII	1	0	1	-2	9	0	2	80	-5.459	0.86
P1030671#1D	VII	1	0	2	-1	4	0	5	80	-4.983	1.30
P1030671#1D	VII	1	0	3	0	0	0	6	80	-4.726	1.31
P1030671#1D	VII	1	0	4	1	5	0	0	80	-6.251	0.94
P1030671#1D	VII	1	0	5	2	10	0	2	80	-5.548	1.19
P1030671#1D	VII	1	0	6	3	16	0	0	80	-6.398	0.65
P1030671#1D	VII	1	0	7	4	21	0	0	80	-6.458	0.65
P1030671#1D	VII	1	0	8	5	27	0	0	80	-6.295	0.54
P1030671#1D	VII	1	0	9	6	32	0	0	80	-6.492	0.34
P1030671#1D	VII	1	0	10	-6	38	0	0	80	-6.467	0.36
P1030671#1D	VII	1	0	11	-5	44	0	0	80	-6.457	0.42
P1030671#1D	VII	1	0	12	-4	50	0	0	80	-6.436	0.30
P1030689#0S	I	0	0	0	-6	15	0	0	80	-6.231	0.61
P1030689#0S	I	0	0	1	-5	12	0	0	80	-6.494	0.90
P1030689#0S	I	0	0	2	-4	9	0	0	80	-6.566	0.70
P1030689#0S	I	0	0	3	-3	7	0	0	80	-6.412	0.94
P1030689#0S	I	0	0	4	-2	5	0	2	80	-5.079	0.95
P1030689#0S	I	0	0	5	-1	2	0	0	80	-6.542	0.88
P1030689#0S	I	0	0	6	0	0	0	1	80	-4.235	1.27
P1030689#0S	I	0	0	7	1	3	0	0	80	-6.363	0.76
P1030689#0S	I	0	0	8	2	6	0	0	80	-6.436	0.93
P1030689#0S	I	0	0	9	3	9	0	0	80	-6.427	0.91
P1030689#0S	I	0	0	10	4	12	0	1	80	-5.171	1.23
P1030689#0S	I	0	0	11	5	15	0	0	80	-6.548	1.19
P1030689#0S	I	0	0	12	6	18	0	0	80	-6.455	0.79
P1030689#0S	I	0	0	13	7	20	0	0	80	-6.609	1.07
P1030689#0S	I	0	0	14	8	23	0	0	80	-6.485	0.97
P1030689#0S	I	0	0	15	9	26	0	0	80	-6.456	0.82
P1030689#0S	I	0	0	16	10	28	0	0	80	-6.527	0.60
P1030689#0S	I	0	0	17	11	37	0	0	80	-6.467	0.31
P1030689#0S	I	0	0	18	12	35	0	0	80	-6.576	0.31
P1030689#0S	I	0	0	19	13	33	0	0	80	-6.338	0.20
P1030689#0S	I	0	0	20	-12	31	0	0	80	-6.270	0.42
P1030689#0S	I	0	0	21	-11	29	0	0	80	-6.736	0.36
P1030689#0S	I	0	0	22	-10	27	0	0	80	-6.757	0.50
P1030689#0S	I	0	0	23	-9	24	0	0	80	-6.488	0.44
P1030689#0S	I	0	0	24	-8	21	0	0	80	-6.451	0.55
P1030689#0S	I	0	0	25	-7	18	0	0	80	-6.528	0.70
P1030689#0D	VII	1	0	0	-6	31	0	0	80	-6.500	0.26
P1030689#0D	VII	1	0	1	-5	26	0	0	80	-6.486	0.29
P1030689#0D	VII	1	0	2	-4	21	0	0	80	-6.054	0.39
P1030689#0D	VII	1	0	3	-3	16	0	0	80	-6.226	0.50
P1030689#0D	VII	1	0	4	-2	11	0	2	80	-5.700	0.90
P1030689#0D	VII	1	0	5	-1	6	0	3	80	-5.458	1.07
P1030689#0D	VII	1	0	6	0	0	0	2	80	-4.235	0.81
P1030689#0D	VII	1	0	7	1	5	0	1	80	-5.141	0.80
P1030689#0D	VII	1	0	8	2	11	0	0	80	-6.413	0.66
P1030689#0D	VII	1	0	9	3	16	0	1	80	-5.829	0.50
P1030689#0D	VII	1	0	10	4	21	0	0	80	-6.686	0.28
P1030689#0D	VII	1	0	11	5	27	0	0	80	-6.294	0.31
P1030689#0D	VII	1	0	12	6	32	0	0	80	-6.534	0.24
P1030689#1S	I	0	0	0	5	14	0	0	80	-6.360	0.24
P1030689#1S	I	0	0	1	6	17	0	0	80	-6.385	0.07
P1030689#1S	I	0	0	2	7	20	0	0	80	-6.540	0.10
P1030689#1S	I	0	0	3	8	23	0	0	80	-6.568	0.19
P1030689#1S	I	0	0	4	9	26	0	0	80	-6.577	0.24
P1030689#1S	I	0	0	5	10	29	0	0	80	-6.299	0.31
P1030689#1S	I	0	0	6	11	32	0	0	80	-6.488	0.24
P1030689#1S	I	0	0	7	12	35	0	0	80	-6.539	0.23
P1030689#1S	I	0	0	8	-13	38	0	0	80	-6.536	0.30
P1030689#1S	I	0	0	9	-12	41	0	0	80	-6.555	0.51
P1030689#1S	I	0	0	10	-11	44	0	0	80	-6.495	0.38
P1030689#1S	I	0	0	11	-10	47	0	0	80	-6.412	0.30
P1030689#1S	I	0	0	12	-9	50	0	0	80	-6.332	0.44
P1030689#1S	I	0	0	13	-8	53	0	0	80	-6.653	0.40
P1030689#1S	I	0	0	14	-7	56	0	0	80	-6.492	0.34
P1030689#1S	I	0	0	15	-6	59	0	0	80	-6.737	0.30
P1030689#1S	I	0	0	16	-5	62	0	0	80	-6.593	0.30
P1030689#1S	I	0	0	17	-4	8	0	0	80	-6.577	0.29
P1030689#1S	I	0	0	18	-3	6	0	0	80	-6.551	0.24
P1030689#1S	I	0	0	19	-2	4	0	0	80	-6.374	0.12
P1030689#1S	I	0	0	20	-1	2	0	0	80	-6.410	0.29
P1030689#1S	I	0	0	21	0	0	0	0	80	-6.507	0.21
P1030689#1S	I	0	0	22	1	2	0	1	80	-4.559	0.41
P1030689#1S	I	0	0	23	2	5	0	0	80	-6.523	0.16
P1030689#1S	I	0	0	24	3	8	0	0	80	-6.401	0.14
P1030689#1S	I	0	0	25	4	11	0	0	80	-6.712	0.12
P1030689#1D	VI	1	0	0	5	42	0	0	80	-6.529	0.47
P1030689#1D	VI	1	0	1	6	37	0	0	80	-6.401	0.51
P1030689#1D	VI	1	0	2	-6	32	0	0	80	-6.483	0.68
P1030689#1D	VI	1	0	3	-5	27	0	0	80	-6.417	0.50
P1030689#1D	VI	1	0	4	-4	22	0	0	80	-6.554	0.31
P1030689#1D	VI	1	0	5	-3	17	0	0	80	-6.449	0.39
P1030689#1D	VI	1	0	6	-2	12	0	0	80	-6.371	0.45
P1030689#1D	VI	1	0	7	-1	6	0	0	80	-6.542	0.53
P1030689#1D	VI	1	0	8	0	0	0	0	80	-6.517	0.65
P1030689#1D	VI	1	0	9	1	6	0	0	80	-6.460	0.47
P1030689#1D	VI	1	0	10	2	12	0	0	80	-6.564	0.15
P1030689#1D	VI	1	0	11	3	18	0	0	80	-6.551	0.28
P1030689#1D	VI	1	0	12	4	24	0	0	80	-6.533	0.23
P1030693#0S	V	0	0	0	-3	6	0	0	80	-6.591	0.55
P1030693#0S	V	0	0	1	-2	4	0	0	80	-6.515	0.46
P1030693#0S	V	0	0	2	-1	2	0	0	80	-6.816	0.64
P1030693#0S	V	0	0	3	0	0	0	0	80	-6.625	0.44
P1030693#0S	V	0	0	4	1	2	0	0	80	-6.573	0.49
P1030693#0S	V	0	0	5	2	4	0	0	80	-6.187	0.42
P1030693#0S	V	0	0	6	3	7	0	0	80	-6.339	0.53
P1030693#0S	V	0	0	7	4	10	0	0	80	-6.319	0.65
P1030693#0S	V	0	0	8	5	13	0	0	80	-6.441	0.57
P1030693#0S	V	0	0	9	6	16	0	0	80	-6.605	0.54
P1030693#0S	V	0	0	10	7	19	0	0	80	-6.638	0.51
P1030693#0S	V	0	0	11	8	22	0	0	80	-6.652	0.56
P1030693#0S	V	0	0	12	9	25	0	0	80	-6.290	0.44
P1030693#0S	V	0	0	13	10	28	0	0	80	-6.475	0.39
P1030693#0S	V	0	0	14	11	31	0	0	80	-6.542	0.31
P1030693#0S	V	0	0	15	12	34	0	0	80	-6.593	0.33
P1030693#0S	V	0	0	16	13	37	0	0	80	-6.341	0.38
P1030693#0S	V	0	0	17	-12	39	0	0	80	-6.621	0.35
P1030693#0S	V	0	0	18	-11	42	0	0	80	-6.412	0.44
P1030693#0S	V	0	0	19	-10	45	0	0	80	-6.416	0.45
P1030693#0S	V	0	0	20	-9	48	0	0	80	-6.537	0.29
P1030693#0S	V	0	0	21	-8	51	0	0	80	-6.536	0.40
P1030693#0S	V	0	0	22	-7	54	0	0	80	-6.606	0.23
P1030693#0S	V	0	0	23	-6	57	0	0	80	-6.602	0.29
P1030693#0S	V	0	0	24	-5	60	0	0	80	-6.607	0.35
P1030693#0S	V	0	0	25	-4	63	0	0	80	-6.278	0.26
P1030693#0D	VII	1	0	0	-3	15	0	0	80	-6.507	0.40
P1030693#0D	VII	1	0	1	-2	10	0	0	80	-6.635	0.45
P1030693#0D	VII	1	0	2	-1	5	0	0	80	-6.598	0.41
P1030693#0D	VII	1	0	3	0	0	0	3	80	-4.508	1.06
P1030693#0D	VII	1	0	4	1	5	0	0	80	-6.611	0.33
P1030693#0D	VII	1	0	5	2	10	0	0	80	-6.581	0.53
P1030693#0D	VII	1	0	6	3	16	0	0	80	-6.663	0.51
P1030693#0D	VII	1	0	7	4	22	0	0	80	-6.601	0.53
P1030693#0D	VII	1	0	8	5	27	0	0	80	-6.655	0.50
P1030693#0D	VII	1	0	9	6	33	0	0	80	-6.773	0.50
P1030693#0D	VII	1	0	10	-6	39	0	0	80	-6.365	0.42
P1030693#0D	VII	1	0	11	-5	45	0	0	80	-6.697	0.28
P1030693#0D	VII	1	0	12	-4	50	0	0	80	-6.582	0.26
P1030693#1S	III	0	0	0	11	40	0	0	80	-6.604	0.45
P1030693#1S	III	0	0	1	12	38	0	0	80	-6.555	0.38
P1030693#1S	III	0	0	2	-13	36	0	0	80	-6.425	0.44
P1030693#1S	III	0	0	3	-12	33	0	0	80	-6.624	0.54
P1030693#1S	III	0	0	4	-11	30	0	0	80	-6.586	0.36
P1030693#1S	III	0	0	5	-10	27	0	0	80	-6.633	0.47
P1030693#1S	III	0	0	6	-9	25	0	0	80	-6.527	0.34
P1030693#1S	III	0	0	7	-8	22	0	0	80	-6.442	0.24
P1030693#1S	III	0	0	8	-7	19	0	0	80	-6.549	0.59
P1030693#1S	III	0	0	9	-6	16	0	0	80	-6.682	0.50
P1030693#1S	III	0	0	10	-5	13	0	0	80	-6.515	0.35
P1030693#1S	III	0	0	11	-4	10	0	0	80	-6.371	0.42
P1030693#1S	III	0	0	12	-3	7	0	0	80	-6.702	0.30
P1030693#1S	III	0	0	13	-2	5	0	0	80	-6.298	0.35
P1030693#1S	III	0	0	14	-1	2	0	0	80	-6.501	0.45
P1030693#1S	III	0	0	15	0	0	0	0	80	-6.605	0.42
P1030693#1S	III	0	0	16	1	3	0	0	80	-6.482	0.38
P1030693#1S	III	0	0	17	2	6	0	0	80	-6.778	0.55
P1030693#1S	III	0	0	18	3	9	0	0	80	-6.798	0.25
P1030693#1S	III	0	0	19	4	11	0	0	80	-6.748	0.42
P1030693#1S	III	0	0	20	5	14	0	0	80	-6.672	0.41
P1030693#1S	III	0	0	21	6	17	0	0	80	-6.404	0.51
P1030693#1S	III	0	0	22	7	48	0	0	80	-6.489	0.34
P1030693#1S	III	0	0	23	8	46	0	0	80	-6.599	0.36
P1030693#1S	III	0	0	24	9	44	0	0	80	-6.507	0.36
P1030693#1S	III	0	0	25	10	42	0	0	80	-6.609	0.30
P1030693#1D	VII	1	0	0	-2	8	0	0	80	-6.618	0.39
P1030693#1D	VII	1	0	1	-1	4	0	0	80	-6.528	0.33
P1030693#1D	VII	1	0	2	0	0	0	1	80	-4.508	0.72
P1030693#1D	VII	1	0	3	1	4	0	0	80	-6.523	0.55
P1030693#1D	VII	1	0	4	2	8	0	0	80	-6.618	0.42
P1030693#1D	VII	1	0	5	3	13	0	0	80	-6.553	0.50
P1030693#1D	VII	1	0	6	4	19	0	0	80	-6.604	0.53
P1030693#1D	VII	1	0	7	5	25	0	0	80	-6.611	0.39
P1030693#1D	VII	1	0	8	6	31	0	0	80	-6.572	0.45
P1030693#1D	VII	1	0	9	-6	37	0	0	80	-6.503	0.31
P1030693#1D	VII	1	0	10	-5	43	0	0	80	-6.597	0.35
P1030693#1D	VII	1	0	11	-4	49	0	0	80	-6.462	0.31
P1030693#1D	VII	1	0	12	-3	55	0	0	80	-6.662	0.33
P1030684#0S	I	0	0	0	-10	30	0	0	80	-6.580	0.34
P1030684#0S	I	0	0	1	-9	27	0	0	80	-6.853	0.40
P1030684#0S	I	0	0	2	-8	24	0	0	80	-6.587	0.44
P1030684#0S	I	0	0	3	-7	21	0	0	80	-6.509	0.39
P1030684#0S	I	0	0	4	-6	18	0	0	80	-6.574	0.50
P1030684#0S	I	0	0	5	-5	15	0	0	80	-6.512	0.45
P1030684#0S	I	0	0	6	-4	12	0	0	80	-6.512	0.53
P1030684#0S	I	0	0	7	-3	9	0	0	80	-6.587	0.64
P1030684#0S	I	0	0	8	-2	6	0	2	80	-4.546	0.81
P1030684#0S	I	0	0	9	-1	3	0	2	80	-4.646	0.50
P1030684#0S	I	0	0	10	0	0	0	1	80	-3.892	0.49
P1030684#0S	I	0	0	11	1	3	0	0	80	-6.627	0.68
P1030684#0S	I	0	0	12	2	6	0	0	80	-6.475	0.60
P1030684#0S	I	0	0	13	3	9	0	0	80	-6.378	0.40
P1030684#0S	I	0	0	14	4	12	0	1	80	-5.443	0.66
P1030684#0S	I	0	0	15	5	15	0	0	80	-6.623	0.33
P1030684#0S	I	0	0	16	6	18	0	0	80	-6.511	0.34
P1030684#0S	I	0	0	17	7	52	0	0	80	-6.596	0.51
P1030684#0S	I	0	0	18	8	50	0	0	80	-6.638	0.34
P1030684#0S	I	0	0	19	9	48	0	0	80	-6.859	0.44
P1030684#0S	I	0	0	20	10	46	0	0	80	-6.713	0.38
P1030684#0S	I	0	0	21	11	44	0	0	80	-6.673	0.35
P1030684#0S	I	0	0	22	12	42	0	0	80	-6.531	0.34
P1030684#0S	I	0	0	23	13	39	0	0	80	-6.482	0.30
P1030684#0S	I	0	0	24	-12	36	0	0	80	-6.692	0.30
P1030684#0S	I	0	0	25	-11	33	0	0	80	-6.756	0.39
P1030684#0D	VII	1	0	0	3	55	0	0	80	-6.377	0.54
P1030684#0D	VII	1	0	1	4	50	0	0	80	-6.487	0.49
P1030684#0D	VII	1	0	2	5	45	0	0	80	-6.552	0.75
P1030684#0D	VII	1	0	3	6	40	0	0	80	-6.588	0.51
P1030684#0D	VII	1	0	4	-6	35	0	0	80	-6.524	0.74
P1030684#0D	VII	1	0	5	-5	30	0	0	80	-6.481	0.45
P1030684#0D	VII	1	0	6	-4	24	0	0	80	-6.524	0.66
P1030684#0D	VII	1	0	7	-3	18	0	0	80	-6.534	0.91
P1030684#0D	VII	1	0	8	-2	12	0	3	80	-5.197	1.05
P1030684#0D	VII	1	0	9	-1	6	0	2	80	-4.933	0.97
P1030684#0D	VII	1	0	10	0	0	0	6	80	-3.892	1.41
P1030684#0D	VII	1	0	11	1	5	0	2	80	-4.604	0.68
P1030684#0D	VII	1	0	12	2	11	0	0	80	-6.587	0.44
P1030684#1S	III	0	0	0	-4	11	0	0	80	-6.494	0.46
P1030684#1S	III	0	0	1	-3	9	0	0	80	-6.683	0.54
P1030684#1S	III	0	0	2	-2	6	0	2	80	-4.372	1.24
P1030684#1S	III	0	0	3	-1	3	0	2	80	-4.043	1.10
P1030684#1S	III	0	0	4	0	0	0	3	80	-3.892	1.34
P1030684#1S	III	0	0	5	1	3	0	7	80	-4.380	2.26
P1030684#1S	III	0	0	6	2	6	0	1	80	-4.653	1.36
P1030684#1S	III	0	0	7	3	9	0	1	80	-4.853	1.20
P1030684#1S	III	0	0	8	4	11	0	0	80	-6.573	1.20
P1030684#1S	III	0	0	9	5	14	0	0	80	-6.524	1.00
P1030684#1S	III	0	0	10	6	17	0	0	80	-6.491	0.91
P1030684#1S	III	0	0	11	7	20	0	0	80	-6.414	0.88
P1030684#1S	III	0	0	12	8	23	0	0	80	-6.378	0.64
P1030684#1S	III	0	0	13	9	26	0	0	80	-6.728	0.56
P1030684#1S	III	0	0	14	10	28	0	0	80	-6.433	0.42
P1030684#1S	III	0	0	15	11	31	0	0	80	-6.745	0.42
P1030684#1S	III	0	0	16	12	34	0	0	80	-6.610	0.65
P1030684#1S	III	0	0	17	13	37	0	0	80	-6.449	0.49
P1030684#1S	III	0	0	18	-12	39	0	0	80	-6.565	0.47
P1030684#1S	III	0	0	19	-11	42	0	0	80	-6.555	0.41
P1030684#1S	III	0	0	20	-10	45	0	0	80	-6.683	0.38
P1030684#1S	III	0	0	21	-9	48	0	0	80	-6.297	0.50
P1030684#1S	III	0	0	22	-8	19	0	0	80	-6.474	0.82
P1030684#1S	III	0	0	23	-7	17	0	0	80	-6.464	1.02
P1030684#1S	III	0	0	24	-6	15	0	0	80	-6.074	0.80
P1030684#1S	III	0	0	25	-5	13	0	0	80	-6.592	0.84
P1030684#1D	VIII	1	0	0	-4	19	0	1	80	-5.980	0.94
P1030684#1D	VIII	1	0	1	-3	14	0	1	80	-5.557	0.65
P1030684#1D	VIII	1	0	2	-2	10	0	2	80	-5.386	0.90
P1030684#1D	VIII	1	0	3	-1	5	0	4	80	-4.874	1.07
P1030684#1D	VIII	1	0	4	0	0	0	2	80	-3.892	0.79
P1030684#1D	VIII	1	0	5	1	5	0	4	80	-4.642	0.94
P1030684#1D	VIII	1	0	6	2	10	0	0	80	-6.631	0.60
P1030684#1D	VIII	1	0	7	3	16	0	0	80	-6.759	0.53
P1030684#1D	VIII	1	0	8	4	22	0	0	80	-6.506	0.47
P1030684#1D	VIII	1	0	9	5	28	0	0	80	-6.537	0.36
P1030684#1D	VIII	1	0	10	6	34	0	0	80	-6.669	0.33
P1030684#1D	VIII	1	0	11	-6	40	0	0	80	-6.628	0.26
P1030684#1D	VIII	1	0	12	-5	46	0	0	80	-6.467	0.23
P1030696#0S	I	0	0	0	10	48	0	0	80	-6.605	0.28
P1030696#0S	I	0	0	1	11	45	0	0	80	-6.591	0.50
P1030696#0S	I	0	0	2	12	42	0	0	80	-6.631	0.49
P1030696#0S	I	0	0	3	-13	39	0	0	80	-6.573	0.61
P1030696#0S	I	0	0	4	-12	36	0	0	80	-6.550	0.76
P1030696#0S	I	0	0	5	-11	33	0	0	80	-6.503	0.47
P1030696#0S	I	0	0	6	-10	30	0	0	80	-6.494	0.41
P1030696#0S	I	0	0	7	-9	27	0	0	80	-6.405	0.49
P1030696#0S	I	0	0	8	-8	24	0	0	80	-6.400	0.46
P1030696#0S	I	0	0	9	-7	21	0	0	80	-6.574	0.35
P1030696#0S	I	0	0	10	-6	18	0	0	80	-6.437	0.53
P1030696#0S	I	0	0	11	-5	15	0	0	80	-6.721	0.82
P1030696#0S	I	0	0	12	-4	12	0	0	80	-6.670	0.56
P1030696#0S	I	0	0	13	-3	9	0	0	80	-6.741	0.65
P1030696#0S	I	0	0	14	-2	6	0	0	80	-6.603	0.41
P1030696#0S	I	0	0	15	-1	3	0	0	80	-6.368	0.45
P1030696#0S	I	0	0	16	0	0	0	0	80	-6.766	0.54
P1030696#0S	I	0	0	17	1	70	0	0	80	-6.657	0.38
P1030696#0S	I	0	0	18	2	68	0	0	80	-6.525	0.29
P1030696#0S	I	0	0	19	3	66	0	0	80	-6.375	0.36
P1030696#0S	I	0	0	20	4	64	0	0	80	-6.449	0.44
P1030696#0S	I	0	0	21	5	62	0	0	80	-6.596	0.54
P1030696#0S	I	0	0	22	6	60	0	0	80	-6.425	0.29
P1030696#0S	I	0	0	23	7	57	0	0	80	-6.509	0.34
P1030696#0S	I	0	0	24	8	54	0	0	80	-6.642	0.28
P1030696#0S	I	0	0	25	9	51	0	0	80	-6.463	0.35
P1030696#0D	VII	1	0	0	-3	14	0	0	80	-6.579	0.46
P1030696#0D	VII	1	0	1	-2	9	0	0	80	-6.214	0.57
P1030696#0D	VII	1	0	2	-1	4	0	0	80	-6.493	0.35
P1030696#0D	VII	1	0	3	0	0	0	0	80	-6.386	0.50
P1030696#0D	VII	1	0	4	1	5	0	0	80	-6.452	0.55
P1030696#0D	VII	1	0	5	2	10	0	0	80	-6.621	0.57
P1030696#0D	VII	1	0	6	3	16	0	0	80	-6.392	0.42
P1030696#0D	VII	1	0	7	4	22	0	0	80	-6.591	0.33
P1030696#0D	VII	1	0	8	5	27	0	0	80	-6.619	0.23
P1030696#0D	VII	1	0	9	6	33	0	0	80	-6.811	0.40
P1030696#0D	VII	1	0	10	-6	39	0	0	80	-6.826	0.38
P1030696#0D	VII	1	0	11	-5	45	0	0	80	-6.654	0.44
P1030696#0D	VII	1	0	12	-4	51	0	0	80	-6.904	0.31
P1030696#1S	IV	0	0	0	2	6	0	0	80	-6.549	0.28
P1030696#1S	IV	0	0	1	3	9	0	0	80	-6.493	0.20
P1030696#1S	IV	0	0	2	4	12	0	0	80	-6.592	0.21
P1030696#1S	IV	0	0	3	5	14	0	0	80	-6.456	0.26
P1030696#1S	IV	0	0	4	6	17	0	0	80	-6.637	0.17
P1030696#1S	IV	0	0	5	7	20	0	0	80	-6.574	0.19
P1030696#1S	IV	0	0	6	8	22	0	0	80	-6.648	0.12
P1030696#1S	IV	0	0	7	9	25	0	0	80	-6.518	0.17
P1030696#1S	IV	0	0	8	10	27	0	0	80	-6.499	0.35
P1030696#1S	IV	0	0	9	11	29	0	0	80	-6.492	0.10
P1030696#1S	IV	0	0	10	12	33	0	0	80	-6.405	0.28
P1030696#1S	IV	0	0	11	-13	31	0	0	80	-6.561	0.31
P1030696#1S	IV	0	0	12	-12	29	0	0	80	-6.466	0.20
P1030696#1S	IV	0	0	13	-11	27	0	0	80	-6.504	0.24
P1030696#1S	IV	0	0	14	-10	26	0	0	80	-6.478	0.21
P1030696#1S	IV	0	0	15	-9	24	0	0	80	-6.475	0.21
P1030696#1S	IV	0	0	16	-8	21	0	0	80	-6.574	0.25
P1030696#1S	IV	0	0	17	-7	18	0	0	80	-6.640	0.33
P1030696#1S	IV	0	0	18	-6	15	0	0	80	-6.668	0.29
P1030696#1S	IV	0	0	19	-5	13	0	0	80	-6.574	0.23
P1030696#1S	IV	0	0	20	-4	11	0	0	80	-6.428	0.33
P1030696#1S	IV	0	0	21	-3	8	0	0	80	-6.393	0.39
P1030696#1S	IV	0	0	22	-2	6	0	0	80	-6.485	0.21
P1030696#1S	IV	0	0	23	-1	3	0	0	80	-6.625	0.30
P1030696#1S	IV	0	0	24	0	0	0	0	80	-6.698	0.34
P1030696#1S	IV	0	0	25	1	3	0	0	80	-6.246	0.30
P1030696#1D	VII	1	0	0	2	55	0	0	80	-6.424	0.28
P1030696#1D	VII	1	0	1	3	50	0	0	80	-6.549	0.19
P1030696#1D	VII	1	0	2	4	45	0	0	80	-6.607	0.24
P1030696#1D	VII	1	0	3	5	41	0	0	80	-6.580	0.20
P1030696#1D	VII	1	0	4	6	36	0	0	80	-6.566	0.38
P1030696#1D	VII	1	0	5	-6	31	0	0	80	-6.446	0.42
P1030696#1D	VII	1	0	6	-5	26	0	0	80	-6.641	0.29
P1030696#1D	VII	1	0	7	-4	21	0	0	80	-6.519	0.29
P1030696#1D	VII	1	0	8	-3	17	0	0	80	-6.219	0.24
P1030696#1D	VII	1	0	9	-2	11	0	0	80	-6.391	0.21
P1030696#1D	VII	1	0	10	-1	6	0	0	80	-6.406	0.29
P1030696#1D	VII	1	0	11	0	0	0	0	80	-6.357	0.44
P1030696#1D	VII	1	0	12	1	6	0	0	80	-6.658	0.44
P1030702#0S	I	0	0	0	8	19	0	0	80	-6.346	0.91
P1030702#0S	I	0	0	1	9	22	0	0	80	-6.122	0.65
P1030702#0S	I	0	0	2	10	25	0	0	80	-6.620	0.45
P1030702#0S	I	0	0	3	11	28	0	0	80	-6.467	0.44
P1030702#0S	I	0	0	4	12	31	0	0	80	-6.394	0.60
P1030702#0S	I	0	0	5	-13	34	0	0	80	-6.627	0.35
P1030702#0S	I	0	0	6	-12	37	0	0	80	-6.114	0.46
P1030702#0S	I	0	0	7	-11	40	0	0	80	-6.433	0.56
P1030702#0S	I	0	0	8	-10	42	0	0	80	-6.639	0.35
P1030702#0S	I	0	0	9	-9	44	0	0	80	-6.563	0.35
P1030702#0S	I	0	0	10	-8	46	0	0	80	-6.456	0.46
P1030702#0S	I	0	0	11	-7	48	0	0	80	-6.613	0.56
P1030702#0S	I	0	0	12	-6	50	0	0	80	-6.471	0.53
P1030702#0S	I	0	0	13	-5	53	0	0	80	-6.484	0.45
P1030702#0S	I	0	0	14	-4	56	0	0	80	-6.463	0.49
P1030702#0S	I	0	0	15	-3	59	0	0	80	-6.602	0.54
P1030702#0S	I	0	0	16	-2	62	0	0	80	-6.451	0.45
P1030702#0S	I	0	0	17	-1	1	0	3	80	-4.844	1.41
P1030702#0S	I	0	0	18	0	0	0	3	80	-4.604	1.39
P1030702#0S	I	0	0	19	1	2	0	3	80	-4.593	1.27
P1030702#0S	I	0	0	20	2	4	0	3	80	-4.841	1.52
P1030702#0S	I	0	0	21	3	6	0	2	80	-4.998	1.45
P1030702#0S	I	0	0	22	4	8	0	5	80	-5.044	1.55
P1030702#0S	I	0	0	23	5	10	0	1	80	-5.180	1.07
P1030702#0S	I	0	0	24	6	13	0	0	80	-6.416	0.69
P1030702#0S	I	0	0	25	7	16	0	1	80	-6.036	1.16
P1030702#0D	VI	1	0	0	-5	24	0	0	80	-6.570	1.02
P1030702#0D	VI	1	0	1	-4	19	0	0	80	-6.500	0.70
P1030702#0D	VI	1	0	2	-3	14	0	0	80	-6.397	0.74
P1030702#0D	VI	1	0	3	-2	10	0	0	80	-6.195	0.78
P1030702#0D	VI	1	0	4	-1	5	0	4	80	-5.281	1.51
P1030702#0D	VI	1	0	5	0	0	0	1	80	-4.604	0.97
P1030702#0D	VI	1	0	6	1	4	0	0	80	-6.275	0.71
P1030702#0D	VI	1	0	7	2	10	0	1	80	-5.976	0.91
P1030702#0D	VI	1	0	8	3	16	0	0	80	-6.636	0.24
P1030702#0D	VI	1	0	9	4	22	0	0	80	-6.510	0.44
P1030702#0D	VI	1	0	10	5	26	0	0	80	-6.679	0.30
P1030702#0D	VI	1	0	11	6	31	0	0	80	-6.491	0.30
P1030702#0D	VI	1	0	12	-6	37	0	0	80	-6.445	0.24
P1030702#1S	V	0	0	0	0	0	0	7	80	-4.604	2.84
P1030702#1S	V	0	0	1	1	2	0	5	80	-4.875	2.31
P1030702#1S	V	0	0	2	2	4	0	4	80	-4.887	2.42
P1030702#1S	V	0	0	3	3	6	0	3	80	-4.963	1.90
P1030702#1S	V	0	0	4	4	8	0	6	80	-4.934	1.77
P1030702#1S	V	0	0	5	5	10	0	0	80	-6.203	1.10
P1030702#1S	V	0	0	6	6	13	0	1	80	-5.306	1.06
P1030702#1S	V	0	0	7	7	15	0	0	80	-6.412	0.66
P1030702#1S	V	0	0	8	8	17	0	0	80	-6.207	1.00
P1030702#1S	V	0	0	9	9	20	0	0	80	-6.483	0.90
P1030702#1S	V	0	0	10	10	23	0	0	80	-6.620	0.60
P1030702#1S	V	0	0	11	11	26	0	0	80	-6.309	0.62
P1030702#1S	V	0	0	12	12	29	0	0	80	-6.416	0.79
P1030702#1S	V	0	0	13	13	32	0	0	80	-6.508	0.74
P1030702#1S	V	0	0	14	-12	35	0	0	80	-6.540	0.72
P1030702#1S	V	0	0	15	-11	38	0	0	80	-6.220	0.68
P1030702#1S	V	0	0	16	-10	41	0	0	80	-6.376	0.61
P1030702#1S	V	0	0	17	-9	44	0	0	80	-6.624	0.44
P1030702#1S	V	0	0	18	-8	47	0	0	80	-6.241	0.41
P1030702#1S	V	0	0	19	-7	50	0	0	80	-6.707	0.62
P1030702#1S	V	0	0	20	-6	53	0	0	80	-6.362	0.40
P1030702#1S	V	0	0	21	-5	56	0	0	80	-6.527	0.36
P1030702#1S	V	0	0	22	-4	59	0	0	80	-6.609	0.42
P1030702#1S	V	0	0	23	-3	62	0	0	80	-6.528	0.40
P1030702#1S	V	0	0	24	-2	65	0	0	80	-6.552	0.33
P1030702#1S	V	0	0	25	-1	68	0	0	80	-6.280	0.29
P1030702#1D	VI	1	0	0	0	0	0	6	80	-4.604	1.68
P1030702#1D	VI	1	0	1	1	5	0	7	80	-5.469	2.08
P1030702#1D	VI	1	0	2	2	10	0	2	80	-5.520	1.70
P1030702#1D	VI	1	0	3	3	15	0	0	80	-6.265	1.32
P1030702#1D	VI	1	0	4	4	20	0	0	80	-6.492	0.84
P1030702#1D	VI	1	0	5	5	25	0	0	80	-6.568	0.97
P1030702#1D	VI	1	0	6	6	31	0	0	80	-6.060	0.57
P1030702#1D	VI	1	0	7	-6	37	0	0	80	-6.632	0.62
P1030702#1D	VI	1	0	8	-5	43	0	0	80	-6.407	0.61
P1030702#1D	VI	1	0	9	-4	49	0	0	80	-6.667	0.34
P1030702#1D	VI	1	0	10	-3	55	0	0	80	-6.539	0.42
P1030702#1D	VI	1	0	11	-2	61	0	0	80	-6.753	0.33
P1030702#1D	VI	1	0	12	-1	67	0	0	80	-6.146	0.53
P1030695#0S	I	0	0	0	-10	29	0	0	80	-6.469	0.33
P1030695#0S	I	0	0	1	-9	26	0	0	80	-6.391	0.47
P1030695#0S	I	0	0	2	-8	24	0	0	80	-6.339	0.46
P1030695#0S	I	0	0	3	-7	21	0	0	80	-6.333	0.35
P1030695#0S	I	0	0	4	-6	18	0	0	80	-6.484	0.35
P1030695#0S	I	0	0	5	-5	15	0	0	80	-6.421	0.44
P1030695#0S	I	0	0	6	-4	12	0	0	80	-6.567	0.47
P1030695#0S	I	0	0	7	-3	9	0	0	80	-6.468	0.38
P1030695#0S	I	0	0	8	-2	6	0	0	80	-6.517	0.34
P1030695#0S	I	0	0	9	-1	3	0	0	80	-6.583	0.50
P1030695#0S	I	0	0	10	0	0	0	0	80	-6.524	0.42
P1030695#0S	I	0	0	11	1	3	0	0	80	-6.438	0.38
P1030695#0S	I	0	0	12	2	6	0	0	80	-5.998	0.42
P1030695#0S	I	0	0	13	3	9	0	0	80	-6.461	0.55
P1030695#0S	I	0	0	14	4	12	0	0	80	-6.572	0.25
P1030695#0S	I	0	0	15	5	15	0	0	80	-6.510	0.26
P1030695#0S	I	0	0	16	6	18	0	0	80	-6.857	0.33
P1030695#0S	I	0	0	17	7	50	0	0	80	-6.500	0.38
P1030695#0S	I	0	0	18	8	48	0	0	80	-6.397	0.23
P1030695#0S	I	0	0	19	9	46	0	0	80	-6.524	0.33
P1030695#0S	I	0	0	20	10	44	0	0	80	-6.677	0.44
P1030695#0S	I	0	0	21	11	42	0	0	80	-6.435	0.42
P1030695#0S	I	0	0	22	12	40	0	0	80	-6.456	0.31
P1030695#0S	I	0	0	23	13	37	0	0	80	-6.534	0.41
P1030695#0S	I	0	0	24	-12	34	0	0	80	-6.477	0.39
P1030695#0S	I	0	0	25	-11	32	0	0	80	-6.577	0.41
P1030695#0D	VI	1	0	0	3	52	0	0	80	-6.582	0.24
P1030695#0D	VI	1	0	1	4	48	0	0	80	-6.637	0.30
P1030695#0D	VI	1	0	2	5	43	0	0	80	-6.410	0.45
P1030695#0D	VI	1	0	3	6	38	0	0	80	-6.482	0.55
P1030695#0D	VI	1	0	4	-6	33	0	0	80	-6.336	0.26
P1030695#0D	VI	1	0	5	-5	28	0	0	80	-6.474	0.38
P1030695#0D	VI	1	0	6	-4	22	0	0	80	-6.403	0.47
P1030695#0D	VI	1	0	7	-3	16	0	0	80	-6.437	0.55
P1030695#0D	VI	1	0	8	-2	11	0	0	80	-6.462	0.46
P1030695#0D	VI	1	0	9	-1	6	0	0	80	-6.461	0.75
P1030695#0D	VI	1	0	10	0	0	0	1	80	-5.485	0.70
P1030695#0D	VI	1	0	11	1	6	0	0	80	-6.610	0.49
P1030695#0D	VI	1	0	12	2	12	0	0	80	-6.485	0.66
P1030695#1S	II	0	0	0	-2	5	0	0	80	-6.572	0.36
P1030695#1S	II	0	0	1	-1	2	0	0	80	-6.657	0.56
P1030695#1S	II	0	0	2	0	0	0	0	80	-6.600	0.57
P1030695#1S	II	0	0	3	1	3	0	0	80	-6.755	0.47
P1030695#1S	II	0	0	4	2	6	0	0	80	-6.290	0.50
P1030695#1S	II	0	0	5	3	59	0	0	80	-6.498	0.33
P1030695#1S	II	0	0	6	4	57	0	0	80	-6.433	0.15
P1030695#1S	II	0	0	7	5	55	0	0	80	-6.596	0.19
P1030695#1S	II	0	0	8	6	54	0	0	80	-6.641	0.15
P1030695#1S	II	0	0	9	7	52	0	0	80	-6.327	0.21
P1030695#1S	II	0	0	10	8	50	0	0	80	-6.451	0.10
P1030695#1S	II	0	0	11	9	48	0	0	80	-6.493	0.25
P1030695#1S	II	0	0	12	10	45	0	0	80	-6.597	0.04
P1030695#1S	II	0	0	13	11	42	0	0	80	-6.474	0.15
P1030695#1S	II	0	0	14	12	39	0	0	80	-6.403	0.14
P1030695#1S	II	0	0	15	13	36	0	0	80	-6.401	0.19
P1030695#1S	II	0	0	16	-12	34	0	0	80	-6.370	0.30
P1030695#1S	II	0	0	17	-11	31	0	0	80	-6.361	0.21
P1030695#1S	II	0	0	18	-10	29	0	0	80	-6.452	0.35
P1030695#1S	II	0	0	19	-9	26	0	0	80	-6.602	0.28
P1030695#1S	II	0	0	20	-8	23	0	0	80	-6.573	0.31
P1030695#1S	II	0	0	21	-7	20	0	0	80	-6.612	0.12
P1030695#1S	II	0	0	22	-6	17	0	0	80	-6.666	0.25
P1030695#1S	II	0	0	23	-5	14	0	0	80	-6.700	0.30
P1030695#1S	II	0	0	24	-4	11	0	0	80	-6.465	0.35
P1030695#1S	II	0	0	25	-3	8	0	0	80	-6.493	0.30
P1030695#1D	VI	1	0	0	-2	9	0	0	80	-6.519	0.53
P1030695#1D	VI	1	0	1	-1	5	0	0	80	-6.583	0.75
P1030695#1D	VI	1	0	2	0	0	0	0	80	-6.525	0.49
P1030695#1D	VI	1	0	3	1	5	0	0	80	-6.225	0.71
P1030695#1D	VI	1	0	4	2	10	0	0	80	-6.430	0.62
P1030695#1D	VI	1	0	5	3	14	0	0	80	-6.231	0.70
P1030695#1D	VI	1	0	6	4	19	0	0	80	-6.568	0.53
P1030695#1D	VI	1	0	7	5	25	0	0	80	-6.117	0.61
P1030695#1D	VI	1	0	8	6	31	0	0	80	-6.376	0.44
P1030695#1D	VI	1	0	9	-6	36	0	0	80	-6.680	0.30
P1030695#1D	VI	1	0	10	-5	42	0	0	80	-6.389	0.33
P1030695#1D	VI	1	0	11	-4	48	0	0	80	-6.354	0.36
P1030695#1D	VI	1	0	12	-3	54	0	0	80	-6.391	0.21
P1030663#0S	I	0	0	0	-12	34	0	0	80	-6.404	0.16
P1030663#0S	I	0	0	1	-11	31	0	0	80	-6.515	0.28
P1030663#0S	I	0	0	2	-10	29	0	0	80	-6.381	0.25
P1030663#0S	I	0	0	3	-9	26	0	0	80	-6.603	0.42
P1030663#0S	I	0	0	4	-8	23	0	0	80	-6.618	0.26
P1030663#0S	I	0	0	5	-7	20	0	0	80	-6.488	0.45
P1030663#0S	I	0	0	6	-6	17	0	0	80	-6.611	0.39
P1030663#0S	I	0	0	7	-5	14	0	0	80	-6.397	0.30
P1030663#0S	I	0	0	8	-4	11	0	0	80	-6.501	0.42
P1030663#0S	I	0	0	9	-3	8	0	0	80	-6.472	0.47
P1030663#0S	I	0	0	10	-2	5	0	0	80	-6.438	0.53
P1030663#0S	I	0	0	11	-1	2	0	3	80	-4.161	0.85
P1030663#0S	I	0	0	12	0	0	0	0	80	-6.375	0.78
P1030663#0S	I	0	0	13	1	3	0	2	80	-4.313	1.20
P1030663#0S	I	0	0	14	2	6	0	0	80	-6.427	0.82
P1030663#0S	I	0	0	15	3	9	0	0	80	-6.680	0.62
P1030663#0S	I	0	0	16	4	12	0	0	80	-6.360	0.56
P1030663#0S	I	0	0	17	5	50	0	0	80	-6.395	0.28
P1030663#0S	I	0	0	18	6	48	0	0	80	-6.637	0.23
P1030663#0S	I	0	0	19	7	47	0	0	80	-6.423	0.29
P1030663#0S	I	0	0	20	8	45	0	0	80	-6.469	0.31
P1030663#0S	I	0	0	21	9	43	0	0	80	-6.682	0.14
P1030663#0S	I	0	0	22	10	42	0	0	80	-6.557	0.21
P1030663#0S	I	0	0	23	11	39	0	0	80	-6.514	0.23
P1030663#0S	I	0	0	24	12	37	0	0	80	-6.591	0.20
P1030663#0S	I	0	0	25	13	36	0	0	80	-6.328	0.28
P1030663#0D	VII	1	0	0	1	61	0	0	80	-6.630	0.34
P1030663#0D	VII	1	0	1	2	56	0	0	80	-6.733	0.17
P1030663#0D	VII	1	0	2	3	51	0	0	80	-6.587	0.14
P1030663#0D	VII	1	0	3	4	46	0	0	80	-6.428	0.24
P1030663#0D	VII	1	0	4	5	43	0	0	80	-6.526	0.17
P1030663#0D	VII	1	0	5	6	38	0	0	80	-6.231	0.25
P1030663#0D	VII	1	0	6	-6	33	0	0	80	-6.541	0.30
P1030663#0D	VII	1	0	7	-5	27	0	0	80	-6.773	0.46
P1030663#0D	VII	1	0	8	-4	22	0	0	80	-6.470	0.50
P1030663#0D	VII	1	0	9	-3	18	0	0	80	-6.620	0.50
P1030663#0D	VII	1	0	10	-2	12	0	0	80	-6.422	0.50
P1030663#0D	VII	1	0	11	-1	6	0	0	80	-6.612	0.45
P1030663#0D	VII	1	0	12	0	0	0	0	80	-6.595	0.57
P1030663#1S	IV	0	0	0	-13	37	0	0	80	-6.781	0.76
P1030663#1S	IV	0	0	1	-12	39	0	0	80	-6.642	0.56
P1030663#1S	IV	0	0	2	-11	42	0	0	80	-6.507	0.62
P1030663#1S	IV	0	0	3	-10	45	0	0	80	-6.625	0.54
P1030663#1S	IV	0	0	4	-9	48	0	0	80	-6.552	0.26
P1030663#1S	IV	0	0	5	-8	51	0	0	80	-6.350	0.23
P1030663#1S	IV	0	0	6	-7	53	0	0	80	-6.507	0.30
P1030663#1S	IV	0	0	7	-6	56	0	0	80	-6.610	0.34
P1030663#1S	IV	0	0	8	-5	59	0	0	80	-6.423	0.33
P1030663#1S	IV	0	0	9	-4	62	0	0	80	-6.603	0.21
P1030663#1S	IV	0	0	10	-3	6	0	0	80	-6.630	0.66
P1030663#1S	IV	0	0	11	-2	4	0	0	80	-6.478	0.75
P1030663#1S	IV	0	0	12	-1	2	0	0	80	-6.810	1.01
P1030663#1S	IV	0	0	13	0	0	0	1	80	-3.719	1.27
P1030663#1S	IV	0	0	14	1	2	0	1	80	-4.256	1.02
P1030663#1S	IV	0	0	15	2	4	0	1	80	-4.257	0.62
P1030663#1S	IV	0	0	16	3	7	0	1	80	-4.472	0.81
P1030663#1S	IV	0	0	17	4	10	0	0	80	-6.337	0.66
P1030663#1S	IV	0	0	18	5	13	0	1	80	-4.805	0.81
P1030663#1S	IV	0	0	19	6	16	0	0	80	-6.430	0.75
P1030663#1S	IV	0	0	20	7	19	0	0	80	-6.311	0.86
P1030663#1S	IV	0	0	21	8	22	0	0	80	-6.541	0.81
P1030663#1S	IV	0	0	22	9	25	0	0	80	-6.465	0.75
P1030663#1S	IV	0	0	23	10	28	0	0	80	-6.581	0.80
P1030663#1S	IV	0	0	24	11	31	0	0	80	-6.471	0.61
P1030663#1S	IV	0	0	25	12	34	0	0	80	-6.577	0.66
P1030663#1D	VII	1	0	0	0	0	0	0	80	-6.718	0.50
P1030663#1D	VII	1	0	1	1	5	0	0	80	-6.590	0.50
P1030663#1D	VII	1	0	2	2	10	0	0	80	-6.638	0.45
P1030663#1D	VII	1	0	3	3	15	0	0	80	-6.342	0.46
P1030663#1D	VII	1	0	4	4	20	0	0	80	-6.446	0.35
P1030663#1D	VII	1	0	5	5	25	0	0	80	-6.567	0.35
P1030663#1D	VII	1	0	6	6	30	0	0	80	-6.376	0.40
P1030663#1D	VII	1	0	7	-6	36	0	0	80	-6.604	0.44
P1030663#1D	VII	1	0	8	-5	41	0	0	80	-6.477	0.39
P1030663#1D	VII	1	0	9	-4	47	0	0	80	-6.490	0.35
P1030663#1D	VII	1	0	10	-3	53	0	0	80	-6.611	0.30
P1030663#1D	VII	1	0	11	-2	59	0	0	80	-6.536	0.34
P1030663#1D	VII	1	0	12	-1	64	0	0	80	-6.324	0.35
P1030676#0S	III	0	0	0	-7	19	0	1	80	-6.567	0.71
P1030676#0S	III	0	0	1	-6	17	0	0	80	-6.508	0.89
P1030676#0S	III	0	0	2	-5	14	0	0	80	-6.534	0.88
P1030676#0S	III	0	0	3	-4	11	0	1	80	-5.935	1.24
P1030676#0S	III	0	0	4	-3	8	0	3	80	-5.699	1.05
P1030676#0S	III	0	0	5	-2	5	0	1	80	-5.769	1.02
P1030676#0S	III	0	0	6	-1	2	0	11	80	-5.404	2.40
P1030676#0S	III	0	0	7	0	0	0	8	80	-5.296	2.02
P1030676#0S	III	0	0	8	1	3	0	8	80	-5.629	1.62
P1030676#0S	III	0	0	9	2	6	0	3	80	-5.612	1.27
P1030676#0S	III	0	0	10	3	8	0	1	80	-5.693	0.80
P1030676#0S	III	0	0	11	4	10	0	1	80	-6.044	0.93
P1030676#0S	III	0	0	12	5	13	0	0	80	-6.288	0.75
P1030676#0S	III	0	0	13	6	16	0	0	80	-6.463	0.82
P1030676#0S	III	0	0	14	7	19	0	0	80	-6.517	0.80
P1030676#0S	III	0	0	15	8	22	0	0	80	-6.601	0.56
P1030676#0S	III	0	0	16	9	25	0	0	80	-6.462	0.42
P1030676#0S	III	0	0	17	10	28	0	0	80	-6.446	0.59
P1030676#0S	III	0	0	18	11	31	0	0	80	-6.461	0.71
P1030676#0S	III	0	0	19	12	34	0	0	80	-6.533	0.85
P1030676#0S	III	0	0	20	13	36	0	0	80	-6.504	0.78
P1030676#0S	III	0	0	21	-12	39	0	0	80	-6.551	0.72
P1030676#0S	III	0	0	22	-11	26	0	0	80	-6.527	0.39
P1030676#0S	III	0	0	23	-10	25	0	0	80	-6.182	0.57
P1030676#0S	III	0	0	24	-9	23	0	0	80	-6.364	0.57
P1030676#0S	III	0	0	25	-8	21	0	0	80	-6.401	0.74
P1030676#0D	VI	1	0	0	6	33	0	0	80	-6.443	0.21
P1030676#0D	VI	1	0	1	-6	28	0	0	80	-6.374	0.33
P1030676#0D	VI	1	0	2	-5	24	0	0	80	-6.164	0.38
P1030676#0D	VI	1	0	3	-4	20	0	0	80	-6.503	0.40
P1030676#0D	VI	1	0	4	-3	16	0	0	80	-6.453	0.45
P1030676#0D	VI	1	0	5	-2	11	0	0	80	-6.678	0.59
P1030676#0D	VI	1	0	6	-1	6	0	2	80	-5.962	1.01
P1030676#0D	VI	1	0	7	0	0	0	5	80	-5.296	1.60
P1030676#0D	VI	1	0	8	1	4	0	4	80	-5.573	1.36
P1030676#0D	VI	1	0	9	2	9	0	2	80	-5.864	1.31
P1030676#0D	VI	1	0	10	3	15	0	1	80	-6.242	0.88
P1030676#0D	VI	1	0	11	4	21	0	0	80	-6.338	0.90
P1030676#0D	VI	1	0	12	5	27	0	0	80	-6.429	0.64
P1030676#1S	I	0	0	0	-3	9	0	0	80	-6.571	1.06
P1030676#1S	I	0	0	1	-2	6	0	1	80	-5.833	1.35
P1030676#1S	I	0	0	2	-1	3	0	3	80	-5.585	1.61
P1030676#1S	I	0	0	3	0	0	0	4	80	-5.296	1.69
P1030676#1S	I	0	0	4	1	3	0	4	80	-5.604	1.57
P1030676#1S	I	0	0	5	2	6	0	2	80	-6.046	1.00
P1030676#1S	I	0	0	6	3	9	0	0	80	-6.344	0.62
P1030676#1S	I	0	0	7	4	12	0	0	80	-6.318	0.66
P1030676#1S	I	0	0	8	5	15	0	0	80	-6.425	0.79
P1030676#1S	I	0	0	9	6	18	0	0	80	-6.392	0.65
P1030676#1S	I	0	0	10	7	21	0	0	80	-6.663	0.50
P1030676#1S	I	0	0	11	8	24	0	0	80	-6.613	0.54
P1030676#1S	I	0	0	12	9	27	0	0	80	-6.286	0.46
P1030676#1S	I	0	0	13	10	30	0	1	80	-6.322	0.66
P1030676#1S	I	0	0	14	11	33	0	0	80	-6.543	0.59
P1030676#1S	I	0	0	15	12	36	0	0	80	-6.481	0.79
P1030676#1S	I	0	0	16	13	39	0	0	80	-6.366	0.71
P1030676#1S	I	0	0	17	-12	31	0	0	80	-6.417	0.40
P1030676#1S	I	0	0	18	-11	29	0	0	80	-6.289	0.45
P1030676#1S	I	0	0	19	-10	27	0	0	80	-6.473	0.42
P1030676#1S	I	0	0	20	-9	25	0	0	80	-6.412	0.53
P1030676#1S	I	0	0	21	-8	23	0	0	80	-6.546	0.76
P1030676#1S	I	0	0	22	-7	21	0	0	80	-6.418	0.61
P1030676#1S	I	0	0	23	-6	18	0	0	80	-6.280	0.59
P1030676#1S	I	0	0	24	-5	15	0	0	80	-6.305	0.81
P1030676#1S	I	0	0	25	-4	12	0	1	80	-6.201	1.00
P1030676#1D	VII	1	0	0	-3	15	0	0	80	-6.591	0.71
P1030676#1D	VII	1	0	1	-2	10	0	0	80	-6.442	0.78
P1030676#1D	VII	1	0	2	-1	5	0	0	80	-6.677	0.69
P1030676#1D	VII	1	0	3	0	0	0	0	80	-6.604	0.72
P1030676#1D	VII	1	0	4	1	5	0	3	80	-5.885	0.78
P1030676#1D	VII	1	0	5	2	10	0	2	80	-6.191	1.01
P1030676#1D	VII	1	0	6	3	16	0	2	80	-6.319	0.74
P1030676#1D	VII	1	0	7	4	22	0	0	80	-6.245	0.50
P1030676#1D	VII	1	0	8	5	28	0	0	80	-6.183	0.78
P1030676#1D	VII	1	0	9	6	34	0	0	80	-6.296	0.28
P1030676#1D	VII	1	0	10	-6	40	0	0	80	-6.122	0.24
P1030676#1D	VII	1	0	11	-5	46	0	0	80	-6.253	0.33
P1030676#1D	VII	1	0	12	-4	52	0	0	80	-6.563	0.46
P1030701#0S	II	0	0	0	-7	51	0	0	80	-6.564	0.31
P1030701#0S	II	0	0	1	-6	54	0	0	80	-6.572	0.34
P1030701#0S	II	0	0	2	-5	57	0	0	80	-6.638	0.31
P1030701#0S	II	0	0	3	-4	60	0	0	80	-6.707	0.23
P1030701#0S	II	0	0	4	-3	63	0	0	80	-6.686	0.14
P1030701#0S	II	0	0	5	-2	3	0	2	80	-4.917	1.35
P1030701#0S	II	0	0	6	-1	1	0	3	80	-4.798	1.16
P1030701#0S	II	0	0	7	0	0	0	4	80	-4.574	1.55
P1030701#0S	II	0	0	8	1	2	0	3	80	-4.873	1.18
P1030701#0S	II	0	0	9	2	4	0	4	80	-5.110	1.39
P1030701#0S	II	0	0	10	3	6	0	1	80	-5.285	1.09
P1030701#0S	II	0	0	11	4	9	0	5	80	-5.135	1.57
P1030701#0S	II	0	0	12	5	11	0	0	80	-6.315	0.96
P1030701#0S	II	0	0	13	6	14	0	0	80	-6.487	0.72
P1030701#0S	II	0	0	14	7	17	0	0	80	-6.546	0.60
P1030701#0S	II	0	0	15	8	20	0	0	80	-6.580	0.45
P1030701#0S	II	0	0	16	9	23	0	0	80	-6.482	0.44
P1030701#0S	II	0	0	17	10	26	0	0	80	-6.683	0.49
P1030701#0S	II	0	0	18	11	29	0	0	80	-6.535	0.33
P1030701#0S	II	0	0	19	12	32	0	0	80	-6.545	0.29
P1030701#0S	II	0	0	20	13	35	0	0	80	-6.603	0.28
P1030701#0S	II	0	0	21	-12	38	0	0	80	-6.506	0.41
P1030701#0S	II	0	0	22	-11	41	0	0	80	-6.500	0.47
P1030701#0S	II	0	0	23	-10	43	0	0	80	-6.787	0.36
P1030701#0S	II	0	0	24	-9	45	0	0	80	-6.400	0.45
P1030701#0S	II	0	0	25	-8	48	0	0	80	-6.609	0.41
P1030701#0D	VI	1	0	0	6	36	0	0	80	-6.559	0.34
P1030701#0D	VI	1	0	1	-6	31	0	0	80	-6.212	0.39
P1030701#0D	VI	1	0	2	-5	26	0	0	80	-6.583	0.56
P1030701#0D	VI	1	0	3	-4	21	0	0	80	-6.643	0.49
P1030701#0D	VI	1	0	4	-3	16	0	0	80	-6.368	0.68
P1030701#0D	VI	1	0	5	-2	11	0	0	80	-6.438	0.80
P1030701#0D	VI	1	0	6	-1	6	0	0	80	-6.504	0.84
P1030701#0D	VI	1	0	7	0	0	0	1	80	-4.574	1.46
P1030701#0D	VI	1	0	8	1	6	0	0	80	-5.862	1.31
P1030701#0D	VI	1	0	9	2	12	0	0	80	-6.669	0.88
P1030701#0D	VI	1	0	10	3	18	0	0	80	-6.433	1.06
P1030701#0D	VI	1	0	11	4	24	0	0	80	-6.208	0.99
P1030701#0D	VI	1	0	12	5	30	0	0	80	-6.441	0.71
P1030701#1S	V	0	0	0	-4	8	0	0	80	-6.327	0.79
P1030701#1S	V	0	0	1	-3	6	0	0	80	-6.338	1.10
P1030701#1S	V	0	0	2	-2	4	0	0	80	-6.229	1.25
P1030701#1S	V	0	0	3	-1	2	0	0	80	-6.443	1.29
P1030701#1S	V	0	0	4	0	0	0	0	80	-6.355	0.95
P1030701#1S	V	0	0	5	1	2	0	0	80	-6.433	0.86
P1030701#1S	V	0	0	6	2	5	0	1	80	-4.939	0.81
P1030701#1S	V	0	0	7	3	8	0	0	80	-6.200	0.72
P1030701#1S	V	0	0	8	4	11	0	0	80	-6.600	0.59
P1030701#1S	V	0	0	9	5	14	0	0	80	-6.402	0.96
P1030701#1S	V	0	0	10	6	17	0	0	80	-6.553	0.45
P1030701#1S	V	0	0	11	7	20	0	0	80	-6.396	0.39
P1030701#1S	V	0	0	12	8	23	0	0	80	-6.383	0.46
P1030701#1S	V	0	0	13	9	26	0	0	80	-6.533	0.35
P1030701#1S	V	0	0	14	10	29	0	0	80	-6.645	0.33
P1030701#1S	V	0	0	15	11	32	0	0	80	-6.301	0.39
P1030701#1S	V	0	0	16	12	35	0	0	80	-6.596	0.39
P1030701#1S	V	0	0	17	13	38	0	0	80	-6.556	0.51
P1030701#1S	V	0	0	18	-12	41	0	0	80	-6.556	0.28
P1030701#1S	V	0	0	19	-11	44	0	0	80	-6.622	0.35
P1030701#1S	V	0	0	20	-10	47	0	0	80	-6.412	0.16
P1030701#1S	V	0	0	21	-9	50	0	0	80	-6.380	0.30
P1030701#1S	V	0	0	22	-8	53	0	0	80	-6.442	0.07
P1030701#1S	V	0	0	23	-7	56	0	0	80	-6.572	0.41
P1030701#1S	V	0	0	24	-6	59	0	0	80	-6.678	0.38
P1030701#1S	V	0	0	25	-5	62	0	0	80	-6.656	0.35
P1030701#1D	VIII	1	0	0	-4	20	0	0	80	-6.473	0.50
P1030701#1D	VIII	1	0	1	-3	15	0	0	80	-6.436	0.42
P1030701#1D	VIII	1	0	2	-2	10	0	0	80	-6.614	0.31
P1030701#1D	VIII	1	0	3	-1	5	0	0	80	-6.648	0.53
P1030701#1D	VIII	1	0	4	0	0	0	0	80	-6.651	0.28
P1030701#1D	VIII	1	0	5	1	5	0	0	80	-6.642	0.31
P1030701#1D	VIII	1	0	6	2	11	0	0	80	-6.445	0.36
P1030701#1D	VIII	1	0	7	3	17	0	0	80	-6.599	0.31
P1030701#1D	VIII	1	0	8	4	23	0	0	80	-6.586	0.20
P1030701#1D	VIII	1	0	9	5	29	0	0	80	-6.638	0.26
P1030701#1D	VIII	1	0	10	6	35	0	0	80	-6.455	0.29
P1030701#1D	VIII	1	0	11	-6	41	0	0	80	-6.448	0.26
P1030701#1D	VIII	1	0	12	-5	47	0	0	80	-6.560	0.21
P1030708#0S	III	0	0	0	-5	14	0	0	80	-6.434	0.46
P1030708#0S	III	0	0	1	-4	12	0	0	80	-6.236	0.54
P1030708#0S	III	0	0	2	-3	9	0	0	80	-6.494	0.76
P1030708#0S	III	0	0	3	-2	6	0	0	80	-6.372	0.65
P1030708#0S	III	0	0	4	-1	3	0	2	80	-4.753	0.88
P1030708#0S	III	0	0	5	0	0	0	2	80	-4.274	1.21
P1030708#0S	III	0	0	6	1	3	0	1	80	-4.721	0.60
P1030708#0S	III	0	0	7	2	6	0	1	80	-4.847	1.09
P1030708#0S	III	0	0	8	3	9	0	1	80	-4.900	1.01
P1030708#0S	III	0	0	9	4	12	0	0	80	-6.610	0.96
P1030708#0S	III	0	0	10	5	15	0	0	80	-6.579	0.86
P1030708#0S	III	0	0	11	6	18	0	0	80	-6.639	0.75
P1030708#0S	III	0	0	12	7	21	0	0	80	-6.507	0.71
P1030708#0S	III	0	0	13	8	24	0	0	80	-6.545	0.59
P1030708#0S	III	0	0	14	9	27	0	0	80	-6.470	0.38
P1030708#0S	III	0	0	15	10	30	0	0	80	-6.390	0.60
P1030708#0S	III	0	0	16	11	33	0	0	80	-6.553	0.56
P1030708#0S	III	0	0	17	12	36	0	0	80	-6.624	0.55
P1030708#0S	III	0	0	18	13	39	0	0	80	-6.341	0.54
P1030708#0S	III	0	0	19	-12	42	0	0	80	-6.648	0.42
P1030708#0S	III	0	0	20	-11	45	0	0	80	-6.737	0.30
P1030708#0S	III	0	0	21	-10	48	0	0	80	-6.526	0.34
P1030708#0S	III	0	0	22	-9	22	0	0	80	-6.668	0.45
P1030708#0S	III	0	0	23	-8	20	0	0	80	-6.360	0.45
P1030708#0S	III	0	0	24	-7	18	0	0	80	-6.670	0.33
P1030708#0S	III	0	0	25	-6	16	0	0	80	-6.573	0.55
P1030708#0D	VI	1	0	0	-5	24	0	0	80	-6.548	0.20
P1030708#0D	VI	1	0	1	-4	19	0	0	80	-6.553	0.33
P1030708#0D	VI	1	0	2	-3	14	0	0	80	-6.654	0.31
P1030708#0D	VI	1	0	3	-2	10	0	1	80	-5.091	0.38
P1030708#0D	VI	1	0	4	-1	5	0	0	80	-6.283	0.41
P1030708#0D	VI	1	0	5	0	0	0	2	80	-4.274	0.54
P1030708#0D	VI	1	0	6	1	6	0	0	80	-6.365	0.35
P1030708#0D	VI	1	0	7	2	12	0	0	80	-6.563	0.40
P1030708#0D	VI	1	0	8	3	18	0	0	80	-6.627	0.31
P1030708#0D	VI	1	0	9	4	24	0	0	80	-6.579	0.44
P1030708#0D	VI	1	0	10	5	30	0	0	80	-6.580	0.46
P1030708#0D	VI	1	0	11	6	36	0	0	80	-6.274	0.75
P1030708#0D	VI	1	0	12	-6	42	0	0	80	-6.534	0.24
P1030708#1S	IV	0	0	0	1	3	0	3	80	-4.603	0.82
P1030708#1S	IV	0	0	1	2	5	0	3	80	-4.705	0.80
P1030708#1S	IV	0	0	2	3	8	0	2	80	-5.698	1.02
P1030708#1S	IV	0	0	3	4	11	0	1	80	-5.112	0.68
P1030708#1S	IV	0	0	4	5	14	0	2	80	-5.962	0.78
P1030708#1S	IV	0	0	5	6	17	0	2	80	-5.636	0.80
P1030708#1S	IV	0	0	6	7	19	0	0	80	-6.409	0.72
P1030708#1S	IV	0	0	7	8	22	0	0	80	-6.492	0.45
P1030708#1S	IV	0	0	8	9	25	0	0	80	-6.293	0.46
P1030708#1S	IV	0	0	9	10	28	0	0	80	-6.538	0.49
P1030708#1S	IV	0	0	10	11	39	0	0	80	-6.646	0.50
P1030708#1S	IV	0	0	11	12	37	0	0	80	-6.670	0.68
P1030708#1S	IV	0	0	12	-13	35	0	0	80	-6.700	0.46
P1030708#1S	IV	0	0	13	-12	34	0	0	80	-6.363	0.57
P1030708#1S	IV	0	0	14	-11	32	0	0	80	-6.625	0.59
P1030708#1S	IV	0	0	15	-10	30	0	0	80	-6.443	0.54
P1030708#1S	IV	0	0	16	-9	27	0	0	80	-6.635	0.42
P1030708#1S	IV	0	0	17	-8	24	0	0	80	-6.600	0.53
P1030708#1S	IV	0	0	18	-7	21	0	1	80	-5.711	0.70
P1030708#1S	IV	0	0	19	-6	18	0	0	80	-6.351	0.54
P1030708#1S	IV	0	0	20	-5	15	0	1	80	-5.417	0.70
P1030708#1S	IV	0	0	21	-4	12	0	2	80	-5.171	0.84
P1030708#1S	IV	0	0	22	-3	9	0	1	80	-4.767	0.72
P1030708#1S	IV	0	0	23	-2	6	0	2	80	-4.979	0.66
P1030708#1S	IV	0	0	24	-1	3	0	1	80	-4.621	0.99
P1030708#1S	IV	0	0	25	0	0	0	5	80	-4.274	1.11
P1030708#1D	VIII	1	0	0	1	66	0	0	80	-6.687	0.19
P1030708#1D	VIII	1	0	1	2	61	0	0	80	-6.665	0.34
P1030708#1D	VIII	1	0	2	3	56	0	0	80	-6.615	0.31
P1030708#1D	VIII	1	0	3	4	51	0	0	80	-6.710	0.24
P1030708#1D	VIII	1	0	4	5	46	0	0	80	-6.551	0.29
P1030708#1D	VIII	1	0	5	6	41	0	0	80	-6.758	0.39
P1030708#1D	VIII	1	0	6	-6	36	0	0	80	-6.588	0.25
P1030708#1D	VIII	1	0	7	-5	30	0	0	80	-6.579	0.31
P1030708#1D	VIII	1	0	8	-4	24	0	0	80	-6.617	0.47
P1030708#1D	VIII	1	0	9	-3	18	0	0	80	-6.503	0.61
P1030708#1D	VIII	1	0	10	-2	12	0	0	80	-6.411	0.64
P1030708#1D	VIII	1	0	11	-1	6	0	0	80	-6.509	0.62
P1030708#1D	VIII	1	0	12	0	0	0	4	80	-4.274	0.88
P1030673#0S	I	0	0	0	1	3	0	4	80	-4.960	1.11
P1030673#0S	I	0	0	1	2	5	0	8	80	-5.684	1.56
P1030673#0S	I	0	0	2	3	7	0	2	80	-5.748	1.15
P1030673#0S	I	0	0	3	4	9	0	4	80	-5.739	1.19
P1030673#0S	I	0	0	4	5	12	0	1	80	-5.976	0.88
P1030673#0S	I	0	0	5	6	15	0	1	80	-5.911	0.86
P1030673#0S	I	0	0	6	7	18	0	3	80	-5.982	1.12
P1030673#0S	I	0	0	7	8	21	0	2	80	-5.895	1.00
P1030673#0S	I	0	0	8	9	24	0	0	80	-5.604	0.90
P1030673#0S	I	0	0	9	10	27	0	0	80	-5.667	1.01
P1030673#0S	I	0	0	10	11	30	0	0	80	-6.506	0.93
P1030673#0S	I	0	0	11	12	32	0	0	80	-6.441	0.68
P1030673#0S	I	0	0	12	-13	35	0	0	80	-6.606	0.61
P1030673#0S	I	0	0	13	-12	38	0	0	80	-6.623	0.57
P1030673#0S	I	0	0	14	-11	41	0	0	80	-6.505	0.45
P1030673#0S	I	0	0	15	-10	44	0	0	80	-6.625	0.34
P1030673#0S	I	0	0	16	-9	47	0	0	80	-6.455	0.42
P1030673#0S	I	0	0	17	-8	18	0	2	80	-5.807	1.12
P1030673#0S	I	0	0	18	-7	16	0	0	80	-6.628	0.51
P1030673#0S	I	0	0	19	-6	14	0	0	80	-6.560	0.56
P1030673#0S	I	0	0	20	-5	12	0	1	80	-5.401	0.59
P1030673#0S	I	0	0	21	-4	10	0	1	80	-5.245	0.61
P1030673#0S	I	0	0	22	-3	9	0	1	80	-5.245	0.74
P1030673#0S	I	0	0	23	-2	6	0	3	80	-5.013	1.48
P1030673#0S	I	0	0	24	-1	3	0	0	80	-6.339	0.74
P1030673#0S	I	0	0	25	0	0	0	0	80	-6.433	0.64
P1030673#0D	VII	1	0	0	1	60	0	0	80	-6.710	0.29
P1030673#0D	VII	1	0	1	2	55	0	0	80	-6.625	0.33
P1030673#0D	VII	1	0	2	3	50	0	0	80	-6.543	0.26
P1030673#0D	VII	1	0	3	4	45	0	0	80	-6.507	0.30
P1030673#0D	VII	1	0	4	5	41	0	0	80	-6.561	0.38
P1030673#0D	VII	1	0	5	6	37	0	0	80	-6.531	0.36
P1030673#0D	VII	1	0	6	-6	32	0	0	80	-6.336	0.28
P1030673#0D	VII	1	0	7	-5	27	0	0	80	-6.633	0.29
P1030673#0D	VII	1	0	8	-4	21	0	0	80	-6.744	0.35
P1030673#0D	VII	1	0	9	-3	16	0	0	80	-6.319	0.24
P1030673#0D	VII	1	0	10	-2	10	0	2	80	-6.544	0.53
P1030673#0D	VII	1	0	11	-1	5	0	0	80	-6.432	0.72
P1030673#0D	VII	1	0	12	0	0	0	2	80	-4.494	0.99
P1030673#1S	III	0	0	0	-13	35	0	0	80	-6.405	0.69
P1030673#1S	III	0	0	1	-12	33	0	0	80	-6.675	0.53
P1030673#1S	III	0	0	2	-11	30	0	0	80	-6.235	0.64
P1030673#1S	III	0	0	3	-10	27	0	0	80	-6.472	0.64
P1030673#1S	III	0	0	4	-9	24	0	0	80	-6.485	0.74
P1030673#1S	III	0	0	5	-8	21	0	0	80	-6.466	0.50
P1030673#1S	III	0	0	6	-7	18	0	0	80	-6.659	0.56
P1030673#1S	III	0	0	7	-6	15	0	0	80	-6.360	1.04
P1030673#1S	III	0	0	8	-5	12	0	0	80	-6.240	0.68
P1030673#1S	III	0	0	9	-4	10	0	0	80	-6.224	1.14
P1030673#1S	III	0	0	10	-3	7	0	1	80	-5.222	1.73
P1030673#1S	III	0	0	11	-2	4	0	0	80	-6.471	1.38
P1030673#1S	III	0	0	12	-1	2	0	2	80	-4.727	1.27
P1030673#1S	III	0	0	13	0	0	0	0	80	-6.438	1.49
P1030673#1S	III	0	0	14	1	3	0	0	80	-6.255	1.30
P1030673#1S	III	0	0	15	2	6	0	0	80	-6.468	1.14
P1030673#1S	III	0	0	16	3	9	0	0	80	-6.291	0.95
P1030673#1S	III	0	0	17	4	11	0	1	80	-5.466	1.23
P1030673#1S	III	0	0	18	5	14	0	0	80	-6.283	1.01
P1030673#1S	III	0	0	19	6	16	0	0	80	-6.554	0.82
P1030673#1S	III	0	0	20	7	18	0	0	80	-6.621	0.78
P1030673#1S	III	0	0	21	8	21	0	0	80	-6.483	0.69
P1030673#1S	III	0	0	22	9	43	0	0	80	-6.350	0.42
P1030673#1S	III	0	0	23	10	41	0	0	80	-6.648	0.33
P1030673#1S	III	0	0	24	11	39	0	0	80	-6.364	0.44
P1030673#1S	III	0	0	25	12	37	0	0	80	-6.697	0.42
P1030673#1D	VI	1	0	0	0	0	0	7	80	-4.494	1.14
P1030673#1D	VI	1	0	1	1	5	0	9	80	-5.769	1.68
P1030673#1D	VI	1	0	2	2	10	0	1	80	-5.967	0.85
P1030673#1D	VI	1	0	3	3	14	0	2	80	-5.975	1.19
P1030673#1D	VI	1	0	4	4	19	0	0	80	-6.256	0.93
P1030673#1D	VI	1	0	5	5	24	0	0	80	-6.651	0.47
P1030673#1D	VI	1	0	6	6	30	0	0	80	-6.632	0.50
P1030673#1D	VI	1	0	7	-6	36	0	0	80	-6.368	0.23
P1030673#1D	VI	1	0	8	-5	42	0	0	80	-6.340	0.31
P1030673#1D	VI	1	0	9	-4	48	0	0	80	-6.629	0.33
P1030673#1D	VI	1	0	10	-3	54	0	0	80	-6.321	0.38
P1030673#1D	VI	1	0	11	-2	60	0	0	80	-6.596	0.33
P1030673#1D	VI	1	0	12	-1	66	0	0	80	-6.520	0.53
P1030686#0S	III	0	0	0	8	48	0	0	80	-6.515	0.33
P1030686#0S	III	0	0	1	9	46	0	0	80	-6.628	0.35
P1030686#0S	III	0	0	2	10	44	0	0	80	-6.630	0.40
P1030686#0S	III	0	0	3	11	41	0	0	80	-6.686	0.34
P1030686#0S	III	0	0	4	12	38	0	0	80	-6.415	0.25
P1030686#0S	III	0	0	5	-13	35	0	0	80	-6.653	0.30
P1030686#0S	III	0	0	6	-12	32	0	0	80	-6.437	0.21
P1030686#0S	III	0	0	7	-11	30	0	0	80	-5.998	0.20
P1030686#0S	III	0	0	8	-10	27	0	0	80	-6.323	0.33
P1030686#0S	III	0	0	9	-9	24	0	0	80	-6.418	0.31
P1030686#0S	III	0	0	10	-8	22	0	0	80	-6.583	0.21
P1030686#0S	III	0	0	11	-7	19	0	0	80	-6.280	0.14
P1030686#0S	III	0	0	12	-6	16	0	0	80	-6.588	0.15
P1030686#0S	III	0	0	13	-5	13	0	0	80	-6.532	0.19
P1030686#0S	III	0	0	14	-4	10	0	0	80	-6.081	0.23
P1030686#0S	III	0	0	15	-3	7	0	0	80	-6.597	0.26
P1030686#0S	III	0	0	16	-2	5	0	0	80	-6.591	0.10
P1030686#0S	III	0	0	17	-1	3	0	0	80	-6.466	0.28
P1030686#0S	III	0	0	18	0	0	0	0	80	-6.434	0.34
P1030686#0S	III	0	0	19	1	3	0	0	80	-6.540	0.36
P1030686#0S	III	0	0	20	2	6	0	0	80	-6.270	0.33
P1030686#0S	III	0	0	21	3	9	0	0	80	-6.443	0.26
P1030686#0S	III	0	0	22	4	56	0	0	80	-6.706	0.23
P1030686#0S	III	0	0	23	5	54	0	0	80	-6.529	0.30
P1030686#0S	III	0	0	24	6	52	0	0	80	-6.633	0.19
P1030686#0S	III	0	0	25	7	50	0	0	80	-6.348	0.29
P1030686#0D	VI	1	0	0	-5	23	0	0	80	-6.729	0.45
P1030686#0D	VI	1	0	1	-4	18	0	0	80	-6.642	0.59
P1030686#0D	VI	1	0	2	-3	15	0	0	80	-6.441	0.39
P1030686#0D	VI	1	0	3	-2	10	0	1	80	-6.154	0.60
P1030686#0D	VI	1	0	4	-1	5	0	0	80	-6.541	0.38
P1030686#0D	VI	1	0	5	0	0	0	0	80	-6.276	0.31
P1030686#0D	VI	1	0	6	1	6	0	0	80	-6.392	0.35
P1030686#0D	VI	1	0	7	2	11	0	0	80	-6.494	0.26
P1030686#0D	VI	1	0	8	3	16	0	0	80	-6.423	0.57
P1030686#0D	VI	1	0	9	4	20	0	0	80	-6.514	0.42
P1030686#0D	VI	1	0	10	5	26	0	0	80	-6.509	0.26
P1030686#0D	VI	1	0	11	6	32	0	0	80	-6.511	0.33
P1030686#0D	VI	1	0	12	-6	38	0	0	80	-6.728	0.29
P1030686#1S	III	0	0	0	-12	34	0	0	80	-6.499	0.24
P1030686#1S	III	0	0	1	-11	32	0	0	80	-6.658	0.30
P1030686#1S	III	0	0	2	-10	29	0	0	80	-6.286	0.29
P1030686#1S	III	0	0	3	-9	27	0	0	80	-6.650	0.39
P1030686#1S	III	0	0	4	-8	24	0	0	80	-6.678	0.45
P1030686#1S	III	0	0	5	-7	21	0	0	80	-6.685	0.23
P1030686#1S	III	0	0	6	-6	18	0	0	80	-6.687	0.57
P1030686#1S	III	0	0	7	-5	15	0	0	80	-6.564	0.55
P1030686#1S	III	0	0	8	-4	12	0	0	80	-6.466	0.64
P1030686#1S	III	0	0	9	-3	9	0	0	80	-6.471	0.79
P1030686#1S	III	0	0	10	-2	6	0	0	80	-6.505	1.12
P1030686#1S	III	0	0	11	-1	3	0	0	80	-6.532	0.99
P1030686#1S	III	0	0	12	0	0	0	0	80	-6.540	0.78
P1030686#1S	III	0	0	13	1	2	0	0	80	-6.553	0.61
P1030686#1S	III	0	0	14	2	5	0	0	80	-6.549	0.61
P1030686#1S	III	0	0	15	3	8	0	0	80	-6.531	0.42
P1030686#1S	III	0	0	16	4	11	0	0	80	-6.443	0.42
P1030686#1S	III	0	0	17	5	13	0	0	80	-6.595	0.29
P1030686#1S	III	0	0	18	6	16	0	0	80	-6.524	0.30
P1030686#1S	III	0	0	19	7	19	0	0	80	-6.509	0.34
P1030686#1S	III	0	0	20	8	22	0	0	80	-6.516	0.23
P1030686#1S	III	0	0	21	9	25	0	0	80	-6.648	0.23
P1030686#1S	III	0	0	22	10	42	0	0	80	-6.648	0.35
P1030686#1S	III	0	0	23	11	40	0	0	80	-6.675	0.34
P1030686#1S	III	0	0	24	12	38	0	0	80	-6.529	0.39
P1030686#1S	III	0	0	25	13	36	0	0	80	-6.711	0.36
P1030686#1D	VII	1	0	0	1	61	0	0	80	-6.422	0.36
P1030686#1D	VII	1	0	1	2	56	0	0	80	-6.205	0.39
P1030686#1D	VII	1	0	2	3	52	0	0	80	-6.397	0.44
P1030686#1D	VII	1	0	3	4	48	0	0	80	-6.461	0.38
P1030686#1D	VII	1	0	4	5	44	0	0	80	-6.652	0.39
P1030686#1D	VII	1	0	5	6	39	0	0	80	-6.371	0.31
P1030686#1D	VII	1	0	6	-6	33	0	0	80	-6.440	0.42
P1030686#1D	VII	1	0	7	-5	27	0	0	80	-6.673	0.36
P1030686#1D	VII	1	0	8	-4	21	0	0	80	-6.642	0.42
P1030686#1D	VII	1	0	9	-3	15	0	0	80	-6.525	0.46
P1030686#1D	VII	1	0	10	-2	12	0	0	80	-6.327	0.28
P1030686#1D	VII	1	0	11	-1	6	0	0	80	-6.694	0.23
P1030686#1D	VII	1	0	12	0	0	0	0	80	-6.393	0.36
