#rest_quad	full_quad	crib	refl	greek	wheels	pos(GLMR)	rings(GLMR)	g	undet	plugs	decrypt
-6.419	-7.011	TRAVEMUENDEB..(41)@19	B-thin	Gamma	247	CTFB	AAAS	2	30	AW BO CV EQ FJ HM IX LZ PS RU	HZWPXMIWECHSUMITSESBRUZRHCXYLOBRGIRMITVRIEBRLBZVAHLPHRLIQHIANGFUSFAYMWOL
-6.521	-6.852	TRAVEMUENDEB..(41)@5	B-thin	Beta	426	FCLE	AAAS	1	29	AU DR EI FX GM HS JO NP VZ WY	DGOTHISABKIGFELVGMTPBUSZUPISOHJBDECHNSABWAITEEALOSEKETTEHQXGCGZZUROEVERQ
-6.528	-7.266	TRAVEMUENDEB..(41)@12	B-thin	Beta	128	DWKJ	AAAY	2	28	AV BP CM FI HZ JR LO NY QX TW	LBNOBEFLHAUROROXPAYANWOILEZYYNXZOWQORQUUFPHLPTIAIOZXNORURNWENGENDVVYGPCZ
-6.561	-6.775	TRAVEMUENDEB..(41)@5	C-thin	Gamma	351	RJUX	AAAR	1	29	AI BZ CU EW GQ HJ KX MT NV OS	EUSIESZAMARNZYNTEMJPBSGQSMNIDRMBANNHEHABEAMTYEFRMGIRTHSTMOBEMOTWULGENUDR
-6.628	-6.926	TRAVEMUENDEB..(41)@5	B-thin	Gamma	183	GCIB	AAAK	2	25	AM CU DY EV FO GX JZ LS QW RT	CHUTBEGATERNLUZWYFAOBSFMURITGRHBGEDHSGABZAUTEUINMSPPTANSTVHQXNROLTIGAKOH
-6.661	-7.171	TRAVEMUENDEB..(41)@5	C-thin	Gamma	281	VPUF	AAAI	2	26	AY BH CI DO EL FX GK JU QT SW	DYBBSTAACARLUCDTLWJIBLTQUKEAMLTBXXGHABABWANTRAIZIENDZONOVAULARVPGYEPURSA
-6.710	-6.951	TRAVEMUENDEB..(41)@5	B-thin	Gamma	183	GCIC	AAAL	2	25	AM CU DN EV FO GX JZ LS QW RT	CHUTBEGATERFLUIWNFAFBSFMURITGRHBGENHSGABZAUTEJIDMSPPTADSTVHXXDRORTIGAKOR
-6.740	-6.835	TRAVEMUENDEB..(41)@5	C-thin	Gamma	713	WDOT	AAAY	1	27	AQ BM DY FP GU HX IZ JO KV ST	YOULKTHABTUSTBGESLDABKGXMALBUFOBPHAHXMABTANTAGSHMADIVECUBAAVJCEDATAFENPD
-6.782	-7.136	TRAVEMUENDEB..(41)@5	C-thin	Beta	467	ONTA	AAAL	2	26	AI BM CN DH EX GS JP KL QT VZ	BAGARNDABBATORHABXCABIOTXMDTMMZBBSNHGTABFAMTPERKRIJYVCAMEYLWUNDTTDORVEMH
-6.797	-7.324	TRAVEMUENDEB..(41)@5	C-thin	Beta	452	IBKS	AAAQ	1	28	EK GO HM LS NP QT UY XZ	KJGLFKPAHNOSFLHWRNQIBZJXJBAECZOBUMCHSLABNAXTTTELEHOTTKHVLEGIGZZDMCLARTDI
-6.803	-7.549	TRAVEMUENDEB..(41)@13	C-thin	Gamma	123	LDKD	AAAT	2	24	AX BC DS EL FR IM NU OV QW TY	ANYDZUFIEBPTQUCAVOJAQNJCBVNIBSNGMBXMXRIRMFVJDXANMAIBNNTENAGEANDOMEEHMFNS
-6.803	-7.583	TRAVEMUENDEB..(41)@13	C-thin	Gamma	123	LDKE	AAAU	2	24	AX BC DS EL FR IM NU OV QW TY	ANYDZUFIEBPTQUCAVXJAQNJCBVNIBSNGMBXMXRIRMFVADXANMAIBNNTENAGEANDOMEEHMFNS
-6.809	-7.171	TRAVEMUENDEB..(41)@5	B-thin	Gamma	183	GCID	AAAM	2	25	AM CU DV FO GX JY LS QW RT	FHUTBRGATSYSUUVWVLVFBRFMURITGRHBGNXHSGABYAUTLGINMSPPTANSTEHIXPROLTIGATOR
-6.813	-7.283	TRAVEMUENDEB..(41)@5	C-thin	Gamma	235	UJBT	AAAG	2	28	AD BO EX FG HQ JT MN PU RV WY	SSFUNFOAXALIGOVLJUBUBBJUHFMIARLBUNHHERABRAITEWEHWUPIMLMNTIVILMAJIJMHDDAS
-6.815	-7.116	TRAVEMUENDEB..(41)@5	C-thin	Gamma	713	WDOV	AAAA	1	27	AQ BM DW FP GU HX JO KV LY ST	UMUYKTHABTUNTBIESLGABKGXMAOQUFOBPHNHPMABOANTAGSHMALZBQHUBAADJCELATAFENPL
-6.819	-7.108	TRAVEMUENDEB..(41)@5	C-thin	Beta	267	IEHF	AAAS	2	28	AX BL DN EV GZ HO IY JU PT RS	DHZDRIOAQWOVOLDCGGBABSENTZOPASCBKXKHSOABPAUTOCKMOFAFHEIMKKELUTXUFLOHTUNA
-6.821	-6.886	TRAVEMUENDEB..(41)@5	C-thin	Gamma	713	WDOS	AAAX	1	27	AQ BM DY FP GU HX IZ JO KV ST	YOILKTHABTUSTBGESLDABKGXMALBUFOBPHAHXMABTANTAGSHMADIVEJUBAAVJCEDATAFENPD
-6.829	-7.271	TRAVEMUENDEB..(41)@5	B-thin	Gamma	751	TKIJ	AAAL	1	28	BD CG EJ FS HL NP OZ QT	HZUQPADAZURLKAKWTQVPBQECWQDVLDNBBXXHIBABGASTHSIOFHHTOBEWARKENANGMKOFLBCV
-6.855	-7.116	TRAVEMUENDEB..(41)@5	C-thin	Gamma	821	TBFD	AAAA	2	28	AF BO CS DR GL HM IY JP NV TU	URORNSGAHLXXPEINSTFOBTMHRLNKYBIBAMPHXEABBAUTEMEXRTHOFBEZEHQECJHXIPESELSP
-6.870	-7.101	TRAVEMUENDEB..(41)@5	C-thin	Gamma	281	VPUE	AAAH	2	26	AY BH CE DO FV GK JU QT SW XZ	DABBSTAAIAZZOFDTCHDEBATQMKLSMITBJFGHSOABOANTMJEXELNDVONFFAUCANFTGYLQUGSW
-6.895	-7.183	TRAVEMUENDEB..(41)@5	C-thin	Gamma	754	UXRH	AAAR	2	28	AC BX GO HN IR JK MW PQ SZ UV	KSQGFINARDGEBEKLCPYLBEVROXHYZNABIHVHENABDAYTORPGMIVIEHMARXOOVPMYJIMFSSOK
-6.899	-7.003	TRAVEMUENDEB..(41)@5	B-thin	Beta	632	WLIN	AAAK	2	28	BK CU DV EO FT GN HQ IJ MR SX	SDYMISBAMCARREFFOXTLBAIPANEPUAABTGEHWPABRAITJERZRFCONGUEKSGEMDFHEOTTRIBB
-6.902	-6.919	TRAVEMUENDEB..(41)@21	B-thin	Gamma	452	UXYF	AAAJ	1	27	AE CT DY GU HJ IK LQ MS NX RV	OTDLSMUOLLIPJTOFFEDAVYYATETBYBFTTNERMECIUFATNBEDEHMHLENZKAUTEROHANTOJHBI
-6.903	-7.414	TRAVEMUENDEB..(41)@5	C-thin	Beta	452	IBKT	AAAR	1	28	EK GO HM LS NP QT UY XZ	KJGLFKPAHNOMFLHWRNQIBZJXJBAECZOBUMCHSXABNAXTTTELEHOTTKHVLEGIGZZZMCLARTDI
-6.906	-7.059	TRAVEMUENDEB..(41)@5	C-thin	Beta	524	ODUZ	AAAS	2	27	AD CT EZ FX GQ HN JM KY OS PW	PRMAMUAAFISELNUZISTEBURSRDZQMHXBBYBHKIABDANTABICOYSNTRAERACHESRBYBGWNFHZ
-6.922	-6.957	TRAVEMUENDEB..(41)@5	B-thin	Beta	426	FCLD	AAAR	1	29	AU CW DV FX GM HS JO LQ NP	RYZTHESATKIOMITZGALPBISDIPYSHGEBRRUHESABNAZTTWAMOSTKITEIHLXNKWDIUVOTZEVL
-6.934	-7.229	TRAVEMUENDEB..(41)@13	B-thin	Beta	546	BTGC	AAAB	2	27	AO CY DV FT HX IW JK NQ RU SZ	HWAYVEKZKRVHRUXAVDDJPNTBYBBBBONYBRITYREUINSMAKAZIAARANFINTSVIDTGBNDAUHUU
-6.945	-7.365	TRAVEMUENDEB..(41)@5	C-thin	Gamma	753	WSOS	AAAX	1	29	AQ BW CP FV HO KN MT RZ UX	PACIMEMABXISLICWGUWFBNMAZCKWFPEBRSSHUHABOAOTNURZBTLUSHHABHNWDINVECYRAMZH
-6.953	-7.469	TRAVEMUENDEB..(41)@5	B-thin	Beta	573	UOYK	AAAG	1	29	AZ BO CN DT EK FH GM LS PQ XY	IJXHYZQANWKTKELDCQFWBSQPZOXNDHABAJCHISABCAATQHPINLIQURUTMURTSLOMERAUBTQO
-6.957	-7.285	TRAVEMUENDEB..(41)@5	B-thin	Beta	462	CMRP	AAAU	2	28	AQ BX CF DH EL GS MZ NP RV TU	ULTRXEBAQINCKCVXECIABTRZUGXQTSEBHLTHEMABEAUTFZGEKKWNEEMDREMAMMILBHBMDSIN
-6.958	-7.304	TRAVEMUENDEB..(41)@5	C-thin	Gamma	837	WLBC	AAAC	1	27	AI BQ CZ DV FP GM HO LY NT	TJUELLNACASFMBOIYHAOBAQQDAMTZSDBNMCHKLABGANTNNZPGJOBERGRCKYUCKENTMIOTHYT
-6.970	-7.441	TRAVEMUENDEB..(41)@5	C-thin	Beta	853	OXMY	AAAD	2	26	AD BL EN FQ GZ HK JM OP TX VY	VLGERTZARMOMBOZLRLTZBOKVHHCXEPZBWUDHTXABMAXTLIFUHRTTDKNZNPCANERFOUCHISJZ
-6.976	-7.150	TRAVEMUENDEB..(41)@5	B-thin	Gamma	218	YJKH	AAAK	2	28	BC DV FL HJ IO NP QY RW SZ TU	OTAFRSGANGJOWIEEPCMJBXYETCLQUAYBINTHOCABBAKTNOLGJZZDITEIVEVHPOZUFEOBIMNU
-6.983	-7.197	TRAVEMUENDEB..(41)@5	C-thin	Gamma	235	FRWN	AAAQ	2	27	BJ DU EY FZ GI KL MT NO PS QR	AMTHEMIABIURRUCIXBBYBXCERAUTMULBPDSHIMABSALTUBLINTJRHWYFRVJVGERERWOYXNHK
-6.984	-7.408	TRAVEMUENDEB..(41)@19	C-thin	Gamma	534	SNKI	AAAN	2	29	AT BQ CW DL EP FY HZ IK OV	DVYUNDEPHOMESGFSJUXARZWDTMOBXTBTRIGURHVFIHZRQBVFOHLUTREKATFKKGDMKURIMFUD
-6.985	-7.053	TRAVEMUENDEB..(41)@5	C-thin	Gamma	713	WDOR	AAAW	1	27	AQ BM DY FP GU HX IZ JO KV ST	YOIHKTHABTUSTBGESLDABKGXMALBUJWBPHAHXMABTANTAGSHMADIVEJQBAAVJCEDATAFENPD
-6.987	-7.324	TRAVEMUENDEB..(41)@5	C-thin	Beta	284	PBCQ	AAAX	1	28	AX BS CL DO EJ FK GQ HM NW PU	WMJORINAMNZKHNBWEFJQBABISBPOWLNBUGCHUGABVAITBEICHSEHNHEDEMHJQUYXLVZIRJON
-6.987	-7.208	TRAVEMUENDEB..(41)@5	C-thin	Beta	154	AOEX	AAAY	0	30	AG BQ CN EU HM KR LZ PW TX	EBSVYNPAWPILOHENNWULBAENQMJGEBCBJJKHNSABEAMTOHRAIHEPGESPHOIMAMAXXQWACOMP
-7.007	-7.394	TRAVEMUENDEB..(41)@5	B-thin	Beta	462	CMRQ	AAAV	2	28	AQ BX DH EL FO GS IV KR NP TU	UPMIXEBAQVNOROPEXLRABYINKGLNDWUBBGTHENABNABTWHGERRUNEEZDIEZAZGMLBHXSDLVU
-7.013	-7.301	TRAVEMUENDEB..(41)@5	B-thin	Beta	135	BXVW	AAAU	0	29	AU BO CH DE GI LZ MW QT VY	OVELTTBAMQQFVKPYLOUUBIGBUHTCVPSBOLCHKRABPAZTBEYLUCUPEBRAVHSSSDOTEMBINEUU
-7.013	-7.012	TRAVEMUENDEB..(41)@5	C-thin	Gamma	713	WDPX	AAAC	1	27	AQ BM DY FP GU HX JO KV LZ ST	UMUZKTHABTUSTBGESIEABKGXBAUQUFOBPHAHSMABAANTAGSHMAVIBQCUBAAVJCEDATAFENPD
-7.013	-7.004	TRAVEMUENDEB..(41)@5	C-thin	Gamma	713	WDPY	AAAD	2	27	AQ BM DY FP GU HX JO KV LZ ST	UMUZKTHABTUSTBGESIEABKGDMAUQUFOBPHAHSMABAANTAGSHMAVIBQCUBAAVJCEDATAFENPD
-7.014	-7.240	TRAVEMUENDEB..(41)@5	C-thin	Beta	524	ODUY	AAAR	2	27	AD CT EI FX GQ HN KY MZ PW SU	ORJFJWAARDCMUNSIETGKBSQURDIQJHXBBYBHIEABDANTABECUYOUTTAMRACHMOLBYBIWNFHI
-7.017	-7.202	TRAVEMUENDEB..(41)@5	B-thin	Beta	153	TFNN	AAAF	1	29	AL EJ GY HQ KN MP OU SX TZ VW	RGAUDEMACHNQIMGRAUMVBHAGJLNRJQBBIOHHOJABPABTXXMNENSRMNEUKFZUGDIWASCOXXVQ
-7.027	-7.318	TRAVEMUENDEB..(41)@5	C-thin	Gamma	312	WRAX	AAAB	1	28	AD BX FI GP HW KY LT NO RU SZ	TAPFDRAATRILFBXUNLHZBJCWFXHLAUJBANZHDFABEAMTGZGANZLJCDNIVEWTSKRAILTISERI
-7.043	-7.313	TRAVEMUENDEB..(41)@5	B-thin	Beta	135	BYWW	AAAU	0	29	AU BO CH DS FZ GI LW NR QT VX	OYTATTBAEQWRLOIXFXDYBEGBUHVXCPMBERFHENABHAITZEXFUCSONIUDYHDBDBOTELTIREUG
-7.045	-7.264	TRAVEMUENDEB..(41)@5	C-thin	Beta	834	QHST	AAAO	2	27	AK BO CV DT EL FZ GY HQ SU WX	HEFKHIOAGAZULLSGSGROBYYBIGIEKGJBGGAHBAABFAETMICAPDPADIEHBFHPJGVHLSUSPRAL
-7.047	-7.309	TRAVEMUENDEB..(41)@5	C-thin	Gamma	167	TRMJ	AAAS	2	26	AF BM CK DJ GX HT LY NW PU QR	NHTCHIRACKSFKGQBBUAMBOHCTXFOQACBGUCHNMABSAMTEINTONUVLQADZLUVWYLGQSIMMESU
-7.053	-7.254	TRAVEMUENDEB..(41)@5	C-thin	Beta	524	ODUX	AAAQ	2	27	AD CT EI FX GQ HN KY LZ PW SU	ORJFJWAARDCOUNSIEUKKBSQURDIQJHXBBYBHOWABFANTABECUYOUTTALRACHLOZLYBIWNFHI
-7.056	-7.341	TRAVEMUENDEB..(41)@5	C-thin	Beta	257	ZDEC	AAAH	2	27	AO BU EV FR GS IJ KZ LN PY QT	FOVDPCHAUGABZUAHLCGIBSBGQUFOLVWBAWGHRVABMACTFGSMWPFRIENFBOKONURNERJNJLOJ
-7.063	-6.954	TRAVEMUENDEB..(41)@5	C-thin	Gamma	713	WDOU	AAAZ	1	27	AQ BM DY FP GU HX IZ JO KV ST	YMULKTHABTUSTBGESLDABKGXMALZUFOBPHAHXMABTANTAGSHMADIVQCUBAAVJCEDATAFENPD
-7.071	-7.293	TRAVEMUENDEB..(41)@5	B-thin	Gamma	687	DPAI	AAAI	2	26	BQ DV EX FP GM HY KU LO SZ TW	RQGKQFQAMSBUNTATLQKVBRAYOFSWXKLBTRAHEOABWAITFNKENLVPSANASPEICHYODSKORBBH
-7.073	-7.199	TRAVEMUENDEB..(41)@5	C-thin	Gamma	754	UXRG	AAAQ	2	28	AC BX GO HN IR JK PQ SZ UW	KSAGFINARDGEBEKLCPYLBSPROXHYQNABIGWHENABDAYTFUPGUIWIEHMARXOOWUUYJIUFSTOK
-7.076	-6.963	TRAVEMUENDEB..(41)@5	C-thin	Beta	648	MLVM	AAAC	2	26	AJ CN DG EO FY HM PU QR SV WX	SSMCCTHAXPATIMDCOLIGBGHILMINAUDBMKAHENABRAATPTMADSEYRIFLIMQFOUOTHZRUPSME
-7.079	-7.359	TRAVEMUENDEB..(41)@5	C-thin	Beta	853	OXMZ	AAAE	2	26	AD BL FS GZ HK IR JM NV OP TX	YLDKITZAUMZSFORLILTJBULYHHUSTPWBCHMHTXABMANTBEQUUILEDPEZEPCOEYISAUTHREJR
-7.088	-7.623	TRAVEMUENDEB..(41)@5	B-thin	Gamma	834	HILK	AAAA	2	27	AM BJ CT FP GS HO IZ KV RX WY	EZLWMXZABPZAUMXWXCIIBWQGJGNGIHZBGEZHIEABPALTXIKURAUXORPEKTYDCNZMLENDEIMV
-7.094	-7.082	TRAVEMUENDEB..(41)@5	B-thin	Gamma	568	XYHA	AAAI	1	29	AD BP FW GJ HM KY LU OZ SV TX	YLZEFAJAPPSKGBOXWIETBYMCHAVUHVCBRUCHINABHANTINSEXNARUBDYMNRWXANIWPKZFXQG
-7.103	-7.083	TRAVEMUENDEB..(41)@5	C-thin	Gamma	713	WDPA	AAAF	2	27	AQ BM DY FP GU HX JO KV LZ ST	UMUZKTHABTUSTBGESIEABPJYMAUQUFOBPHAHSMABAANTAGSTQAVIBQCUBAAVJCEDATAFENPD
-7.103	-6.846	TRAVEMUENDEB..(41)@5	B-thin	Beta	143	TTRU	AAAH	2	26	AN BU CM DH EW IP KZ LR SV TX	TYTEFEDARMGAHNSVCGUWBIDESHIEANGBSTTHREABGABTATVFJKLAEMNPLPEALFNCONNTTJHX
-7.104	-7.181	TRAVEMUENDEB..(41)@5	B-thin	Beta	486	LTKI	AAAF	1	29	AI BZ CR DP EY GQ HS LX TW UV	UDVKVLQAQARNTHONLIGWBIHNGDEISGVBALVHDHABRANTWAKMCVNXQTZTSEESJESATSPWOOKI
-7.106	-7.185	TRAVEMUENDEB..(41)@5	C-thin	Gamma	541	CPEJ	AAAD	2	28	AO BJ DL GS HM KU NY PV QT WX	SBBYVEVAAHZQCIPFLANGBJIGPHERZPNBPQCHITABEAUTOHANXSTARKAKOJOUWOMSYXVZNRUC
-7.107	-7.389	TRAVEMUENDEB..(41)@5	C-thin	Beta	374	GHGL	AAAY	2	27	AM BN DO FG HJ IT KX PS WY	RWAYWPGAHILTSCEXOQTIBCTREHQXSYBBNICHHHABFAHTEXNWMATWCHIFFYDIMPROVFTHULOV
-7.109	-7.262	TRAVEMUENDEB..(41)@5	C-thin	Gamma	167	TSNJ	AAAS	2	26	AF BM CK GX HT JZ LW OY PU QR	HHTCHCRACHSJKGLBBINMBYHGTXFYQACBGUMHOMABIAMTEILTYLUVOQZZJOUENWOGRSIMMESU
-7.112	-7.396	TRAVEMUENDEB..(41)@5	B-thin	Beta	674	YBPB	AAAB	2	27	AQ BN CD FP GR HO IM KV LY XZ	CTMRLIEANZPAHOWBNKKLBFPBDBOINRDBBEUHEAABCALTUMAAPHNUNJURKWIENAADFEKKUXDT
-7.115	-7.520	TRAVEMUENDEB..(41)@5	B-thin	Gamma	451	YTJQ	AAAG	2	27	AK BW CD FY GZ HU JR OT PX SV	EBEMIRXAPICAZPNCMBPJBROQWXSESTGBBYMHEZABQANTICCHLTENAMIBKCZURNSUGAETRNYL
-7.116	-7.196	TRAVEMUENDEB..(41)@5	B-thin	Gamma	386	DZOH	AAAU	2	28	AX BZ DH EI FU GM JT LN OP QV	DPZGDEZARMASCHOUSDOOBRMFFZUWBNSBOGRHEXABSAUTAXZGHUWBZYSGAVQIMMTZZUMIMIED
-7.117	-7.119	TRAVEMUENDEB..(41)@5	B-thin	Gamma	152	NJKM	AAAV	1	28	AZ BI CX EV FH GQ JR KL OU WY	PNTRZDIAGOSPTZTFSPAIBLKANGEPFOJBGYCHOWABIAETINGCRCLHPRIELYBARLOEHUMPRAQX
-7.117	-7.388	TRAVEMUENDEB..(41)@5	C-thin	Gamma	753	WSOT	AAAY	1	29	AQ BW CP DI EZ HO JV KY LN MT	NACDMMMABPAGLHLURFHJBBEARCILVPMBCKZHINABPAFTELERBTQXCHBMBHYJIRAFACKEAIRP
-7.119	-7.249	TRAVEMUENDEB..(41)@5	C-thin	Beta	154	AOEY	AAAZ	0	30	AG BQ CO EU FS HM KR LZ PW TX	EZFGYOPARPISCHEOOWUOBAECMMJEEINBQJKHOMABEAMTCHRAIHENGLFPHCIMAMADBQYRNCMR
-7.122	-7.504	TRAVEMUENDEB..(41)@5	B-thin	Gamma	214	NGIM	AAAO	2	28	AQ BZ CV DT FR GW HO IK LP SU	ASNENYHAYHDNAIRCFXQKBLLZFQJUSTBBBYVHRMABRAUTDOPHEHIFIFYSFFZALBUSRHYFPXPN
-7.122	-7.278	TRAVEMUENDEB..(41)@13	C-thin	Gamma	236	IQOC	AAAQ	1	26	BU CJ GX HZ IT KO MR NP QV WY	VUSNISILLZDEPIXAVIXIENBRBKURBRNJRRPVNRNBIEPGNNAUFAVOHNETACOIGYLAMHVXAFUS
-7.126	-7.381	TRAVEMUENDEB..(41)@5	B-thin	Beta	467	FCDB	AAAT	2	27	AC BK DG EV FR HO LT MP NZ QW	WUNGCKGAZTCKJFODAWAJBXBDQOGSTOCBTNEHEOABWAVTANGSYCSIERSSTAMOUMBILJBIWUHW
-7.129	-7.279	TRAVEMUENDEB..(41)@5	B-thin	Beta	135	BYWX	AAAV	0	29	AU BO CH DS ER FX GI LW MY QT	OMBATTBARQOSYSAVZELMBEGBUHADAPTBYTRHREABHAKTOTVZUCVOGIERMHDPDCOTSLTINEUI
-7.131	-7.485	TRAVEMUENDEB..(41)@5	C-thin	Gamma	243	KMBP	AAAP	2	26	AX CU DY GO HZ IW JQ KL NP ST	UXJVCTJAJOFFJEDDSTHGBTGEWHQTIHLBPMFHABABSAGTRINZXNEITINMJHLEUTAVVMOMDRKD
-7.134	-7.413	TRAVEMUENDEB..(41)@19	C-thin	Gamma	534	SNKG	AAAL	2	29	AT BQ CW DL EP FY HZ IK OV	DBXUNDEPHOMESGFSJUXARZWDTMOLYTBTRIGURHVFIHZRQBVFOHLUTZNKATFKKGDMKURIMFUD
-7.134	-7.213	TRAVEMUENDEB..(41)@5	B-thin	Gamma	214	NGIK	AAAM	2	28	AQ BZ DT FS GW HO IM KN LP RV	AGJPKYHAKHDKANSINXQIBENLDQPVIOMBDOCHSVABSAGTUSPHEUVENOYUVVZALLOUTHJHPKPT
-7.136	-7.431	TRAVEMUENDEB..(41)@5	B-thin	Gamma	265	NPNN	AAAB	2	24	CO DV ER FN GW HL JS MX PQ TY	LAURZAOABGAAUGDALQRZBPWGWHLTKNXBBWHHYBABWASTTKAREVNGEGUNSEDUICCXXPTJEPTZ
-7.138	-7.484	TRAVEMUENDEB..(41)@5	B-thin	Beta	754	QSFT	AAAJ	2	25	AY BO CH DT JV KM PQ RZ SW UX	YYAHHTMANPQCHACCBICDBFGTPPHTEDQBYQDHATABIABTFAELDEEWIGUAFASTUUDRUMVKFTOI
-7.141	-7.350	TRAVEMUENDEB..(41)@5	B-thin	Gamma	835	TXVX	AAAW	2	28	AK BF DH EL GI JS NW PX QT RY	MRCAIQFAZKRUNPEHSLSKBELIKPAKSDHBHSPHTHABEANTSFAMMSHADCFGVQPUGLQETELSONVZ
-7.142	-7.414	TRAVEMUENDEB..(41)@5	B-thin	Gamma	456	IROM	AAAP	0	28	AQ CR DH EU GK IL JN OT PZ SX	ORKABNIADTRALDJQBLHCBROPOGMATMXBGFGHSOABDAITYYMSCIEBRILSISFTRIGZMHYEMUSQ
-7.143	-7.229	TRAVEMUENDEB..(41)@5	B-thin	Gamma	318	HTOJ	AAAB	2	26	AO CT FG HM IX JP KL RY	EXOARKMABGPZRNTEAGUEBTZXJMYNDPABBLLHICABBALTKJXNPAUNKZBURAUFEHRWZCEFDATU
-7.148	-7.326	TRAVEMUENDEB..(41)@5	C-thin	Gamma	631	SXWW	AAAW	1	29	AQ BX CS DY FR GK HI MZ NV PT	TPUNRVAABTRALTXXLIORBZCJAQERHHTBZENHNAABAANTOJMKODERGLASNCQZQFCCILVUICAP
-7.155	-7.400	TRAVEMUENDEB..(41)@5	B-thin	Beta	364	JJHU	AAAW	1	28	AM BQ DH EV FT GL JO RW UY	NFEIMTDAFOTSIMKHSNSBBNSFWPLRPROBGYGHESABPAUTUMENGHSBKQOKQSEKVBDCTPMUTUNV
-7.156	-7.375	TRAVEMUENDEB..(41)@5	C-thin	Gamma	378	RPIE	AAAI	2	27	AJ BW CD EZ FX HO LU MP TY	TRDVEGHAUBCMANWQOHTUBTMBSHHZXJNBLUTHEIABWAPTOERNDRKILOORPZDSHOGBLJRADLVD
-7.156	-7.383	TRAVEMUENDEB..(41)@5	B-thin	Gamma	214	NGIO	AAAQ	2	28	AQ BZ CV DT FR GW HO IK LP SU	ASNENYHAYHDNAIRCFXQKBEIZFQJUSTBBBYVHRMABRAUTDOPTJHIFIFYSFFZALBUSRHYFPXPN
-7.160	-7.383	TRAVEMUENDEB..(41)@5	B-thin	Beta	674	YBPA	AAAA	2	27	AQ BN CD FP GR HO IM LY SV XZ	CTMBLIEANZPAHOWIMSSDBZPBDBOINRDBBQJHEJABCALTHLAAPHNANNURSWIEZBHDFEVSURDT
-7.164	-7.376	TRAVEMUENDEB..(41)@5	C-thin	Beta	853	OXMX	AAAC	2	26	AD BL FS GZ HK IR JM NV OP TX	YLDKITZAUMZSFORLILTJBUKAHHUSTPWBCHMHTXABMANTBEQUHWLEDPEZEPCOEYISAUTHREJR
-7.165	-6.960	TRAVEMUENDEB..(41)@3	C-thin	Beta	743	LMDB	AAAR	2	27	CL DZ EO FX GY HK IJ QS TU VW	ZNWTRAVEMPLEDEONODVERXTENLQDSIMALYMHGEBMNTNBMAERULVIKHAVHERSEQUZZDEHIBAL
-7.178	-7.665	TRAVEMUENDEB..(41)@5	B-thin	Gamma	526	KRLK	AAAR	2	25	AO BC EW GJ HI KU LT MP NZ XY	QFARGEHABOYRLIHBBTPIBBNBSAQCTLPBMNEHXGABCAZTWBYPNSSCHMPOUNMEINANMSUTMBIS
-7.178	-7.272	TRAVEMUENDEB..(41)@5	C-thin	Gamma	235	FQVN	AAAQ	2	27	BJ DN EY FZ GI KL MT OV PS QR	AMTHEMIABINRRNCIXBBYBAWMRANTMNLBPASHIMABSALTALLIVTJRHWYFROJOGDREIWDYXOHK
-7.180	-7.368	TRAVEMUENDEB..(41)@5	B-thin	Gamma	136	WVGC	AAAX	1	28	AD BZ CS EK GU HM JL NX OV PQ	IIPPSTAAGHCRIROTNGHUBYBEZUGYFPMBPOLHEGABJAQTGCIFALTXJCCTQMBDIGUETTEESKFK
-7.180	-7.445	TRAVEMUENDEB..(41)@5	B-thin	Beta	462	CMRR	AAAW	2	28	AQ BX DH EL GS KO MZ NP RV TU	UPTRXEBAQINFOMPWZFIABTRHVGXWTWEBOLTHESABNAUTCZGEOOWNEEMDREMAMMLLBNXSDSIG
-7.184	-7.438	TRAVEMUENDEB..(41)@5	B-thin	Gamma	214	NGIN	AAAP	2	28	AQ BZ DT FS GW HO IJ KM LP RV	CGIPNKHANPDNAMSNAXQKBELZIQPVKOJBDOCHSJABSAGTUSPHIHGEMOYUVVZALLPUSHIHPNPT
-7.184	-7.385	TRAVEMUENDEB..(41)@5	B-thin	Gamma	714	FOIT	AAAP	2	27	AD BO CQ EL FH GP IK JT MX SW	QZUXJVOAUHWEYHSWEAAOBMFXOHKRXANBBEPHASABTANTINFMXYGUTACIEOJXERIFULZAMBIC
-7.198	-7.759	TRAVEMUENDEB..(41)@5	B-thin	Beta	762	OPYO	AAAH	2	28	AJ BW CG DR FX HQ KU PS TZ VY	YAWIYVAAJBWICKLUYSJGBGWBTBPUIQMBIZLHOVABSAGTESMJWXCYYDSECRIEUBRODUTLPDTS
-7.202	-7.586	TRAVEMUENDEB..(41)@5	C-thin	Beta	278	GYQC	AAAL	2	25	AQ BY CH DF EX GO IZ JP MT UW	CIDTUTFALQVUASDRYMRCBDFJFMSYVQYBMOTHHTABGABTISKMBFMTSETCUPVGCBXHRERULIKO
-7.209	-7.407	TRAVEMUENDEB..(41)@19	C-thin	Gamma	534	SNKH	AAAM	2	29	AJ BQ DL EM FY HZ IK NW OV TX	YIYUSMKMHYPPLLFSAUTXRZCDDCOLTABDRIGNRHEXIHZRQBVFUHLUSZEHXJBKNGDERURSEFUD
-7.210	-7.261	TRAVEMUENDEB..(41)@5	B-thin	Gamma	734	ADTB	AAAC	2	27	BL CV DI FH GU MW NS PQ TY	MDJWKCPANMCKFODUUUCVBEBKAISYDOMBLYDHFGABBAPTLEECUCHRECHVXOMIMOPZIPEINGBM
-7.212	-7.482	TRAVEMUENDEB..(41)@5	B-thin	Beta	453	XVXG	AAAQ	1	28	AZ BQ CE DP FY GN HO IT KM LU	LTTATLIAMURLDESRABPRBPDXWBMHMHJBXKTHEMABTAUTEGXHCHXFYZLZHXJKQIAWABETFEDQ
-7.214	-7.205	TRAVEMUENDEB..(41)@5	B-thin	Gamma	341	YDNA	AAAM	2	27	AO FY GJ HX IP KZ LM NR TU VW	IDGNDZZAITBDAKKABGOXBRODZBANNOWBALCHXZABRAUTFNFSMECHERGZQJRVENWZXMITZGLL
-7.215	-7.105	TRAVEMUENDEB..(41)@3	C-thin	Beta	743	LMDA	AAAQ	2	27	CL DZ EO FX GY HK IJ QS TU VW	ZNWTRAVEMPLEDEONODVEUXTENLQDSIMALYMHGEBMNTNBMAPRULVIKHAVHERSEQUZZDEHIBAL
-7.217	-7.376	TRAVEMUENDEB..(41)@5	C-thin	Beta	853	OXMW	AAAB	2	26	AD BL FS GZ HK IR JM NV OP TX	YLDKITZAUMZSFORLILTJBUKAPHUSTPWBCHMHTXABMANTBEQUHWDEDPEZEPCOEYISAUTHREJR
-7.218	-7.269	TRAVEMUENDEB..(41)@5	C-thin	Gamma	631	SXWX	AAAX	1	29	AQ BX CE DF GK HI PT RV WY	TESPDNAAJTHWFTDXLFRABESJGQOBEIABHTEHRAABAADTJPZKOWICGRFERSQGQNSSMLYRIQAT
-7.219	-7.365	TRAVEMUENDEB..(41)@5	B-thin	Gamma	214	NGIL	AAAN	2	28	AQ BZ DT EF GW HO IM JS KR LP	PGYINCHALZWNUREEMXQNBIRLSQUVQOZBCHCHENABEATTBPPHFUEMRHYUKKZALNLUEHEHPWPG
-7.220	-7.497	TRAVEMUENDEB..(41)@5	C-thin	Beta	375	CUZC	AAAI	1	28	AS BW DG EK HL IQ JM OZ PU TX	AGZXKOLAICXQKGNWEALIBSGDHWJOEHNBBUQHMGABVAMTHEFTUETZTNOLLPJJNADUMSITWWHC
-7.220	-7.374	TRAVEMUENDEB..(41)@5	C-thin	Beta	375	CVAD	AAAJ	1	28	AS BW DG EK HL IQ JM OZ PU TX	AGZXKOLAICXQKGNWEALIBSTDHWJOEHNBBUQHMGABVAMTHEFTUETZTNOLLPJJNADUMSITWWHC
-7.220	-7.350	TRAVEMUENDEB..(41)@5	C-thin	Beta	257	ZDEB	AAAG	2	27	AO BU CE DR GS IJ MN PY QT VZ	DPORPEHAUGGBNUARERCIBFBGTUPIEECBGQGHORABPANTOOSNWPEFIZLDBOVOLGELEFJKJNOH
-7.228	-7.538	TRAVEMUENDEB..(41)@5	B-thin	Beta	837	MKPC	AAAQ	2	25	AO BS CJ DG HM IP KQ NU TY VX	IXGBUNDAVCRMRPDDBMXQBSWSLDPEENABCTDHXOABAADTQGZUMJBIPHMICHULBYULDZERGAEM
-7.228	-7.534	TRAVEMUENDEB..(41)@5	C-thin	Beta	476	HRYF	AAAC	2	24	BI DH EU FS GZ KO NQ PX RV TY	KPLRGLAAFPNXUNDIBIHCBIXWNDMTZPKBZYHHOHABEAGTISZUZCAGINLGZDBIEFALLPJFBDHD
-7.229	-7.187	TRAVEMUENDEB..(41)@5	B-thin	Gamma	613	XHHG	AAAT	2	27	AI BL DH FR GP JS KQ OT UZ WX	KPLTFSPABUNIIYJCIOBOBOLLOHUTAGDBRJIHBHABTADTIBWNWYNIHERADEERDREAUUKRWSMO
-7.230	-7.683	TRAVEMUENDEB..(41)@5	C-thin	Gamma	645	CBEB	AAAS	2	26	AZ BS DH EX FY GJ IW LT NV OP	MQJPQTBAJBANKNIGJTHIBZAALHZANKNBQKEHTFABYAKTUNHLERUMOMUEKHKILOHRLJDRGTIM
-7.230	-7.375	TRAVEMUENDEB..(41)@13	C-thin	Gamma	236	IQOD	AAAR	2	24	BU CJ EH GT IZ KO MR NP QV XY	VUSNGSBVLKGTJALAVVWGINARBPURBRNJRRITNRNBGAPANNAUKAVOJNIALTJOALLAMVVTLFHS
-7.234	-7.108	TRAVEMUENDEB..(41)@5	B-thin	Beta	632	WLIO	AAAL	2	28	BK CI DW EO FT GN HQ MR SX VZ	LRYMJXBAMMARREFFYHALBXLPRNEPINABTMEHDPABRAHTEHRVRFUONGLEKSGEMFFHEOTZGNBB
-7.235	-7.445	TRAVEMUENDEB..(41)@5	B-thin	Beta	376	TTUL	AAAG	2	25	AW BT CP EY FK GM IU JL NQ SV	DQEHNKEAENUUCENGBUIKBZEIWMWLKRKBCMWHATABUAITTDAVUHXNDEFGMFHMSELUITPSNOTL
-7.237	-7.251	TRAVEMUENDEB..(41)@5	C-thin	Gamma	176	VBGF	AAAO	2	27	AS BM DH EN FG IV JP KQ RU TX	LQOFNABAPHQTGHRTBWJHBGERIPNAKTOBSGPHTTABRAGTFCXYYSMRDDMANDUMPEESETBIAYPR
-7.238	-7.384	TRAVEMUENDEB..(41)@5	C-thin	Beta	265	GDTR	AAAF	1	27	AQ BZ CI DJ FY GU HO LP MW ST	SEFANTBAOOOVIZZFVOPABRHSVOGMUBSBLULHQTABWALTNRVZPPBDALVOXSFCKSTEGDIZPFKO
-7.241	-7.336	TRAVEMUENDEB..(41)@5	B-thin	Gamma	724	RTQZ	AAAI	2	27	AM BL DT FS GW HQ JP OZ RX UV	PLBKOKLARWTHWFDSLOSEBDZFLAWSCBZBLOHHPXABJAMTEPOGASTIITRINKSLEUNTSMHXJBMP
-7.244	-7.105	TRAVEMUENDEB..(41)@5	C-thin	Beta	834	QHSS	AAAN	2	27	AK BO DT EL FZ GY HQ MV SU WX	HXFKHIOAGAZULLSGEGROBKYBEGIEKVJBGPAHBAABFAETCOMAPDPADIEHBFHPJICHLSUWLYAL
-7.250	-7.626	TRAVEMUENDEB..(41)@5	B-thin	Beta	513	URAG	AAAI	2	27	AN BZ CF EW GM HU IS JV PQ TX	PFHIEZUAYROGCLDPIXTABCRRBZYTSQHBBRZHKHABEANTOTTXSRQNIYKQBAONVJDERDAHJAWI
-7.252	-7.349	TRAVEMUENDEB..(41)@5	C-thin	Beta	374	GHGM	AAAZ	2	27	AM BN FG HJ IT KX OW PS QR UY	QUKOUPGAHILISCUXDRTIBCHWEHQXKOZBNITHHHABFATTEXNUMMAUCHPFFOWCMPQEVFTHYLDV
-7.255	-7.393	TRAVEMUENDEB..(41)@5	C-thin	Gamma	853	YZBC	AAAR	1	26	AP BJ CK DN GS HX IR LW MT UV	LTKWTEPAMSOPCKMCBHTJBSZTWBJUSKXBESTHEMABWAATIMRTXZWWHKFLOLCHOHZWIEIXEACO
-7.258	-7.292	TRAVEMUENDEB..(41)@5	C-thin	Gamma	378	RPID	AAAH	2	27	AJ BW DV FX HO KS LU MP NZ TY	TXCVNGHAKBBMQZWELDXABEMBAHHEXTZBLMAHNUABWAPTIORSFRSZLTORPECKGEMBEJWECJDC
-7.260	-7.531	TRAVEMUENDEB..(41)@5	B-thin	Beta	673	HAIS	AAAE	1	27	AV BD CH FK GS IO LW MP NZ QT	WHKPOTMAJQBARANLEXMIBBHMQMOLGOABCQGHUNABKATTACVURSELZAMEJBNPASHCXIGNNZPK
-7.269	-7.279	TRAVEMUENDEB..(41)@5	C-thin	Beta	284	PBCR	AAAY	1	28	AX BS CL FK GQ HM IR JO NW PU	FMYDIVNAMDYKZNBWOFDQBABESBADALDBUGCHUGABVAITSORCHSEHNHOJOMHEQUYXLVZRIEIN
-7.273	-7.585	TRAVEMUENDEB..(41)@5	B-thin	Gamma	451	YTKR	AAAH	2	27	AK BW CD FQ GZ HU IN JR OT PX	EBEZNRXARNCKZPXCMBPEBYOFWGVVVTGBLKUHEZABFAITLICHLTEZAHNBKCZXROVRBADTRBQA
-7.281	-7.433	TRAVEMUENDEB..(41)@5	C-thin	Beta	853	OXMA	AAAF	2	26	AD BL GZ HK IR JM NV OP QY TX	QLDVITZAIMZOSOILILTZBALQHHUSTPWBTHWHTXABMANTBEYCUILTDKEZEPCMEQIAAUCHREJD
-7.286	-7.640	TRAVEMUENDEB..(41)@5	B-thin	Gamma	135	NWXK	AAAA	2	26	AJ DI FK GM HZ LN OU PX QT VY	OJTIEBKADTGRLBFJBTQMBBZXYAEQMACBBOLHAGABRAGTURURWPSAOWDKIBGEHTINTMOLMQLS
-7.288	-7.303	TRAVEMUENDEB..(41)@5	C-thin	Beta	246	UZGL	AAAB	2	27	AU CZ DP EX FW GS HR IM JK QT	EKOIENHAQUKKNOPEERRIBMBJTPERTYDBSAFHPTABEAKTRDKLBNUDRLIABSFMBOSKMKIEMAMJ
-7.291	-7.408	TRAVEMUENDEB..(41)@5	C-thin	Gamma	367	ZDIB	AAAN	1	28	AI BD EZ GN HS JL MR OP QT VW	PKIRCSSAQYIMIOKSBOTZBNWHOAYKGROBKASHTAABSAUTDELQCWFGPLADBUWNSFIFPPEENOPE
-7.297	-7.427	TRAVEMUENDEB..(41)@5	B-thin	Beta	564	EELF	AAAM	2	27	AC BQ DY FZ GW HU JR LT PX	SJUNIHQAIRCLKTMINERDBQCXEBWXQQDBWLOHAMABGATTRUCRHKBGGNLELIBEIBROTKNHMHWX
-7.298	-7.216	TRAVEMUENDEB..(41)@5	C-thin	Beta	284	PBCP	AAAW	1	28	AX BS CL FV GQ HM IR NW OZ PU	UMYDIPNAMFYVONBEZNIXBLBBSBARALDBLTCHUBABFAITHARCHSEHNHJZJMHEQJQXLFORIJDJ
-7.299	-7.401	TRAVEMUENDEB..(41)@5	B-thin	Gamma	835	TXVY	AAAX	2	28	AK BF CW DH GI JR NV PX QT SY	NMINISFAGEPGGPWHRERMBAEIFPVVSBZBHJGHGHABEAUTSDAMMRNFDUNGNQPIGGQLLLKBOQNZ
-7.300	-7.373	TRAVEMUENDEB..(41)@5	C-thin	Beta	145	OFWW	AAAN	2	27	AS BZ CE DJ GL HN MT OX PY	SLSUIWDAMSZPAVDYTPJHBPTAMNKABZOBGELHOPABGAKTDELIXNGOUEBUNTIQPZEPTTHAPJEV
-7.309	-7.588	TRAVEMUENDEB..(41)@5	B-thin	Gamma	451	YTJP	AAAF	2	27	AK BW CD EL GZ HU JS OT PX QR	DBXCIWXAJOKKJPXCMBPDBYORWXVIETABHKUHEZABQAGTENCHETWAWOIBKCZXSOVIGAMTSBFX
-7.312	-7.728	TRAVEMUENDEB..(41)@5	B-thin	Gamma	815	HHGV	AAAS	1	27	AU BK EY GM HO IS JN LX PQ TZ	ONNEHELAXFDJGPITBLUJBBHMMPBRGLMBHTPHBQABQAITZRRIOWLASUBFMRONNTLHHPERSITS
-7.315	-7.391	TRAVEMUENDEB..(41)@5	B-thin	Gamma	142	CFZA	AAAC	2	26	AW BO CJ DH EM FP GN IQ LX TU	FZYERTWARHOLKZBURIIZBYSAIPCTHOWBNCGHTHABJAHTCQIAIXWESKBGMTJEZAGRIDLOREKL
-7.317	-7.326	TRAVEMUENDEB..(41)@5	B-thin	Beta	523	ZYDI	AAAR	2	24	AD BG CP FZ HO IT LN QU RW VY	LLQTQVXABSIWGABIGSPJBCNNTAINBRWBCSPHFIABWAWTILPEIPNLAMFLOTUMHIPAMUREKUZI
-7.319	-7.419	TRAVEMUENDEB..(41)@5	B-thin	Gamma	835	TXVU	AAAT	2	28	AK BF CN DH EJ GI LW PX QT SZ	UGJZUDFAERBONPCHEDNLBWJIGPXKKLEBHESHAHABTAGTEFAMMEZUDUOVOQPKGJQWHWTYOLVS
-7.326	-7.384	TRAVEMUENDEB..(41)@5	B-thin	Beta	564	EELG	AAAN	2	27	AC BQ DF EK GW HU IY LT MR PX	EMOTIFQAYMZRKTTLYPHIBQCXKBIGAUOBELEHAMABGAVTJUCJHEFGGNLCLYBAYBOOTENHRHWE
-7.330	-7.411	TRAVEMUENDEB..(41)@5	C-thin	Gamma	631	SWVY	AAAY	1	29	AQ BX DY FR GK HI MU NV PT	TEMPRVAAJTRALTXXLYMABUXJJQERHLTBUENHNAABAANTMGZKODEEGNACNSQUQFSSILWYISSM
-7.330	-7.125	TRAVEMUENDEB..(41)@5	C-thin	Gamma	753	WSOQ	AAAV	2	27	AQ BW CP FZ HO KN LS MT RU VY	PAMEHEMAURICSHRWGERIBAAAUCAAARUBYJIHRHABTAWTEPFUBTCHCXHZYHNNDONZECZFACUN
-7.338	-7.471	TRAVEMUENDEB..(41)@13	B-thin	Gamma	416	XXKK	AAAU	2	25	AU BI CJ DS GV HN KQ LM OW TX	SQUEFENDGKFKCRGAVSODVNRFBJUBBJNTHINNAROSAVUVLAANEAIDENZAAOLLCHRAJSJEFWBH
-7.343	-7.570	TRAVEMUENDEB..(41)@5	B-thin	Gamma	832	TTTN	AAAT	1	27	AN BU DH FP GM IT JL QX RZ VY	QJVOSTLAGTWERAULEKJPBWNPOBBKZGGBNYSHAVABTALTJBZMGOTQAIPEMNDSGUNXIPAEJBLA
-7.348	-7.259	TRAVEMUENDEB..(41)@5	B-thin	Gamma	568	XYHB	AAAJ	1	29	AD BP CV FI GJ HM KN LZ TX UW	NFOMUAJAXPCNGBERZIVBBURMKASGHAVBTOCHZWABGAKTNICEXKLEZIENMKRMXQYKXPGXUNQZ
-7.351	-7.460	TRAVEMUENDEB..(41)@5	B-thin	Beta	564	EELI	AAAP	2	27	AC BQ DR EY FS GW HU JV LT PX	PLOMELQATUNCMTJINPHZBWCXYBANYUHBENJHAMABGALTJYCVHKMEGERCLIBRIGVOTKRHMYWP
-7.357	-7.628	TRAVEMUENDEB..(41)@13	C-thin	Gamma	834	ACRK	AAAX	1	26	AZ BJ FK GY HN IM LT OX RU SV	TSPMIKZXTVONFGEAVKMXFNHZJFBIBXNZUHWMERZARISCFAAEAAXFLNEONALSGCTYOPENEALU
-7.358	-7.382	TRAVEMUENDEB..(41)@5	C-thin	Beta	124	XICW	AAAN	2	27	AF BC DU GY HI JN LR MT PZ VX	UPENDIGATNSMRUDRETAMBLPXFPFPUYEBZECHORABEAJTUBCZSHKIPEOBHKNIDERDGPRSOJMG
-7.360	-7.302	TRAVEMUENDEB..(41)@5	C-thin	Gamma	235	FRWO	AAAR	2	27	BJ CX EW FZ GI LN MT OY PS QR	AZTHOMIABINSSZIMOBBWBCELMADTMUKBPUCHMEABHAKTDBKIYTJRMEELRVJCGOSIAELACYHN
-7.361	-7.497	TRAVEMUENDEB..(41)@5	C-thin	Gamma	462	VHOV	AAAF	2	26	AZ BC DW FN GQ IR JX LP MT SY	KPEAKRPAIBGRRAGABGBWBOIMPBXYVGOBACZHUAABWASTYSZPENUNLEABOZYHSKANOPCHQCZV
-7.362	-7.484	TRAVEMUENDEB..(41)@5	C-thin	Gamma	123	AFLB	AAAC	2	25	AK CJ DH EF GL IO MS PY RX TZ	EPAMTTJATCHUSLDAYVHLBDYKAPIPPKUBLEHHWHABCADTKULZDENEUPAOPAUJGGDSGOEMEHHP
-7.376	-7.474	TRAVEMUENDEB..(41)@5	B-thin	Gamma	835	TYWY	AAAX	2	28	AK BF DH EJ GI LO MN PX QT SY	UVKVIDFAGRBGCPCHEJENBOJKKPXMXDDBHEGHIHABNAGTEFANNEYFDUUGVQPIGJQOXOKELWVZ
-7.376	-7.465	TRAVEMUENDEB..(41)@5	C-thin	Gamma	631	SWVX	AAAX	1	29	AQ BX DY GK HI JR NZ PT UV	AEMPFUAARPFALTXXLRJABIKRRQHJKLEBBLUHUAABAAMTNONKODHEGUACUSQMQCSSGLWYIIAN
-7.376	-7.432	TRAVEMUENDEB..(41)@5	B-thin	Beta	765	SPDS	AAAG	2	28	AQ CL FH GS JP KR OT UV WX YZ	DYMXPLJAGAFAKTIEAKTPBXWGAPUZQVBBHICHHTABHAKTKAFOEDEKIURDBWNECQOJYLPINDNE
-7.377	-7.298	TRAVEMUENDEB..(41)@5	B-thin	Gamma	841	TAMW	AAAN	0	30	BQ CJ DG FK HM LY NP OT RX SW	OJJMLIQAGMBXRAUGMADIBGEMIMOPQVCBLEDHJWABIABTFITFEFEGSFULTIPTETZBAALYPBFG
-7.380	-7.444	TRAVEMUENDEB..(41)@5	C-thin	Gamma	853	YZBD	AAAS	1	26	AP BJ CK DN GS HX IR LW MT	LTKWTEPAMSOPCKMCBHBJBBSTWBJVSKXBERTHEMABWAATRYRTXZWWHKFLOLCHOPZWIEIXEMAO
-7.382	-7.410	TRAVEMUENDEB..(41)@5	B-thin	Gamma	163	MNQZ	AAAI	1	28	AX BM CS DN EI FW GL HU KV OP	UEVJZIGACHRUSOTZZBQXBFLFSPYYXKBBENXHNEABBAYTROSPJSIEHTOLVHONLCECIONIXZVV
-7.383	-7.732	TRAVEMUENDEB..(41)@5	B-thin	Gamma	738	WXDC	AAAH	2	27	AY BQ DG HM IN JK LT OP SV UW	YYMBZQPAYMBUINSJHPFBBCLQSYACSIHBICAHFFABAAQTIORLYDGEINACMDGDOMININKWEZPY
-7.384	-7.328	TRAVEMUENDEB..(41)@5	C-thin	Beta	623	GALB	AAAW	1	26	AR BM CU DW ES GZ HQ JN LT OP	MUYHSDRATKOLGDSMIGOGBTRASHICAXQBMLTHCYABWATTNJTDZFSJHNFWYVERWEBSTVVTWEIB
-7.385	-7.478	TRAVEMUENDEB..(41)@5	C-thin	Beta	712	MTDR	AAAF	2	26	AW BU CN EQ GO IV KL MY PX RS	OQNNYEUAUBDEMANGBMRYBYXSZXKTSTOBGBGHEPABAAUTUBWWKGEMKTSDEMLBWINCMZXUZOSZ
-7.388	-7.331	TRAVEMUENDEB..(41)@5	B-thin	Beta	784	KUNW	AAAI	1	29	AD BZ CJ EF GX HM IV OT PQ	AMURGKDALLWQGGLOSGBEBMODDOLZGVJBZFAHHFABTABTAZDZLIDEDNUBKPIERKEMABFERUQU
-7.389	-7.670	TRAVEMUENDEB..(41)@12	B-thin	Beta	748	BJME	AAAI	2	28	AH BE CM FU GR IV LO NW QS XZ	XTERHLHIUTZNBRZWIEIHNEWLLMLGXNXBGUZJRMCAFHHLOYRYMAFTNORBAKRQXANEGMEXTAJB
-7.389	-7.264	TRAVEMUENDEB..(41)@5	C-thin	Beta	186	PLJH	AAAP	2	26	AF BX DP EM GJ IO KT NQ VY WZ	HEATRYHAPTSOFPOGRAKYBMSXZAATZBEBTWEHZTABGANTOTMVNOOIBEDEXEJMYAMATWJYXKDD
-7.389	-7.656	TRAVEMUENDEB..(41)@12	B-thin	Beta	748	BJMD	AAAH	2	28	AH BE CM FU GR IV LO NW QS XZ	XTERHLHIJTZNBRZWIEIHNKWLLMLGXNXBGUTJRMCAFHHLOYRIMAFTNORBAKRQSANEGMEXTAJB
-7.390	-7.217	TRAVEMUENDEB..(41)@5	C-thin	Gamma	548	NMHC	AAAV	1	29	AK BQ CR DP EJ GO HT SV UZ	RRNHLKPAXCNMIEAAPDHPBITBROURDIMBERIHKQABDAKTGAHGWPPEVGEINDGAFTEFEOKTGFQM
-7.393	-7.592	TRAVEMUENDEB..(41)@5	B-thin	Gamma	412	TJHY	AAAW	2	27	AM BY CO DJ EX GZ HW KS LR TU	DBEVWTDAHWLWPHBUDUYEBIJRFGNACWTBUSTHELABIAITXXUHUMOTMADUJIMZVMGERYNXFFFY
-7.394	-7.435	TRAVEMUENDEB..(41)@4	C-thin	Beta	136	ETTA	AAAA	2	27	AY BU DK EP GH IM JW QR SV TX	OPCDTLAULHOLXJKBLWOINNLNEITEXWBDURBQQAGNAZTXALDLIYZCDAGYACHUACHKIITURISX
-7.397	-7.682	TRAVEMUENDEB..(41)@3	C-thin	Gamma	431	KRXU	AAAA	2	26	AN CU EZ GV HQ IX JO LM PW TY	GIKTHIVEMYRIDELBSUIEGXHETROXIXWVKHGRVATRVTBGHCORSPSICHEFMQPQSLMVAZQZBAYK
-7.397	-7.564	TRAVEMUENDEB..(41)@5	C-thin	Beta	375	CVAE	AAAK	1	28	AS BW DG EK HL IQ JM OZ PU TX	AGZXKOLAICXQKGNWEALIBYTDHWJOEHNBBUQHMGABVAMTHEFUUETZTNOLLPJJNADUMSITWWHC
-7.400	-7.332	TRAVEMUENDEB..(41)@5	B-thin	Gamma	731	QKYZ	AAAZ	2	27	AW BL CO DR FJ GY HQ KU MS PX	OLLEREWAILGCQLHTDEATBERKWWNDHOWBCUCHOPABVAKTDYAWVGWMLIAHXCYFMGTGEBEDMURT
-7.402	-7.393	TRAVEMUENDEB..(41)@5	C-thin	Beta	671	VMGV	AAAM	2	26	AS BL CQ DY FV GW HO IM KU TX	MVLZCUPAONPPSPAETANIBHKGWSDPHALBLAUHFGABCAOTRURAUSGCGUBTPRAOROLDKQEHLBCH
-7.403	-7.422	TRAVEMUENDEB..(41)@13	B-thin	Beta	546	BTGD	AAAC	2	27	AO DV EG IP JK MW NQ RU SZ TX	TKACVGZDKITEWCFAVDDJWNQBYQBWBANGERTYIRVOMDSEAKAZDAARNNETLDEARDFEBWDNSTSG
-7.404	-7.745	TRAVEMUENDEB..(41)@5	C-thin	Gamma	645	CBEE	AAAV	2	26	AZ BS DH EM GJ IW KR LT OP UY	EQTPQTBAJBIMGERDVTHIBOEGLHOVNRPBHCWHTWABFAKTENHOCOSEJEYMRHRTLGDKTJDKGMID
-7.408	-7.461	TRAVEMUENDEB..(41)@5	C-thin	Gamma	853	YZBB	AAAQ	1	26	AP BJ CK DN GS HX IR LW MT	LTKWTEPAMSOPCKMCBHTHBBSTWBJVSKXBERTHEMABWAATPPRTXZWWHKFLOLCHOPZWIEIXEMCL
-7.409	-7.422	TRAVEMUENDEB..(41)@5	C-thin	Gamma	631	SWVW	AAAW	1	29	AQ BX DY GK HI JR MU NV PT	AEUPFNAARPFALTXXLYNKBUXRRQHJKLEBBENHNAABAAUTORZKODHEGNACNSQUQJSSILWYISAD
-7.409	-7.669	TRAVEMUENDEB..(41)@5	C-thin	Beta	136	EDKJ	AAAD	2	26	AL BQ CJ DH EY FN IS KW OT PU	IUAGOKLAVGJHLISTCBKRBWALWQHQKGHBALCHXJABWALTERKNWFALTZSPENIDPTQNXFMVDLZK
-7.410	-7.395	TRAVEMUENDEB..(41)@13	C-thin	Gamma	285	NOMC	AAAG	2	24	AO BS CF DG EQ IW KU MT RY VZ	NEKLEVODIYROZNRAVODDTNDZBEGNBKNONORLERVHAUNFZSACIANABNNPLUGUGOYOKLIKSHYY
-7.410	-7.517	TRAVEMUENDEB..(41)@5	B-thin	Gamma	683	NVTW	AAAZ	2	27	AQ BY CN DE HU JO KS MT PX RV	IWDLZEBAAUIWITTASLUNBEBXOXBXYAHBGOUHGIABSAJTEANOZQQFBUYNTEMKKRTRISERNGZJ
-7.412	-7.655	TRAVEMUENDEB..(41)@5	B-thin	Beta	214	NHEP	AAAJ	2	25	AM BU CW DT EQ FY HR KV LX PS	ANXXDYBARKNSVHLODLMUBJWEMCMEPRPBVBNHWEABWAITSEQUAHDEUCEVALGWJWTKRAKYAOWO
-7.414	-7.199	TRAVEMUENDEB..(41)@5	C-thin	Beta	321	FLXS	AAAX	1	29	AI BZ CN DM FW GO HP JU KV LT	CHOHUMPAVNZRCFNBEVOMBHBAUPJECHOBEIEHGLABZAITOMYYUNYGLNNUUJWFKRUEFEKTSBFS
-7.414	-7.323	TRAVEMUENDEB..(41)@5	B-thin	Beta	135	BXVX	AAAV	0	29	AU BO CH ES FX GI LZ NW QT VY	OVVVTTBADQGXGDPYLOURBIGBUHTEMPEBMLCHKRABPAZTBDYLUCUNGWESVHEEESOTZNAIWDUI
-7.415	-7.506	TRAVEMUENDEB..(41)@5	B-thin	Gamma	683	NVTX	AAAA	2	27	AQ BY CR DE HU JO MT NV PX SW	IGICZEBAGUISITTRWLUFBOBXDXSXISEBGMUHGAABKATTNTROZQALBWERTEMWWMQNYKRMRKZJ
-7.415	-7.677	TRAVEMUENDEB..(41)@5	B-thin	Gamma	135	NWXL	AAAB	2	26	AJ DL FK GM HZ OU PX QT SW VY	OJTHEBKAHTGRNBPJBTQYBBZXYAEQMACBBONHMGABRAGTURURSPWHOWZKLBGEHTLDQMPNMQNW
-7.419	-7.783	TRAVEMUENDEB..(41)@5	B-thin	Gamma	453	NEGH	AAAH	2	26	AS BW DP FV GO HM JL NY QR TZ	OZMEDKRADLTUBSGRDGGWBEXBSZJUGIDBTTCHPTABWAXTADEIDCQLLXVKXEBEQUELDLGMAZZG
-7.426	-7.352	TRAVEMUENDEB..(41)@5	C-thin	Beta	627	TFKK	AAAP	2	27	AK BQ CG DL FR HW JS VY XZ	CUZWORBADUSSOGAHAUENBGGFNCVWDDDBEDCHYAABWATTWIRDIQVQPGUNQSGAAZWPPLFQXQPQ
-7.427	-7.583	TRAVEMUENDEB..(41)@5	B-thin	Beta	316	YFIL	AAAZ	2	27	AL BU CW DM EK FP GI HY JS TX	AMXKTSUALYSTAPDNLYRABUDWRGMQAUHBGELHUCABMASTBPJYGLEMITSMVJVOBEAAWNPRABUJ
-7.427	-7.735	TRAVEMUENDEB..(41)@5	B-thin	Gamma	562	FVKP	AAAB	1	28	BM CO DP EL GQ HK IS RW TX VY	UUTFYDXANKRXMBPTCCBHBOPXQPGYJHLBAOUHRTABKADTOBEVOVSIUMAPPCMLINAOXYGXZUPM
-7.428	-7.475	TRAVEMUENDEB..(41)@5	B-thin	Beta	564	EELH	AAAO	2	27	AC BQ DM EJ GW HU LT PX RS YZ	USZIZYQAEAWOHTQINVOMBQCXJBXBVUTBELPHADABGANTEUCEHKWMGUMCLIBEIBEOTKUHDHWS
-7.431	-7.354	TRAVEMUENDEB..(41)@5	C-thin	Beta	374	GHGK	AAAX	2	27	AM BN EK FG HJ IT OY PS RW XZ	WOUROPGAHIHOBSEGLSFIBCTXBHLEHREBNIXHHNABFAVTKENOMAVORHLMFRYDMPFDVFTHULDV
-7.432	-7.527	TRAVEMUENDEB..(41)@5	C-thin	Gamma	123	AFLC	AAAD	2	25	AK CJ DH EF GL MR OV PY TZ WX	EPERTTJAACHURPDAYOHEBSYNAPOPQKYBLZHHXHABCAUTAILZDEJVDVELPAUJGFDRGIMSEBHB
-7.434	-7.478	TRAVEMUENDEB..(41)@5	B-thin	Beta	564	EEMJ	AAAQ	2	27	AC BQ DM EJ GW HU LT PX RS YZ	BVPIZYQAEAWOHTQINVOMBQCXJBPMVUTBELPHADABGANTEUCEHKWMKOMCLIBEIBEOTKUHDHWS
-7.438	-7.525	TRAVEMUENDEB..(41)@5	B-thin	Gamma	265	NOMN	AAAB	2	24	CO DV FN GW HL KX MS PQ TY UZ	IAKAUSOAUBTAKEDMPENBBPGGWHDTINUBBWHHYYABWANTTXAERVTIVMZUJRDZICHSSPKMRPTU
-7.439	-7.348	TRAVEMUENDEB..(41)@5	C-thin	Gamma	631	SXWY	AAAY	1	29	AQ BX CE DF GK HI JN PT RV WY	LESPDNAANZHWFTDXLFUABESNGQOBEIABHTEHRAABAADTDPZKOWICGRFERSQGQJSSHLYRIQST
-7.439	-7.451	TRAVEMUENDEB..(41)@5	B-thin	Beta	573	UOYJ	AAAF	1	29	AZ BO DT EU FH GM LX NY PQ SV	IWNOLZQAUWADUUELSQFQBIMPIONCDGABAOLHGEABRAATKGPICVILBLEAMERAXSLDGRWOBOQO
-7.442	-7.438	TRAVEMUENDEB..(41)@5	B-thin	Beta	728	TGKC	AAAJ	2	26	AW BP CO DH ES FV GN JL KR TY	AAKERTBAXPLTRIOHIDLWBNKAWONIEDWBEENHBLABRAHTIPPQLLPTDVUBDQDKVONFPEEUBZRE
-7.445	-7.490	TRAVEMUENDEB..(41)@5	B-thin	Beta	673	HAIT	AAAF	1	27	AV BD CH FK GS IO MP NW QT UZ	LHGPOTMAJQBARAUNESGIBBMMQMONGOABCQGHEUABDATTACVZRSENWAMEJBUPASHCIIGUUWPK
-7.452	-7.338	TRAVEMUENDEB..(41)@5	B-thin	Gamma	835	TYWV	AAAU	2	28	AK BF DH GI JR NY PX QT SW	VNSHINFAKEPEGPNHRERZBLEIKPYKIXZBHRBHGHABEAUTRFAMMRVIDEUVVQPTGEQLFLVROSVZ
-7.453	-7.336	TRAVEMUENDEB..(41)@5	B-thin	Beta	724	VTKS	AAAM	2	27	AD BL CF EX GI HZ JT KN PW QY	VHEOJWPAPHTHIZXXAUHRBADWGHHABZOBDZGHFUABWATTLXOOOHFASHARDEPEXZMMUTWIONFA
-7.466	-7.250	TRAVEMUENDEB..(41)@5	C-thin	Beta	321	FLXR	AAAW	1	29	AI BZ CE DM FN GO HP JU LT VW	FAOHUMPAKETRSVESAKOMBLBAYPJUFJOBPACHGEABZAITSWYYUENGLEGUUJNVWQPCQCWBSMVD
-7.467	-7.517	TRAVEMUENDEB..(41)@5	C-thin	Beta	681	TONW	AAAE	2	27	AU BX CG HM IR KY LT NV OS PW	UETVFIHAXXBSCCSACFQPBKTXLLERNBUBCACHSFABXALTSRTEEKUMSTLMIMHKFDIVXZEOCFVC
-7.469	-7.660	TRAVEMUENDEB..(41)@5	B-thin	Beta	135	SEQU	AAAY	2	26	AW BU DG EX HY IQ MP NO RV ST	ALTUWRGABKTJSQUQWAJIBENTZGVWYHYBZOMHENABPAATGPDGRIOGWLNIMHUELHARAFNUKLJX
