#rest_quad	full_quad	crib_mismatch	crib	stat	key	npairs	plugs	decrypt
-8.344	-8.112	1	ALLEVVVTTTFFF@0	0.00	B-thin	Beta	385	YMAS	AAAQ	9	AZ BV CW DG ER FO HS JU NT QY	ABBEVVVTTTDFFTHIXHIRAXIYQZBNUYUJCEQTECVFPEDAJNXLMXQFGGGUZXBSACBAONJLJCXL
-8.344	-8.112	1	ALLEVVVTTTFFF@0	0.00	B-thin	Beta	385	YLZS	AAAQ	9	AZ BV CW DG ER FO HS JU NT QY	ABBEVVVTTTDFFTHIXHIRAXIYQZBNUYUJCEQTECVFPEDAJNXLMXQFGGGUZXBSACBAONJLJCXL
-7.938	-7.735	1	ALLEVVVTTTFFF@0	0.00	B-thin	Beta	418	SIPF	AAAP	8	AO BE CI FZ GH JQ MR PY SX VW	ALKEVVVTTTMFFLGHERKDBYMHUVWVKFICKDBSHOJOQISWXNVXDZHOEMOORFJNZOEKIMTUTIAB
-8.027	-7.818	1	ALLEVVVTTTFFF@0	0.00	B-thin	Beta	532	LVGE	AAAV	9	AD BE CY FX GQ HV JP LO MS TU	ANFEVVVTTTNFFYSJSAABETRZVZBRXFDRSXZQRDYDQJPAFMHPUUSJAGKVCOMVIXXLLKONATUJ
-7.969	-7.764	1	ALLEVVVTTTFFF@0	0.00	B-thin	Beta	532	LVHF	AAAW	9	AD BE CY FX GQ HV JP LO MS TU	ANFEVVVTTTNFFYSJSAABETRZVOBRXFDRSXZQRDYDQJPAFMHPUUSJAGKVCOMVIXXLLKONATUJ
-7.918	-7.716	1	ALLEVVVTTTFFF@0	0.00	B-thin	Beta	532	LVHG	AAAX	9	AD BE CY FX GQ HV JP LO MS TU	ANFEVVVTTTNFFYSJSAABETRZNOBRXFDRSXZQRDYDQJPAFMHPUULJAGKVCOMVIXXLLKONATUJ
-7.760	-7.570	1	ALLEVVVTTTFFF@0	0.00	B-thin	Beta	532	LVHH	AAAY	9	AD BE CY FX GQ HV JP LR MS TU	ANXEVVVTTTNFFYSJSAABETLANRELAFTLSXZQODYDWJSAFMHPUEDJAGKVCRMVIXXOOKRNATUJ
-7.684	-7.499	1	ALLEVVVTTTFFF@0	0.00	B-thin	Beta	532	LVHI	AAAZ	9	AD BE CY FX GQ HV JP LR MS TU	ANXEVVVTTTNFFYSJSAABETTANRELAFTLSXZQODYDWJSAFMHPYEDJAGKVCRMVIXXOOKRNATUJ
-7.846	-7.650	1	ALLEVVVTTTFFF@0	0.00	B-thin	Beta	532	LVHJ	AAAA	9	AD BE CY FX GQ HV JP LR MS TU	ANXEVVVTTTNFFYSJSAABEWTANRELAFTLSXZQODYDWJSAFMHKYEDJAGKVCRMVIXXOOKRNATUJ
-7.919	-7.717	1	ALLEVVVTTTFFF@0	0.00	B-thin	Beta	532	LVHK	AAAB	9	AD BE CY FX GQ HV JP LR MS TU	ANXEVVVTTTNFFYSJSAABBWTANRELAFTLSXZQODYDWJSAFMGKYEDJAGKVCRMVIXXOOKRNATUJ
-7.705	-7.519	1	ALLEVVVTTTFFF@0	0.00	B-thin	Beta	532	LVHL	AAAC	9	AD BE CY FX GQ HV JP LR MS TU	ANXEVVVTTTNFFYSJSAAUBWTANRELAFTLSXZQODYDWJSAFIGKYEDJAGKVCRMVIXXOOKRNATUL
-7.908	-7.707	1	ALLEVVVTTTFFF@0	0.00	B-thin	Beta	532	LVHM	AAAD	9	AD BE CY FX GQ HV JP LR MS TU	ANXEVVVTTTNFFYSJSAUUBWTANRELAFTLSXZQODYDWJSADIGKYEDJAGKVCRMVIXXOOKRNATWL
-8.003	-7.796	1	ALLEVVVTTTFFF@0	0.00	B-thin	Beta	532	LVHN	AAAE	9	AD BE CY FX GQ HV JP LR MS TU	ANXEVVVTTTNFFYSJSEUUBWTANRELAFTLSXZQODYDWJSDDIGKYEDJAGKVCRMVIXXOOKRNAKWL
-8.070	-7.858	1	ALLEVVVTTTFFF@0	0.00	B-thin	Beta	532	LVHO	AAAF	9	AD BE CY FX GQ HV JP LR MS TU	ANXEVVVTTTNFFYSJAEUUBWTANRELAFTLSXZQODYDWJFDDIGKYEDJAGKVCRMVIXXOOKRNJKWL
-8.023	-7.814	1	ALLEVVVTTTFFF@0	0.00	B-thin	Beta	532	LVHP	AAAG	9	AD BE CY FX GQ HV JP LR MS TU	ANXEVVVTTTNFFYSWAEUUBWTANRELAFTLSXZQODYDWJFDDIGKYEDJAGKVCRMVIXXOOKRFJKWL
-8.054	-7.843	1	ALLEVVVTTTFFF@0	0.00	B-thin	Beta	532	LVHQ	AAAH	9	AD BE CY FX GQ HV JP LR MS TU	ANXEVVVTTTNFFYKWAEUUBWTANRELAFTLSXZQODYDUJFDDIGKYEDJAGKVCRMVIXXOOKLFJKWL
-8.013	-7.805	1	ALLEVVVTTTFFF@0	0.00	B-thin	Beta	532	LVHR	AAAI	9	AD BE CY FX GQ HV JP LR MS TU	ANXEVVVTTTNFFCKWAEUUBWTANRELAFTLSXZQODYEUJFDDIGKYEDJAGKVCRMVIXXOOXLFJKWL
-7.215	-7.065	1	ALLEVVVTTTFFF@0	0.00	B-thin	Beta	617	EXXI	AAAI	7	AZ BU CR EH FP IS JV KM NY TX	ALTEVVVTTTVFFRUHNJVWWJLQHMWDMBHHOOLZEPHCACITNOCHACTVDDERNKLUBKAIDAPRAWUP
-8.152	-7.934	1	ALLEVVVTTTFFF@0	0.00	B-thin	Beta	621	FTHM	AAAF	8	AQ BM CJ DV EW FI GL KY PZ TX	ADTEVVVTTTKFFZDYCNOQBGQWZYXZXAVEURDEZYAMOSSKIFEIDWQBPPQWUUZXGFHMJODQQGAI
-7.462	-7.294	1	ALLEVVVTTTFFF@0	0.00	B-thin	Beta	673	FLDA	AAAE	7	AZ BU CW EL FI GX JM KV NT PQ	ABOEVVVTTTIFFRAGUKDETRIEKRGRIEXOCFCAOPUNJPOVKZNNEDOKNXENYAPBDJYUYNGSVELH
-7.473	-7.304	1	ALLEVVVTTTFFF@0	0.00	B-thin	Beta	673	FLDB	AAAF	7	AZ BU CW EL FI GX HQ JM KV NT	ABOEVVVTTTIFFRAGUKDESRIEKRGRIEXFCFCOOHGOJHOWKZHNEDOKNXENYAHBDJYRYNGSDELQ
-7.406	-7.242	1	ALLEVVVTTTFFF@0	0.00	B-thin	Beta	673	FLDC	AAAG	7	AZ BU CW EL FI GX HQ JM KV NT	ABOEVVVTTTIFFRAGUKDESRIEKRGRIEXFCFCOOHGOJHOWKDHNEDOKNXENYAHBDJYRYNGSDELL
-7.598	-7.420	1	ALLEVVVTTTFFF@0	0.00	B-thin	Beta	673	FLDE	AAAI	7	AZ BU CW EL FI GX HQ JM KV NT	ABOEVVVTTTIFFRAGUCEESRIEKRGRIEXFCFCOOHGOJHOWJDHNEDOKNXENYAHBDJYRYNGSDRML
-7.445	-7.278	1	ALLEVVVTTTFFF@0	0.00	B-thin	Beta	673	FLDD	AAAH	7	AZ BU CW EL FI GX HQ JM KV NT	ABOEVVVTTTIFFRAGUKEESRIEKRGRIEXFCFCOOHGOJHOWJDHNEDOKNXENYAHBDJYRYNGSDEML
-7.601	-7.422	1	ALLEVVVTTTFFF@0	0.00	B-thin	Beta	673	FLDF	AAAJ	7	AZ DW EL FI GX JM KV NT OU PQ	ALUEVVVTTTIFFRAGDDEEKREAZRGRIAXUDFDAUPBNJPDMJWYCEJUKNXJNYAPOWJYBYNGBORML
-7.573	-7.327	1	ALLEVVVTTTFFF@0	0.00	B-thin	Beta	673	FLDG	AAAK	7	AZ DW EL FI GX HQ JM KV NT RU	ALDEVVVTTTIFFUAMDDEESUNEZUIUDAFFDFDOOHGOJKZCJWYCEJVKNXJNYAHRWJYUYNGAZUML
-7.597	-7.350	1	ALLEVVVTTTFFF@0	0.00	B-thin	Beta	673	FLDH	AAAL	7	AZ DW EL FI GX HQ JM KV NT RU	ALDEVVVTTTIFFUMMDDEESUNEZUIUDAFFDFDOOHGOKKZCJWYCEJVKNXJNYAHRWJYUYNHAZUML
-7.552	-7.308	1	ALLEVVVTTTFFF@0	0.00	B-thin	Beta	673	FLDI	AAAM	7	AZ DW EL FI GX HQ JM KV NT RU	ALDEVVVTTTIFFEMMDDEESUNEZUIUDAFFDFDOOHGXKKZCJWYCEJVKNXJNYAHRWJYUYHHAZUML
-7.853	-7.656	1	ALLEVVVTTTFFF@0	0.00	B-thin	Beta	673	AYUJ	AAAA	9	AU DJ EI FW GM KN LS OY PT VZ	AJHEVVVTTTUFFMSIAFTGMRRNKOQEBWONZJNUHEHWOWAKJAHMJAJYHNIREAYROPPGAODTREML
-7.646	-7.465	1	ALLEVVVTTTFFF@0	0.00	B-thin	Beta	673	FLCV	AAAZ	7	AZ BO CW EL FI GX HQ JM KV NT	AUBEVVVTTTIFFRAGOKDEDRHPKOGRIEXFCFCBBHGBJHBWKZLFFEIZNXENYAHUDJYRYNGSDELQ
-7.612	-7.433	1	ALLEVVVTTTFFF@0	0.00	B-thin	Beta	673	FLDW	AAAA	7	AZ EL FI GX HW JM KV NT OU PQ	ALUEVVVTTTIFFRAGBKDEFRIFTRGRIAXUHFHAUPBNJPUZKZVPFFIKNXNNYAPODJYBYNGBRELW
-7.690	-7.506	1	ALLEVVVTTTFFF@0	0.00	B-thin	Beta	673	FLDX	AAAB	7	AZ CW DU EL FI GX HO JM KV NT	ADHEVVVTTTIFFRAGBKUERRACKRGRIEXFCFCHHQGHJQHRKZVQFFHKNXENYAQDUJYEYNGSLELO
-7.705	-7.519	1	ALLEVVVTTTFFF@0	0.00	B-thin	Beta	673	FLDY	AAAC	7	AZ BU CW EL FI GX JM KV NT PQ	ABOEVVVTTTIFFRAGUKDETRGEKRGRIEXOCFCAOPUNJPOVKZNTFDOKNXENYAPBDJYUYNGSVELH
-7.446	-7.279	1	ALLEVVVTTTFFF@0	0.00	B-thin	Beta	673	FLDZ	AAAD	7	AZ BU CW EL FI GX JM KV NT PQ	ABOEVVVTTTIFFRAGUKDETRIEKRGRIEXOCFCAOPUNJPOVKZNTEDOKNXENYAPBDJYUYNGSVELH
-7.936	-7.734	1	ALLEVVVTTTFFF@0	0.00	B-thin	Beta	837	WPRG	AAAB	8	AM BK CF EX GH IY JN PV QT	ALJEVVVTTTMFFLITJRBJFGCQOSYCPYOXUSWIGNQYSYNTHDHTGECVJKMNDMYTZJGKADEEIAPR
-8.105	-7.890	1	ALLEVVVTTTFFF@0	0.00	B-thin	Beta	852	VBMS	AAAD	9	AN CG DF EO IY JZ PR QV SW TX	AIGEVVVTTTHFFVSEJDUDDCBALWITTRIRPTMESXTLZTFMLNNYPAVEEIYNWXVQSERHGZLZVJCS
-7.959	-7.755	1	ALLEVVVTTTFFF@0	0.00	B-thin	Gamma	132	FTTX	AAAO	8	AX CJ DZ EK FP GH LS MU QY VW	AHBEVVVTTTYFFBRIMRIQKINFEIARYJVXHIEVSWLOPSZXPHWZPXOKWKEWTXGRULCRRUBFEPTU
-7.742	-7.554	1	ALLEVVVTTTFFF@0	0.00	B-thin	Gamma	153	ZHLJ	AAAX	7	AC BU EI FO GY MZ NQ RV SW TX	AAGEVVVTTTNFFRHAFFXCNKDAIWBGVSGBINRUGWGODJKNPHSCHVTFKVNPJVRGVKLOSTAWVMJC
-7.478	-7.239	1	ALLEVVVTTTFFF@0	0.00	B-thin	Gamma	163	YTVP	AAAH	6	AP CU DH EL FM GK IR NQ SV YZ	AGDEVVVTTTKFFQHUMETRRRHSOKODGIAMTLBLNHYMGVUOYPRUSCORPMARDVONOQHIGUFUGWUH
-7.778	-7.587	1	ALLEVVVTTTFFF@0	0.00	B-thin	Gamma	164	YUYC	AAAH	8	AD BK FU GP HV IS JM OY RZ TW	AJAEVVVTTTIFFGFRIKPLFEGGSWIGEGNDCNFSZURYQPTJUMMYZUGUFBZDCNKVYOEXTKMRVBIJ
-8.059	-7.848	0	ALLEVVVTTTFFF@0	0.00	B-thin	Gamma	178	JYDH	AAAB	8	BD CM EI FH GO JX LP NY RS TZ	ANLEVVVTTTZFFHUGYDUCKMCHFFDQKHJURXKKUZWEMMUALNAUQTOOLDCHWWKMJZCZSVWUJIEW
-7.874	-7.676	1	ALLEVVVTTTFFF@0	0.00	B-thin	Gamma	215	EPAW	AAAH	9	AN EI FK GW JL OY PV RX SU TZ	AIGEVVVTTTGFFHQDXKCXNAXSDYNSNTILMZVRZERFIXERUYMPOMBISQYKSVKOJYUIMIZVKWRI
-8.448	-8.208	0	ALLEVVVTTTFFF@0	0.00	B-thin	Gamma	215	EPAX	AAAI	10	AN EI FK GW HR JL OY PV SU TZ	AILEVVVTTTGFFGQDHKCHKAHSDYBSMTCLMZVXZEXFIHYLUYMPOMHIBQTCSVKOJYUIMIZVOWXI
-8.517	-8.273	0	ALLEVVVTTTFFF@0	0.00	B-thin	Gamma	215	EPAY	AAAJ	10	AN EI FK GW HR JL OY PV SU TZ	AQLEVVVTTTGFFGQDHKCHKAHSDYBVMTCLMZVXZEXFIHYLUYMPOMHIBFTCSVKOJYUIMIZVOWXI
-7.317	-7.159	1	ALLEVVVTTTFFF@0	0.00	B-thin	Gamma	258	JLMA	AAAL	6	AI BV CZ DJ EQ FM HP LO RX SY	APBEVVVTTTGFFLRBIESRIFTASYWRATIGMOBKUAZCHINNLIGPVYVMZYLMOEGLBLTATVOSEBVB
-7.902	-7.764	1	TTTFFFZWOZWOVVV@0	0.00	B-thin	Gamma	476	WABG	AAAI	9	AZ CK EM FX HV IS JO NY QR TU	TTTFFFZVOZLOVVVUPTMGIRWHEFNEOTCUWDKRUMONRFCWTLGRAQXMRDKZURGXVAVGZIBAFJQY
-7.815	-7.621	1	ALLEVVVTTTFFF@0	0.00	B-thin	Gamma	618	UOHH	AAAI	8	AH BR EQ GN IY JZ KV MO PS TU	ARNEVVVTTTCFFGRPGWAWGMINIUPTOVORUIRVOFHURUCIEIIRVISQRILQMQCZBNAVOEZVTPOC
-8.168	-7.949	1	ALLEVVVTTTFFF@0	0.00	B-thin	Gamma	631	KKYL	AAAL	9	AX BU CS EH FW GM IV JO QT RY	ATJEVVVTTTRFFRRXDIEUDPOBTQGXBEJNIMABOGZUJXJZOIKGYNDHWRHTDIQFPZAZVYOTLIIJ
-8.457	-8.027	0	TTTFFFZWOVIRVVV@0	0.00	B-thin	Gamma	732	LWQZ	AAAE	10	AT BS DY EP GI JL KZ OQ RX VW	TZTFFFZWOVBRVVVTYLEMJTZXSOSZLEOMKDTOMVNFRUPOCREOJGDTKLXQEDCBQQTBAXKLYBVE
-7.665	-7.482	1	ALLEVVVTTTFFF@0	0.00	C-thin	Beta	175	IEOA	AAAQ	7	AR DG FZ IU JN KV LM OS PT QX	AENEVVVTTTZFFPABXGGRUBRWPZURZMLNHPHSIQEWOCZWJTMAIEODORINPOHGZTTUFTBPKKQA
-7.483	-7.313	1	ALLEVVVTTTFFF@0	0.00	C-thin	Beta	175	IEOB	AAAR	7	AR DG FZ HU JN KV LW MQ OS PT	AENEVVVTTTZFFWABMGGRFBALLZIRZWQNUPUSXXELWCZKJTWAHEDDURBEPOUGZTTOFTBPJKXA
-7.711	-7.525	1	ALLEVVVTTTFFF@0	0.00	C-thin	Beta	175	IEOC	AAAS	7	AR BH DG FZ JN KV LW MQ OS PT	AENEVVVTTTZFFWAHMGGROHKXLZIRZWQNBPBSXXELWCZYJTENULDDBRHEPOBGZTTOFTHPNKXA
-7.745	-7.556	1	ALLEVVVTTTFFF@0	0.00	C-thin	Beta	175	IEOD	AAAT	7	AR CQ DG FZ HI JN KV MU OS PT	ADNEVVVTTTZFFLABCGGRIBOXIZHRZEUNIPISAXEWWQZGJTLAVDDDIRMEPOIGZTTGFTBGUKXA
-7.761	-7.571	1	ALLEVVVTTTFFF@0	0.00	C-thin	Beta	175	IEOE	AAAU	7	AR BU DG FZ HI JN KV MQ OS PT	AENEVVVTTTZFFLAUMGGRIMDXWZHRZLQNIPISAXEWWCZGJTJAVVDDIRBEPOIGZTTOFTUPQKXA
-7.763	-7.573	1	ALLEVVVTTTFFF@0	0.00	C-thin	Beta	175	IEOF	AAAV	7	AR BU DG FZ JN KV LW MQ OS PT	AENEVVVTTTZFFWAUMGGREMDXLZIRZWQNHPHSXXELWCZLJTPAVVDDHRUEPOHGZTTOFTUPKKXA
-7.740	-7.551	1	ALLEVVVTTTFFF@0	0.00	C-thin	Beta	175	IEOG	AAAW	7	AR BU DG FZ HI JN KV MQ OS PT	AENEVVVTTTZFFLAUMGGARMDXWZHRZLQNIPISAXEWWCZGJNPAVVDDIRBEPOIGZTTOFTUPQKXS
-7.696	-7.511	1	ALLEVVVTTTFFF@0	0.00	C-thin	Beta	175	IEOH	AAAX	7	AR BW DG FZ HI JN KV MQ OS PT	AENEVVVTTTZFFLAWMGUARMTXBZHRZLQNIPISAXEBBCZGSNOEVIDDIRLEPOIGZTTOFTWPQKCS
-7.757	-7.567	1	ALLEVVVTTTFFF@0	0.00	C-thin	Beta	175	IEOI	AAAY	7	AR BW DG FZ HI JN KV MQ OS PT	AENEVVVTTTZFFLAWMPUARMTXBZHRZLQNIPISAXEBBCZDSNOEVIDDIRLEPOIGZTTOFTWPQFCS
-7.746	-7.557	1	ALLEVVVTTTFFF@0	0.00	C-thin	Beta	175	IEOJ	AAAZ	7	AR BW DG FZ HI JN KV MQ OS PT	AENEVVVTTTZFFLAWDPUARMTXBZHRZLQNIPISAXEBBCPDSNOEVIDDIRLEPOIGZTTOFTWPNFCS
-7.502	-7.331	1	ALLEVVVTTTFFF@0	0.00	C-thin	Beta	175	IEOK	AAAA	7	AR DG FZ HU JN KV LW MQ OS PT	AENEVVVTTTZFFWARDPHAJMMXLZIRZWQNUPUSXXELWMPASNNWVDDDURBEPOUGZTTOFTBDOFCS
-7.668	-7.485	1	ALLEVVVTTTFFF@0	0.00	C-thin	Beta	175	IEOL	AAAB	7	AR CW DG FZ HU JN KV LQ OS PT	ANNEVVVTTTZFFQZRDPHAJLLXWZIRZRMNUPUSBXECCLPASNNQVDDDURGEPOUGZTTAFTPHOFWS
-7.632	-7.452	1	ALLEVVVTTTFFF@0	0.00	C-thin	Beta	175	IEOM	AAAC	7	AR BW DG FZ HI JN KV MU OS PT	AENEVVVTTTZFFFZRDPMARQOXBZHRZLUNIPISAXESUQPDSNOEVIDDIRLEPOIGZTTKFZPDNFCS
-7.568	-7.392	1	ALLEVVVTTTFFF@0	0.00	C-thin	Beta	175	IENZ	AAAP	7	AR DG FZ HU JN KV LW MQ OS PT	AENEVVVTTTZFFWABMGGRFBALPAIRZWQNUPUSXXELWCZKJTWAHEOKURBEPOUGZTTOFTBPJKXA
-8.271	-8.044	0	ALLEVVVTTTFFF@0	0.00	C-thin	Beta	238	VEKB	AAAA	9	AH DY ES FI GR JW LP MU NV TZ	ADLEVVVTTTKFFHDIDVJPJFQHGUTPPXWBXCPFORTJWTHGNRCDDQJFPCSLCZUDXYMMEHMAXMPB
-8.236	-8.012	0	ALLEVVVTTTFFF@0	0.00	C-thin	Beta	238	VEKC	AAAB	9	AH DY ES FI GR JW LP MU NV TZ	ADLEVVVTTTBFFHDIDVJPJFQKGUTPPXWBXCPFORTJWTHGNRCDDZJFPCSLCZUDXYNMEHMAXMPB
-7.727	-7.539	1	ALLEVVVTTTFFF@0	0.00	C-thin	Beta	253	CTUO	AAAK	8	BG CY DN EP FL JK QS TW UX VZ	ASTEVVVTTTTFFBBAUREKKLNEWZINURMGYOAEZSZWFWTYSBFGVNDERQSBALJQFYAMCXOONNUQ
-8.304	-8.005	1	ALLEVVVTTTFFF@0	0.00	C-thin	Beta	362	JAAB	AAAE	8	AO EX FH GZ IY JM KU NT QR SW	AVDEVVVTTTVFFPKRDSVPRWMHONYZVOGWJXCIXCTYVULOSHZHQJHJRCDCYBCXARHAYPGZITVJ
-8.304	-8.005	1	ALLEVVVTTTFFF@0	0.00	C-thin	Beta	362	JZZB	AAAE	8	AO EX FH GZ IY JM KU NT QR SW	AVDEVVVTTTVFFPKRDSVPRWMHONYZVOGWJXCIXCTYVULOSHZHQJHJRCDCYBCXARHAYPGZITVJ
-8.183	-7.962	1	ALLEVVVTTTFFF@0	0.00	C-thin	Beta	362	JAAC	AAAF	8	AO EX FH GZ IY JM KL NT QU SW	AVHEVVVTTTVFFPQHOSVPUWFHONPZZOLWJXCIURTYTLXOSHZHRJZJUCHCYBCXAUCKYPGZITVJ
-8.183	-7.962	1	ALLEVVVTTTFFF@0	0.00	C-thin	Beta	362	JZZC	AAAF	8	AO EX FH GZ IY JM KL NT QU SW	AVHEVVVTTTVFFPQHOSVPUWFHONPZZOLWJXCIURTYTLXOSHZHRJZJUCHCYBCXAUCKYPGZITVJ
-8.061	-7.850	1	ALLEVVVTTTFFF@0	0.00	C-thin	Beta	362	JAAD	AAAG	8	AO CR EX FH GZ IY JM LP NT SW	AGSEVVVTTTVFFLUORSVLQWYHZNEHAALFJXRNEMKBBKAOSHZHCJIJQJHRYBRXAQGIYLGDITVJ
-8.061	-7.850	1	ALLEVVVTTTFFF@0	0.00	C-thin	Beta	362	JZZD	AAAG	8	AO CR EX FH GZ IY JM LP NT SW	AGSEVVVTTTVFFLUORSVLQWYHZNEHAALFJXRNEMKBBKAOSHZHCJIJQJHRYBRXAQGIYLGDITVJ
-7.773	-7.582	1	ALLEVVVTTTFFF@0	0.00	C-thin	Beta	371	GFKI	AAAR	8	AB CM EN FI GQ HY JL KO SZ TX	AKAEVVVTTTOFFRAOINHMTHRVUFLIIEAFDDEBRNOWAKOBAFYCJWFVQDXVHQJHBKTURYWEJMHE
-7.578	-7.401	0	ALLEVVVTTTFFF@0	0.00	C-thin	Beta	412	QJBZ	AAAR	8	AG CF EO IL JR MX NP SY TW UV	AFLEVVVTTTUFFSPROVHZKCHBDEMCNICBCROSPRIJREUKQGLRFDPLKJXWONBIANCGZBMWBWYK
-8.291	-8.063	0	ALLEVVVTTTFFF@0	0.00	C-thin	Beta	486	TJCI	AAAY	9	AN BY CX EH FI GS JO LQ PT RV	ATLEVVVTTTGFFPOOYRVMPEGKEIXSCUEMLWNWYDWVZOACOWFGQLNQEJQDCFXKJGLEDPPTUXQA
-8.023	-7.744	1	ALLEVVVTTTFFF@0	0.00	C-thin	Beta	627	SWXI	AAAO	8	AI BE CS FQ GU HN JX LT OV PR	AUDEVVVTTTQFFINRIQANAFWVHQLJZPKWSPWTAEINHUMXYEORCXKNUPIDWXLUWKGEHYWHLKNZ
-7.933	-7.730	0	ALLEVVVTTTFFF@0	0.00	C-thin	Beta	721	IBNN	AAAW	9	AE FW GZ HJ IV LQ NO PT RY SU	ASLEVVVTTTZFFRVANDDVPKGPJHTWTTORODMNAGANTCPTHBOXVCUQYXCUXBOUPMZPZQLDNEOV
-7.862	-7.664	1	ALLEVVVTTTFFF@0	0.00	C-thin	Beta	721	IBNO	AAAX	8	AE FW GZ HJ IV LM NO PT RY SU	ASTEVVVTTTZFFRVANDDVPKGPJHTWMTORODLNTGANSCPTHBOXVCUMYXCUXBOUPLZKZMQDNEOV
-7.904	-7.704	1	ALLEVVVTTTFFF@0	0.00	C-thin	Beta	721	IBNP	AAAY	8	AE FW GZ HJ IV LM NO PT RY SU	ADTEVVVTTTZFFRVANDDVPKGPJHTYMTORODLNTGANSCPTHBOXVCUMYTCUXBOUPLZKZMQDNEOV
-7.931	-7.729	1	ALLEVVVTTTFFF@0	0.00	C-thin	Beta	741	RQPE	AAAU	7	AN BZ CG EH IL JO KM PV RY TW	AFPEVVVTTTQFFQRWGERISXWQAPOBNEZUCOMMASSHIMUZWTOYCIJZUAQHTWYGLULCDPVPFEZG
-7.851	-7.655	1	ALLEVVVTTTFFF@0	0.00	C-thin	Beta	741	RQPF	AAAV	7	AN BR CG EH IY JO KU MQ PV TW	AFHEVVVTTTMFFMDRIXTLSXEMAPUZWEIKCOQUDASHYUPRWTHZCTDRKAMHTWBLYKNRDPVPFERG
-7.803	-7.610	1	ALLEVVVTTTFFF@0	0.00	C-thin	Beta	741	RQPG	AAAW	7	AN BR CG EH IY JO KU LQ PV TW	AFHEVVVTTTNFFLDRIXTQSXELAPUZWEIKCOMUCASHCUPRWTHZCTDRKALHTWBQYKSUDPVPFERG
-8.096	-7.912	1	TTTFFFZWOVIRVVV@0	0.00	C-thin	Beta	823	HIAS	AAAF	8	BW CF DX GY HJ KS LT MO NU PZ	TMTFFFZOOVURVVVECJNXTERCEODYUHQSEHDLEVUHAHJCFKVXHTMPMHENXEENDCUTSDLIROBY
-7.719	-7.532	0	ALLEVVVTTTFFF@0	0.00	C-thin	Gamma	143	DWZQ	AAAE	6	CI DQ EM FK GO HU LX NY PS VW	AHLEVVVTTTXFFEWBFGDITGOJNRDHUVIYHKRKRAUHETZKCHOOMJBJUWNPXQPQYIDLAXERGEVS
-8.205	-7.983	0	ALLEVVVTTTFFF@0	0.00	C-thin	Gamma	147	VYBF	AAAN	8	AQ CW DG EK FU IN JZ LS OV RX	AYLEVVVTTTTFFKLFNVGDFUQMXMHWYSJSRWWMWVUQRFXFOKLRWQYRCDENOMPQKFPXREQPATZK
-7.743	-7.555	1	ALLEVVVTTTFFF@0	0.00	C-thin	Gamma	234	CFSB	AAAS	7	AW BG CH DF JK NS OP RZ TX UY	ABEEVVVTTTIFFLGERMFCXYBSSOMAFROUAKIMAZHIBHVSJICPFJTXSDDWLOVORTTDZBDREAYQ
-7.640	-7.459	1	ALLEVVVTTTFFF@0	0.00	C-thin	Gamma	234	CFSC	AAAT	7	AW BR CQ DF GP IO JK NS TX UY	AGTEVVVTTTOFFLREZTXHVYPXLGUANISRASOFABYBPPMRJODAFDEXSDDWARVCKTTYBQDYNAKC
-8.117	-7.901	1	ALLEVVVTTTFFF@0	0.00	C-thin	Gamma	346	XOQB	AAAA	9	AH BF CJ DG EU LW QV RS TZ XY	ANEEVVVTTTNFFICLZMMFQQAUSSKBVEBSBUZYHZGLIPKGPBPXGCJUVXEUPSNZASSWCOLLZGIK
-8.242	-8.018	1	ALLEVVVTTTFFF@0	0.00	C-thin	Gamma	346	XOQC	AAAB	9	AH BF CJ DG EU LW QV RS TZ XY	ANEEVVVTTTIFFICLZMMFQQACSSKBVEBSBUZYIZGLIPKGPBPXGAJUVXEUPSNZASVWCOLLZGIK
-7.892	-7.693	1	ALLEVVVTTTFFF@0	0.00	C-thin	Gamma	465	HBXV	AAAL	8	AQ BS DV EH FU IY JW KN PX TZ	ASJEVVVTTTHFFRGUDDGROANFTXEJMGWLDUNOETMIHNBMJBLHHWKOUCRJDFHLOGMNAIHTBEVZ
-7.951	-7.747	1	ALLEVVVTTTFFF@0	0.00	C-thin	Gamma	518	OZID	AAAS	8	AW BE CS FR GU HY IP NV OT QX	AIOEVVVTTTIFFNLJUKWOCORHWDABYKUOIMSKKJNWJLJMQPUELADBWIMMXEKKSDARAUBIWJOP
-8.512	-8.321	1	TTTFFFZWOVIRVVV@0	0.00	C-thin	Gamma	531	AXRM	AAAZ	10	BE FI HY JP LZ MV NO QR SU TX	TRTFFFZKOVVRVVVUXDENYQVLRWORZLFIMNTJQTMLSSNKXHEOVHAWHUJVOJWUCOIJPKUDQZMS
-7.437	-7.270	1	ALLEVVVTTTFFF@0	0.00	C-thin	Gamma	632	NEMB	AAAD	8	AI DR EH FL GO JZ KM NS PY VX	AFNEVVVTTTIFFMKOSSRZORPCVASHLALCPYTSAUWOCKBKBXUUULMIOXTNESWIIWZAUZHSALSM
-7.362	-7.201	0	ALLEVVVTTTFFF@0	0.00	C-thin	Gamma	632	NEMC	AAAE	9	AI DR EH FL GO JZ KM NS PY VX	AFLEVVVTTTIFFMKOSSRZORPCVASHHALCPYTSAUWOCKBKBXUUULMIOXQNESWIIWZAUZHSALSM
-7.429	-7.263	0	ALLEVVVTTTFFF@0	0.00	C-thin	Gamma	632	NEMD	AAAF	9	AI DR EH FL GO JZ KM NS PY VX	AVLEVVVTTTIFFMKOSSRZORPCVASOHALCPYTSAUWOCKBKBXUUULMIOTQNESWIIWZAUZHSALSM
-7.785	-7.594	0	ALLEVVVTTTFFF@0	0.00	C-thin	Gamma	673	HVTP	AAAQ	9	AR BZ DL EP FW GU JK MV QT XY	AHLEVVVTTTOFFWCBTINPADOHDBPAIOHYYCUZKJUYXVIUDTURBRTYZWAIUCHBARCPALYVEZRP
-7.758	-7.499	1	ALLEVVVTTTFFF@0	0.00	C-thin	Gamma	846	KKDH	AAAD	8	CR DV EO FI GW HJ NY PS QT UX	AEDEVVVTTTAFFUCFEUBINCEPEZMEOPSSVRBDZQEZJMIMILWMLEAUSGZHLYWLZAFPUSQULSCB
