#rest_quad	full_quad	crib_mismatch	crib	stat(llr2)	refl	greek	wheels	pos(GLMR)	rings(GLMR)	npairs	plugs	decrypt
-6.550	-6.448	0	ALLEVVVTTTFFF@0	0.00	C-thin	Gamma	462	NKFB	AAAA	8	CJ DQ EL FO GN KV MY PS RT WX	ALLEVVVTTTFFFREHAUTIAPMSEMENXNAHEZIFFFEZEEBLJRMNDENEADORVOBWKLWXLSHNXMYS
-6.578	-6.474	0	ALLEVVVTTTFFF@0	0.00	B-thin	Gamma	357	FZVJ	AAAM	7	AB CE GI HV KT MW PU QS RX YZ	AELEVVVTTTIFFFRIFWNOJSYJPALKNICSVNGFFVIESNEINULCHSFTGTEIHVIABIMZUMOMEDEG
-6.611	-6.504	0	ALLEVVVTTTFFF@0	0.00	C-thin	Beta	562	UWJZ	AAAJ	6	AL CJ DN EF GR HS IP KM QV XZ	AFLEVVVTTTFFFEICHHMHNEILBXBENIQFQUNEUNIGTNUSKQEYORITFITGRWPRXNOGAREYUMAB
-6.614	-6.507	0	ALLEVVVTTTFFF@0	0.00	C-thin	Gamma	876	HPUG	AAAM	7	AK BG DV HS LZ MY NW PQ RT	AKLEVVVTTTIFFINZLDEUIMNDLDEONSTINBMTDUVHQXEOPEDREILLFAULIMQVIELEORIDRGIU
-6.618	-6.511	0	ALLEVVVTTTFFF@0	0.00	C-thin	Beta	847	ZOQD	AAAB	6	AO BP CU DZ EL HR IY JW KT QX	AULEVVVTTTAFFALETERBUSSWIDOMJUYLINZITSOMRDLJXGTLRJOLEOUSSMERSGAHTIMGLLDD
-6.624	-6.516	0	ALLEVVVTTTFFF@0	0.00	B-thin	Beta	583	TOQK	AAAA	6	AF BH CM DN ET GQ JL KX RW YZ	AMLEVVVTTTGFFINBIEWMIETNGITMMANXALLVDGETWYZVERLAFEDIEANZAHREGOPBLXPXWANC
-6.655	-6.546	0	ALLEVVVTTTFFF@0	0.00	B-thin	Beta	174	VXRC	AAAX	7	AX BR DJ FW GU LZ MS OV PQ TY	ADLEVVVTTTKFFDKOPSTENMNATUEMDTLENGTCOGDIGFAEDSPARCGKOYDIEFBBEZEGSANORGFI
-6.660	-6.550	0	ALLEVVVTTTFFF@0	0.00	B-thin	Beta	583	TOQL	AAAB	6	AF BH CM DN ET GQ JL KX RW YZ	AMLEVVVTTTZFFINBIEWMIETNGITMMANXALLVQGETWYZVERLAFEDIEANZAHREGOUBLXPXWANC
-6.675	-6.563	0	ALLEVVVTTTFFF@0	0.00	B-thin	Gamma	263	TUCM	AAAO	8	AW BD EZ GU HO JN KY LS MV RT	AHLEVVVTTTAFFIZHCIJYCXPTRISITTAUHJPITHLEDENMAILINCHAUMFIMILXOSFMAQETRDOM
-6.679	-6.568	0	ALLEVVVTTTFFF@0	0.00	B-thin	Gamma	168	TVUI	AAAJ	6	AV BJ CZ EH FP GI KR LM NY UW	ASLEVVVTTTTFFHIEVAEERHRTEEMTIRXSJIMHALHISBULLMIQQTZZIADEIKLUHSSMMPINSNQQ
-6.688	-6.576	0	ALLEVVVTTTFFF@0	0.00	C-thin	Gamma	641	TBSV	AAAC	8	CT DF EM GX HR IY JP LV NW	AXLEVVVTTTFFFUNFEGONULOTAMLBEHLTENEXOMZKILACYHXHUHNVROYROOWASKLEKOPDOGZC
-6.697	-6.584	0	ALLEVVVTTTFFF@0	0.00	B-thin	Gamma	381	ALKO	AAAK	6	BY DM EL FI HO JN KZ QW RX TU	AVLEVVVTTTTFFTAFEQRWEMVIZPXWWHESEDEOVERASAPERTHNNTTNIGEFHAWLOAOBAHEANLEK
-6.703	-6.589	0	ALLEVVVTTTFFF@0	0.00	B-thin	Gamma	381	ALKP	AAAL	6	BY DM EL FI HO JN KZ QW RX TU	AYLEVVVTTTTFFTAFEQRWEMVIZPXCNHESEDEOVERASAPERTHNNTTNIHEFHAWLOAOBAHEANLEK
-6.706	-6.592	0	ALLEVVVTTTFFF@0	0.00	B-thin	Gamma	412	BKAO	AAAR	7	AJ BL CT DI FM GU OQ RV WY XZ	ALLEVVVTTTTFFIGFVGQVJLMGREPILMAGUNHABZCUAMISSFEABOLYTIKANNDAMICNBDKGPWJK
-6.713	-6.599	0	ALLEVVVTTTFFF@0	0.00	B-thin	Beta	675	ADWS	AAAF	7	BM CN EX FK GU HP JS QT VZ WY	AHLEVVVTTTOFFETULDEDSHRINSMQGYISGESTIABEVOICNIHZQPPQOEEAMPQMGLEMPOOLAUFZ
-6.715	-6.601	0	ALLEVVVTTTFFF@0	0.00	C-thin	Beta	674	WNPX	AAAY	5	CO DT EP GY HI KS LZ MX VW	AFLEVVVTTTFFFISSIALBTUXVOENNNIBIHDZLZCFAQRZBUMORILPYINGUEVFBMEWORDUHANSS
-6.723	-6.608	0	ALLEVVVTTTFFF@0	0.00	B-thin	Gamma	814	SQPI	AAAI	7	AP BS CU DV EF GY HN JQ LX TW	AQLEVVVTTTFFFINERSKULIPLINMBMUZOVMLVMHERABOANXLKOFURILDBEWOPZERJAEQFRIND
-6.726	-6.611	0	ALLEVVVTTTFFF@0	0.00	C-thin	Gamma	752	NLYT	AAAW	6	AC BE DS GI HR JW KX NV UZ	ARLEVVVTTTAFFSEGROUYGIFPSOGAZAUSGASKATZWVDPGFBMUUYWEGULEFERKBAPTROOFVRYZ
-6.736	-6.621	0	ALLEVVVTTTFFF@0	0.00	B-thin	Gamma	578	WYIE	AAAQ	6	AE BL DU FQ GH JS KP OT WX YZ	ABLEVVVTTTOFFEROOXJBJXIFANWUSFLUCHDWOSGAZTUMOTVORMIFLEORLIGHSCWMDFUGFRZA
-6.740	-6.625	0	ALLEVVVTTTFFF@0	0.00	C-thin	Beta	187	OODG	AAAW	7	CQ DE FJ GY HK IV LT PX RW SU	ALLEVVVTTTBFFANBQHHONMETORAUOEMVSEINDSYWRNWORDIRLUIGULYSSWUJYGOWARGANWCQ
-6.745	-6.629	0	ALLEVVVTTTFFF@0	0.00	B-thin	Gamma	412	BKAR	AAAU	7	AJ BL CT DH FM GU KO RV WY XZ	ALLEVVVTTTTFFBWANGKVZLMAREPHLMAGUNDABDCUECHASFEABQLYTHOANNIAMHRFBEIDZWJO
-6.745	-6.629	0	ALLEVVVTTTFFF@0	0.00	B-thin	Beta	813	LRAY	AAAZ	7	AQ CT DF EP IR JY MX NS UV	AQLEVVVTTTTFFASIESLNMEWABOTSQSZZIGSBBILDSUXSOFENOMQXNFTSPODOBORIKDJLASRU
-6.748	-6.631	0	ALLEVVVTTTFFF@0	0.00	C-thin	Gamma	863	TSTT	AAAE	4	AG BX CT DK FV HL NY PU QZ	ALLEVVVTTTTFFVMITUOUPERGAULDVATLOSBYWULLYOJNBSKLIESJUNENICKVJTTKMDKATCCQ
-6.750	-6.634	0	ALLEVVVTTTFFF@0	0.00	B-thin	Beta	614	RLAR	AAAY	6	BE CP DI GK HY JW MT NS XZ	AKLEVVVTTTTFFNZTCHKIEGHENATOZYPCHLGMYRECROSIDUELGIERJVKSHIBNBESSYJJEEUNM
-6.758	-6.641	0	ALLEVVVTTTFFF@0	0.00	C-thin	Gamma	586	QVWM	AAAV	6	BJ CY DR GP IX KS MW NV OT	ALLEVVVTTTFFFGQYESIRJHRMDPGTITAUARDKINSBUETVFBQGGEIXUEDYIONXEEMDAHRMARDV
-6.759	-6.641	0	ALLEVVVTTTFFF@0	0.00	B-thin	Gamma	671	QGNO	AAAM	5	BV CU EJ GM IO KW LR PQ SZ TX	AFLEVVVTTTAFFWPHFCNTOMDMMBUREISTXHKAUFKOJEEUTJMAWOEINULIUSXUQLEPPUMSTRAS
-6.760	-6.643	0	ALLEVVVTTTFFF@0	0.00	B-thin	Beta	145	EPXD	AAAT	7	AB CY DN EQ FL GU IP JS MT WX	ASLEVVVTTTQFFWAGTELLNEIKMUMEVONRIHBJFGOWFBTBRLEEPUSEITPLEOPREKARFITGAPYM
-6.762	-6.644	0	ALLEVVVTTTFFF@0	0.00	B-thin	Beta	462	ACDJ	AAAP	6	BW CK DV EN GT HZ JQ PY RU SX	AILEVVVTTTTFFGCQYEPINOJZZOGEIFFEORIMGEWFFMIKAUMENVFIAZEHIFHHORNUIDVETARS
-6.765	-6.647	0	ALLEVVVTTTFFF@0	0.00	C-thin	Gamma	876	RMSJ	AAAO	7	AQ BE CF DK GL HO IS RZ TY UW	AZLEVVVTTTFFFUFMTAENPREXOLHCEIMTONSUDPIERSEUEDOVKOFUNDMOTVFCOKZEPRAVOOLL
-6.775	-6.656	0	ALLEVVVTTTFFF@0	0.00	B-thin	Gamma	751	NUPF	AAAV	8	AW BS CV DF EZ HY IJ MN OT UX	ALLEVVVTTTTFFHGENBEHCWDETOTTEGVNIEKSCNELUSVDYWAJANUUBYHAMPBCIRIEZAEUROJI
-6.775	-6.657	0	ALLEVVVTTTFFF@0	0.00	B-thin	Gamma	412	BKAP	AAAS	7	AJ BL CT DI FM GU KO RV WY XZ	ALLEVVVTTTTFFIGANGKVJLMAREPILMAGUNHABHCUACISSFEABQLYTIOANNDAMIRFBDOHPWJO
-6.782	-6.663	0	ALLEVVVTTTFFF@0	0.00	B-thin	Beta	185	EJFF	AAAM	4	CM DI EX FZ JS LR VW	AFLEVVVTTTSFFSLEJUGQRPLZBAUBBAUTACOUENFSCHLESNUFITVAZDPIEEXCBDTSKOMILUUW
-6.783	-6.664	0	ALLEVVVTTTFFF@0	0.00	C-thin	Beta	743	FKYS	AAAD	7	BU CJ DY EL FM GN HI KP OT SV	ADLEVVVTTTFFFDKNIERBUNGXVNKALISGEEHOPPYFTJOROKTTINWEWPQWOEJGZHOSESZTUBHA
-6.783	-6.664	0	ALLEVVVTTTFFF@0	0.00	C-thin	Gamma	532	YTYY	AAAB	8	AY DP EX FR GL JZ KT NW OV QS	AHLEVVVTTTYFFFAUEPANNASHEILHERGDDXBJNODAADOBPDRSAEBJVIFQWRKIZWONDKORDAMP
-6.786	-6.667	0	ALLEVVVTTTFFF@0	0.00	B-thin	Beta	813	LRAZ	AAAA	7	AQ CT DF EP IR JY MX NS UV	AQLEVVVTTTTFFASIESLNMEYABOTSQSZZIGSBBILDSUXSOFENWMQXNFTSPODOBORIKDJLASRU
-6.787	-6.668	0	ALLEVVVTTTFFF@0	0.00	C-thin	Beta	743	FKYT	AAAE	7	BU CJ DY EL FM GN HI KP OT SV	ADLEVVVTTTFFFDKNIERBUNGXVNKATISGEEHOPPYFTJOROKTTINWEWPUWOEJGZHOSESZTUBHA
-6.787	-6.668	0	ALLEVVVTTTFFF@0	0.00	B-thin	Gamma	573	HIXW	AAAG	8	AR BT DF ES GI HU JO KV LW PX	ANLEVVVTTTBFFRGQNTLBANNTSZEBANZDENEAPPVOCROEDERZIFFEMILOIXMVWTOSMVDWMMUB
-6.788	-6.669	0	ALLEVVVTTTFFF@0	0.00	B-thin	Gamma	653	PDFA	AAAL	7	AF DM EQ GR HS JO KL NY PX	ALLEVVVTTTTFFFFZUMONODOCHEBOXPKTYSTOJYMETOASMMMOSEFHCKTPJUIOXLNOWZRVFLPT
-6.789	-6.669	0	ALLEVVVTTTFFF@0	0.00	B-thin	Gamma	273	DQXC	AAAZ	7	AT BI CE DG FS HY JK MV RX UZ	AYLEVVVTTTFFFTNVMDGENFZERFTDEIXZWASGSCTDGWAIGNIERSERDNJYHCSBDPIRWMPFDMOZ
-6.789	-6.670	0	ALLEVVVTTTFFF@0	0.00	C-thin	Gamma	152	IUJU	AAAN	7	AD BY CN EP FZ GS HX IK LV TU	AZLEVVVTTTTFFMATBGGPELATMAQUTADTISLMRUHRSZIDAXONSZENFAHQTOSSBUEPFZLPFTJO
-6.790	-6.671	0	ALLEVVVTTTFFF@0	0.00	C-thin	Gamma	548	GGNE	AAAD	7	AW CM DN ET FR GO IV KS QX YZ	AILEVVVTTTFFFVUMSNUNIWJXYJUMCJFADACASGINGREXUKTOVSKZEMHENURZHANOAMITIFTR
-6.791	-6.671	0	ALLEVVVTTTFFF@0	0.00	B-thin	Gamma	764	ZYYX	AAAK	7	BK FM GL HT IR JP NO SX UY WZ	ASLEVVVTTTPFFANIHRHJARREGJAUTOOLTODDSBHBVNCOHAMSNHILHILMACKEIQTGANNSWELY
-6.792	-6.673	0	ALLEVVVTTTFFF@0	0.00	B-thin	Gamma	142	LBDV	AAAC	8	CG DS EI FO HT JZ KL MW NX RY	ATLEVVVTTTOFFIWVGRFIUNTKABAIMEZIRODEZXBWWKQINCSUSASFOXZNEHLLEWOFUSONONXP
-6.793	-6.673	0	ALLEVVVTTTFFF@0	0.00	C-thin	Beta	724	NEDK	AAAZ	5	AE BR CI FZ HL JW KU MT QY	ADLEVVVTTTAFFEGFFUNDCESGANGOEMAMUPWAETZEFTSQTUHSHENOWOSTNNZXNCHEANYTEGQQ
-6.793	-6.674	0	ALLEVVVTTTFFF@0	0.00	C-thin	Gamma	765	LETU	AAAB	7	AI BP DH ER FX GZ LM NV QW SY	AULEVVVTTTIFFDALMAEABWIRTLNBOLZUNOCHEMQFDXYRKMJXNDMINZTEVEONZIDNEUNYFJEK
-6.794	-6.674	0	ALLEVVVTTTFFF@0	0.00	C-thin	Gamma	641	TBSZ	AAAG	8	BZ CT DF EM GX HR IY JP LV NW	AXLEVVVTTTFFFUNFEGRNMLOTAMLZEHLTENEXOMBKILAYCUKLUMNVROYROOWASKLEKOPDOBIA
-6.794	-6.675	0	ALLEVVVTTTFFF@0	0.00	C-thin	Gamma	183	DMWN	AAAU	9	AB DR EI FN GZ JM KV LT OY WX	ARLEVVVTTTOFFZWOSORKMAFARYUVCSWOHEHBESIUMSPAZUTANSAKFYQRURGAHSMWFFZIPONA
-6.795	-6.675	0	ALLEVVVTTTFFF@0	0.00	C-thin	Gamma	641	TBST	AAAA	8	CT DF EM GX HR IY JP LV NW	AXLEVVVTTTFFFUNFEGONUFOTAMLBEHLTENEXOMZKILACYHXQVHNVROYROOWASKLEKOPDOGZC
-6.795	-6.675	0	ALLEVVVTTTFFF@0	0.00	C-thin	Gamma	641	TBSU	AAAB	8	CT DF EM GX HR IY JP LV NW	AXLEVVVTTTFFFUNFEGONUFOTAMLBEHLTENEXOMZKILACYHXQUHNVROYROOWASKLEKOPDOGZC
-6.795	-6.675	0	ALLEVVVTTTFFF@0	0.00	C-thin	Gamma	576	GYBL	AAAH	5	AO BC DX EK FP GV HZ NQ RU SW	ARLEVVVTTTOFFOQBGGMIOHOWOZXANINRPIVFUFICENMARBWARODRZTSISMIVNUERLEHIMMHA
-6.797	-6.677	0	ALLEVVVTTTFFF@0	0.00	C-thin	Beta	417	CFIA	AAAA	4	BI DP HW JQ LM OT SU VY	AELEVVVTTTLFFTRIRMBETUNBUXENTWADAIMVHQSWRTQNDUTGEAFLYFUENWOLBDRBRALTMMDR
-6.798	-6.678	0	ALLEVVVTTTFFF@0	0.00	C-thin	Gamma	374	UDZU	AAAL	6	BE CR DN HI JW KS LV PX QY UZ	AHLEVVVTTTTFFRDSIDEQKODUNKGROTEAMKORDODGIANURTCNBSAHMVOREFVCHYXISVWIAEXB
-6.801	-6.680	0	ALLEVVVTTTFFF@0	0.00	B-thin	Beta	568	AZGM	AAAB	8	AW BH DG EY IJ KQ LU PV RT SX	ATLEVVVTTTAFFMLANKPGUIPASHAUTSTTVDLJXBMCONURYYXRPFTEEBINTEINAWANDVORYKWP
-6.802	-6.681	0	ALLEVVVTTTFFF@0	0.00	B-thin	Beta	364	TEKW	AAAM	8	BF CT EK GO HU IL JX PY RS	AHLEVVVTTTUFFAACHWEFSPRHPPEDIADENQFENRAMPKJWYGSWLUUNSJEDATIRWUSDASGELCPZ
-6.803	-6.682	0	ALLEVVVTTTFFF@0	0.00	C-thin	Gamma	374	UEAV	AAAM	6	BE CR DN HI JW KS LV PX QY UZ	AHLEVVVTTTTFFRFSIDEQKODUNKGROTEAMKORDODGDANURTCNBSAHMVOREFVCHYXISVOIAEXB
-6.805	-6.684	0	ALLEVVVTTTFFF@0	0.00	C-thin	Beta	182	QPLO	AAAO	8	AP BS CH EQ FN GW IJ LR MV OY	AILEVVVTTTFFFTTERJUPYWPUGEMDWGCHETSGBAWUUPFEEOHAMLSTHQZNDQUREAGFRZUDIESO
-6.805	-6.685	0	ALLEVVVTTTFFF@0	0.00	B-thin	Beta	185	EJFG	AAAN	4	CM DI EX FZ JS LR VW	AFLEVVVTTTSFFSLEJUGWRPLZBAUBBAUTACOUENFSCHLESBUFITVAZDPIEEXCBDTSKOMILUUX
-6.805	-6.685	0	ALLEVVVTTTFFF@0	0.00	C-thin	Gamma	641	TBSX	AAAE	8	CT DF EM GX HR IY JP LV NW	AXLEVVVTTTFFFUNFEGONMLOTAMLBEHLTENEXOMZKILACYUVHUHNVROYROOWASKLEKOPDOGZA
-6.805	-6.685	0	ALLEVVVTTTFFF@0	0.00	C-thin	Gamma	641	TBSW	AAAD	8	CT DF EM GX HR IY JP LV NW	AXLEVVVTTTFFFUNFEGONMLOTAMLBEHLTENEXOMZKILACYHVHUHNVROYROOWASKLEKOPDOGZC
-6.807	-6.686	0	ALLEVVVTTTFFF@0	0.00	C-thin	Gamma	412	RMBT	AAAH	9	AW BS DH EU FI JR KV LP OY TX	AHLEVVVTTTFFFEFOTACHRAJFOGSDAJGYQZPOTHYLNDASFKQPKWOMLAUGEMBILSCASOVIUQIZ
-6.811	-6.690	0	ALLEVVVTTTFFF@0	0.00	C-thin	Gamma	415	FDUY	AAAG	7	BS EP FU GI KX LR MT NY OW VZ	AHLEVVVTTTFFFANYBWVJQABDBUMTOREINODAHRFNJEDENCLMMVAREJENDLNRBEHISMYEXRIK
-6.813	-6.692	0	ALLEVVVTTTFFF@0	0.00	C-thin	Beta	481	ILTK	AAAE	7	AP BZ CI DL EQ FR HY KS UV	AILEVVVTTTCFFALBUDSTAARVXYYLQUBIWUUGREIESVONUEMVENURKAEWXFLIERPSGYWBEFLB
-6.814	-6.693	0	ALLEVVVTTTFFF@0	0.00	B-thin	Gamma	412	BKAM	AAAP	7	AJ BL CT DI FM GU OQ RV WY XZ	ALLEVVVTTTTFFIGFUGQVJLMGREPILMAGUNHABZCUAMYNSFEABOLYTIKANNDAMICNBDKGMXJK
-6.816	-6.694	0	ALLEVVVTTTFFF@0	0.00	C-thin	Beta	821	SXSN	AAAC	8	AX BJ CO EM FU GI HP LT NS VY	ALLEVVVTTTAFFZUREXSWSSTLERNDHSMSNECHTZULIMMOXCULZYPYWQIEDTIVRPLODELGCBLU
-6.818	-6.696	0	ALLEVVVTTTFFF@0	0.00	C-thin	Gamma	842	SBPS	AAAG	7	AN CW DQ GX IV JL KY OP RU SZ	APLEVVVTTTOFFHERNWPOYATSSENSAZBDLAUUBBIFUSAFDPWELLAHWEINAKGFJGHETMURDORS
-6.818	-6.697	0	ALLEVVVTTTFFF@0	0.00	C-thin	Beta	823	AMEZ	AAAW	6	AW BT CL DI ES GM HV JZ KP NQ	ATLEVVVTTTXFFCEMGCXTVESTOAUYBSTENICWOITHSEMIPFQUEPPODESOFYLGGEFEORENTEKE
-6.819	-6.697	0	ALLEVVVTTTFFF@0	0.00	C-thin	Beta	341	CLZR	AAAO	6	CY EX FI GO KS LM QZ RW UV	ABLEVVVTTTTFFKHXINSVUMEHNEULXKJEOEHONULASHMOUCSSENNTTUNBECAOCFEIKRTWAXDC
-6.822	-6.700	0	ALLEVVVTTTFFF@0	0.00	B-thin	Beta	743	IGGS	AAAQ	5	AH CT DR EX FG KU LW MN OS QZ	AJLEVVVTTTAFFNHTEEIEBTHXTKGIEGERXBILITIFTHLEAYOVELEYIOAEIEHMELLOUNNOAYPW
-6.822	-6.701	0	ALLEVVVTTTFFF@0	0.00	C-thin	Beta	748	HISC	AAAP	7	AB CG DU EZ FT IW KL NX OV RS	ANLEVVVTTTFFFYKDOKNLUCJROZFZAANKGRUSANNDEEIKDENXBIBLNCREEINENRAIYXLHLHEX
-6.824	-6.702	0	ALLEVVVTTTFFF@0	0.00	B-thin	Beta	236	ABTA	AAAK	6	AL BI CY DS FJ GU HN MQ PX VW	ADLEVVVTTTUFFRAXSEHREBEVBFXKJOMERRKINEGEAOGUNDDMALICAVNABJXZZEIMZLDAINAG
-6.825	-6.703	0	ALLEVVVTTTFFF@0	0.00	B-thin	Beta	642	WCPK	AAAG	7	BY CH FG JO KU LT MN QS RX VW	ALLEVVVTTTAFFVHLRRDYNIESSVESFRELCOPADOLEPWAAPIOVALZNURPOTIVUMUTTEDGKOLDM
-6.825	-6.703	0	ALLEVVVTTTFFF@0	0.00	C-thin	Beta	641	RLEN	AAAS	8	BW DE FV GP HQ JU KL MS RY TZ	ALLEVVVTTTUFFDEDESJCKCHQZSCWUOTTWONVIZJJCJXNINSXDENYWILOTMDARAMDREEUEMPO
-6.825	-6.703	0	ALLEVVVTTTFFF@0	0.00	B-thin	Beta	614	RLAQ	AAAX	6	BE CP DI GK HY JW MT NS XZ	AKLEVVVTTTTFFNZTCHPIEGHENATOZYPCHLGMYRECROSISUELGIERJVKSHIBNBESSYJJEEUBM
-6.826	-6.704	0	ALLEVVVTTTFFF@0	0.00	B-thin	Gamma	126	FYJM	AAAN	8	AL BW CY DE FJ GU KV NZ QS RX	AELEVVVTTTIFFEHRSALEGSIRAYAVEJLFEUXBQUGARITIMPIONFSNFEIPEPECSSINDSUJXIPA
-6.827	-6.705	0	ALLEVVVTTTFFF@0	0.00	B-thin	Gamma	764	OLYL	AAAY	7	AC BQ EI GL HY OU PV RT SW XZ	ALLEVVVTTTFFFOLHERUUONKATFONHAZLBUBVTHTSSAYDAMLKWIGRIPERKFUMVITAFPMYPDKR
-6.828	-6.706	0	ALLEVVVTTTFFF@0	0.00	B-thin	Gamma	832	JOPS	AAAO	9	AI DX EZ FH GW JL MY NV OT QS	AKLEVVVTTTNFFFZEUVHLLNETAAQVIOMDIEABEVRHMJENSATVGRAKUPXQINGAGEEARRMOTOTI
-6.828	-6.706	0	ALLEVVVTTTFFF@0	0.00	C-thin	Gamma	641	TBSY	AAAF	8	CT DF EM GX HR IY JP LV NW QZ	AXLEVVVTTTFFFUNFEIINMLOTAMLBEHLTENEXOMQKILACCUVHUHNVROYROOWASKLYKOPDOGIA
-6.830	-6.708	0	ALLEVVVTTTFFF@0	0.00	B-thin	Beta	172	XAVB	AAAF	9	CJ EM FH GR IK LN OT SZ UY VX	AILEVVVTTTUFFHLPXWCAEIQUARSDGTEDECTEIDEVANZUGUSEDRPRJEEHAPVCVARMSAMSZDEB
-6.834	-6.711	0	ALLEVVVTTTFFF@0	0.00	B-thin	Beta	287	AHDJ	AAAX	5	AK BF CH DX ES GW IM LU PZ TV	AFLEVVVTTTIFFTMHHCIEFEWWHKUUCLBXVOMOPRIEBNJVKJUFBTGETOIMMHENPEAMISCHAUFL
-6.834	-6.712	0	ALLEVVVTTTFFF@0	0.00	C-thin	Gamma	216	MNIL	AAAF	7	AS BF CP EI HV JU KT LW OR QY	AELEVVVTTTFFFFBESUHIGKFANOXTVIDSTAMEOHONAXAUSXSOVJARDISAHMPSFUVFQRHTWHMS
-6.838	-6.715	0	ALLEVVVTTTFFF@0	0.00	B-thin	Beta	642	WCPJ	AAAF	7	BY CH FG JO KU LT MN QS RX VW	ALLEVVVTTTAFFVHLRRDYLIESSVESFRELCOPADOLEPWAAPIOVALZNURPOTIVUMUTTEDGKOLDM
-6.839	-6.716	0	ALLEVVVTTTFFF@0	0.00	B-thin	Beta	642	WCPR	AAAN	7	BY FG IZ JO KU LT MN QS RX VW	AILEVVVTTTAFFTMZJTEPFZESRVESFFELHOPADOLMISNMWHOVALINURPOTZVUMUTTELOVYJEC
-6.840	-6.716	0	ALLEVVVTTTFFF@0	0.00	B-thin	Beta	185	EJFE	AAAL	4	BD CM EX FZ JS LR VW	AFLEVVVTTTSFFSLEJUGQTPLZDAUDDAUTACOUENFSCHLESNGSBIVAZIPBEEXCDITSKOMBLUUW
-6.841	-6.718	0	ALLEVVVTTTFFF@0	0.00	C-thin	Gamma	481	GYGU	AAAE	7	CE DX FI GR HN JY KT LU MO PS	ABLEVVVTTTFFFTSNAPDGESEASBKSHOJBRZTWULESRASPGGWONNTMECUTJTACRYJMSKXZSBAS
-6.842	-6.719	0	ALLEVVVTTTFFF@0	0.00	B-thin	Beta	845	POXM	AAAU	6	AR BL EY HN IM JX OS PQ TZ UW	AFLEVVVTTTIFFDMBAFFTNUZHJSPRLICEZUWEBTITEECKTYPZISYYJPHDSERMIRNEHRLNOROP
-6.842	-6.719	0	ALLEVVVTTTFFF@0	0.00	C-thin	Beta	632	XRMY	AAAT	7	AL BS CO DR EX FV GH JU NP WZ	ADLEVVVTTTMFFNOLADEOLNDFAKTOBESKLAGFRJAVKSFSJZPCCHIMPATEALKBKIOWONNOXAPG
-6.844	-6.720	0	ALLEVVVTTTFFF@0	0.00	B-thin	Gamma	412	BKAQ	AAAT	7	AJ BL CT DI FM GU KO RV WY XZ	ALLEVVVTTTTFFIWANGKVJLMAREPILMAGUNHABHCUECISSFEABQLYTIOANNDAMIRFBDDHPWJO
-6.844	-6.721	0	ALLEVVVTTTFFF@0	0.00	B-thin	Beta	254	BWMW	AAAU	7	CT DV EM GN JX KW LP OU QY SZ	ARLEVVVTTTFFFTTISTEERSSXINUTPOTGERFUFYCFNAUYBOLTVVJDMTNIXSEKHHFKIYGVGIMU
-6.844	-6.721	0	ALLEVVVTTTFFF@0	0.00	B-thin	Gamma	412	BKAN	AAAQ	7	AJ BL CT DI FM GU OQ RV WY XZ	ALLEVVVTTTTFFIGFUGQVJLMGREPILMAGUNHABZCUAMYSSFEABOLYTIKANNDAMICNBDKGMWJK
-6.845	-6.721	0	ALLEVVVTTTFFF@0	0.00	C-thin	Beta	243	FBWU	AAAD	7	AR BN EJ FW GU HT IP LV QX SZ	ANLEVVVTTTTFFWQJWYRYMMKCDGVJHMELDREIERVVBTEKONVJBNGFENTINDEQSTCUFTIGZBIE
-6.849	-6.725	0	ALLEVVVTTTFFF@0	0.00	C-thin	Beta	285	ORKT	AAAA	7	DF GK IJ LQ MY NR PU SZ TX VW	ADLEVVVTTTTFFIOUYKDILLERENHRFFAHNWBFUNFDMELNSCTENFOBARYDLNPLDXHIPUGTSTSE
-6.850	-6.726	0	ALLEVVVTTTFFF@0	0.00	B-thin	Beta	675	QXZG	AAAO	7	AG BS HP IN JU LV MO QY RZ TW	AKLEVVVTTTCFFELZUSBUETATICKKJABORIKGZUZUTRLGHAMMADXLYZUAUFLKBPMGWNVIDSDE
-6.850	-6.726	0	ALLEVVVTTTFFF@0	0.00	B-thin	Gamma	734	OAQZ	AAAL	6	CU DF EG HP IL JY MN RT SZ WX	ADLEVVVTTTMFFVRULRDFLLWIRHISOBBVERUDZHEMMAIISENPFLEEANKGIDPHRENVXKFBLGZY
-6.851	-6.727	0	ALLEVVVTTTFFF@0	0.00	C-thin	Beta	138	YLVM	AAAB	7	CZ DS EW FL GI JX KO MP RY UV	ARLEVVVTTTOFFUIOSVEOLDOTINSPVOLSHUMDORIFGKECGUOTELLJALOTLFOPVZRRAFALLSEX
-6.851	-6.727	0	ALLEVVVTTTFFF@0	0.00	B-thin	Gamma	315	NOLS	AAAA	7	AV CQ EM FS GL HU JW KN OT YZ	AALEVVVTTTOFFKRWORRCUDRXVMLRIMTSTICKOBEINTSSZUZEKOSCSCXTNAZSNEFABZNGXZUV
-6.852	-6.728	0	ALLEVVVTTTFFF@0	0.00	C-thin	Gamma	254	OPEX	AAAW	6	BF CI DS EQ KU LV MY NX RT	AHLEVVVTTTFFFOTSEMEGAXWVKSSDFAWNXUMVONSEVONCHGJSPIQHIMMTVBAKHELTINCHSBVG
-6.853	-6.729	0	ALLEVVVTTTFFF@0	0.00	B-thin	Beta	642	WCPL	AAAH	7	BY CH FG JO KU LT MN QS RX VW	ALLEVVVTTTAFFVHLRRDPNIESSVESFRELCOPADOLEPWAAPCOVALZNURPOTIVUMUTTEDGKOLDH
-6.856	-6.732	0	ALLEVVVTTTFFF@0	0.00	B-thin	Beta	854	PCVS	AAAU	4	CG FT HW JN KM LU OV XZ	AFLEVVVTTTIFFIMEHERBAUFGNIAJBMDZANDIEERCEKETWEGRURAMUMZVRFKEBRJUMMGPRRMG
-6.856	-6.732	0	ALLEVVVTTTFFF@0	0.00	C-thin	Gamma	641	TBRQ	AAAX	8	CT DF EM GX HR IY JP LV NW	AXLEVVVTTTFFFUNFEGONUFOALULBEHLTENEXOMZKILACYHXQVXTIROYROOWASKLEKOPDOGZC
-6.858	-6.734	0	ALLEVVVTTTFFF@0	0.00	B-thin	Beta	462	ACDG	AAAM	6	BW CK DV EN GT HZ JQ PY RU SX	AILEVVVTTTTFFGCQYEPINIHVZOGEIFFEORIMGEWFFMIKAUMSKLFIAZEHIFHHORNUIDVETARS
-6.858	-6.734	0	ALLEVVVTTTFFF@0	0.00	C-thin	Beta	862	TCXZ	AAAX	6	AQ BC DK GP HJ IS LN OZ TX VW	AILEVVVTTTOFFIEPERNXZARVIVXSTBTLEBETBEXMPAPAYWEEHKDCBASSMEINSENGYUFNQDMJ
-6.859	-6.735	0	ALLEVVVTTTFFF@0	0.00	B-thin	Beta	462	ACDL	AAAR	6	CK DV EN GT IM JQ LW OR PY SX	AMLEVVVTTTTFFGCQYGTBBRECHRAEAFHERUMINEBFRIHVALOCNINMAHHZMFZZRUNOMDVENAUE
-6.859	-6.735	0	ALLEVVVTTTFFF@0	0.00	B-thin	Beta	526	GWOD	AAAK	7	AH BT DP EZ GS IJ KN MX OY RV	ANLEVVVTTTTFFDDSCALIKERNSIFAVPPTDLLRBDDDZBVSLHDGEDENSZUMPIBARJDBTENPKQVA
-6.860	-6.735	0	ALLEVVVTTTFFF@0	0.00	B-thin	Beta	728	QTSL	AAAC	8	AN CD EO FW GM HU JT LZ RV SX	AYLEVVVTTTTFFHAUBBKMOLAAUIFJYOMISRUARGAHELIRUXDSVENHEUTOPISCYTVKCNDHELDE
-6.861	-6.736	0	ALLEVVVTTTFFF@0	0.00	B-thin	Beta	873	DWMR	AAAS	8	AW BG CQ DV FR JX KT LS MZ PY	AZLEVVVTTTYFFPOFDONUMNDTAITONAWWLWOAROHOPFUNDRETLHXHNOFFENBLIKDECEHNOLLB
-6.861	-6.736	0	ALLEVVVTTTFFF@0	0.00	B-thin	Gamma	826	OTCE	AAAW	6	AS BQ CL DY EX FN GO HJ IW PU	APLEVVVTTTFFFTFIELNLIEJERMAHEWFHULLEWSRRIREUNLIOODQAKURIBIEAVHCFVDCUWUCM
-6.862	-6.737	0	ALLEVVVTTTFFF@0	0.00	B-thin	Beta	145	EPXE	AAAU	7	AB CY DX EQ FL GU HW IP JS MT	ASLEVVVTTTQFFTAGTELLZUIKMUMEVOXRIWBJFGODFBTORLEOPUSETTOREOPREKARLITGFPYM
-6.862	-6.737	0	ALLEVVVTTTFFF@0	0.00	B-thin	Gamma	623	GGYX	AAAP	5	BW DP EV FR GJ HN IS KO LX MU	ARLEVVVTTTOFFDXBQCTTRUSCDOGVSAHTXNOVROKLNVSENKIRMATZTENUASAEMXPPLIATTORA
-6.862	-6.737	0	ALLEVVVTTTFFF@0	0.00	B-thin	Beta	162	KLDJ	AAAG	7	AD CL FO GR HS IX JT PW QU YZ	ALLEVVVTTTFFFEIXFIAKGEKNODEZDFSVWSDDDYTAJKCNKDUXINDDINEZUJCPWBQYVLLTLGTW
-6.862	-6.738	0	ALLEVVVTTTFFF@0	0.00	B-thin	Beta	741	TMRR	AAAZ	7	AE BQ CM FW IV JL KR OY PX SU	AILEVVVTTTKFFEIMSERKEMMQGPQVEYVTTHIRAOURKOBIEXSTAGDIANUASUROJIQSIELLDWKO
-6.863	-6.738	0	ALLEVVVTTTFFF@0	0.00	C-thin	Beta	651	PKRM	AAAC	7	AH BQ CJ EO FV GM IN KZ PY TW	AGLEVVVTTTTFFNAZUNTUNIVEOXISEUKHMNOWDGENTKARGITASQHLDJNCLUSHMKLNHIISABPP
-6.863	-6.738	0	ALLEVVVTTTFFF@0	0.00	C-thin	Gamma	315	GWUN	AAAZ	8	AW BO CV DS EJ FN GK LP RY XZ	ASLEVVVTTTMFFIGFERXYZWYEZIAVDWERDMMHITGJEKIRSCRUNNNFRABITZFONNUVALLOSJVG
-6.863	-6.738	0	ALLEVVVTTTFFF@0	0.00	B-thin	Gamma	273	DQXG	AAAD	7	AT BI CE DG FS HY JK MV PU RX	AYLEVVVTTTFFFTNQTVBENFCERFTDEIXUWASSSCKEGTUSKDIERSERDNJYHCSBDUIRWMUTPTTP
-6.865	-6.740	0	ALLEVVVTTTFFF@0	0.00	C-thin	Gamma	523	KALR	AAAS	7	AT BJ CF DE GO KS LP QU XY	AYLEVVVTTTFFFSLEFRSIERBIAHSTESGWUNSUIWTKWYNZLEZYURHOHMPROFFMULMMUPLYGFVK
-6.867	-6.742	0	ALLEVVVTTTFFF@0	0.00	B-thin	Gamma	832	WOZT	AAAM	6	AG FL HO IX KP NV RY SZ TW	APLEVVVTTTFFFJHITDEMPYENDUVICNVGUMZSKAUMBIENXNGENWHQWEONHOIXHBDACHMAEFUS
-6.867	-6.742	0	ALLEVVVTTTFFF@0	0.00	B-thin	Beta	548	GXMG	AAAW	6	AN BG DO JV KU LY MQ PW RZ SX	ARLEVVVTTTTFFNLEFLFREMYUMCBBOXMAGWAHYSICJRINCNNADOLMITGEMTPUFINJBTPLETHR
-6.868	-6.743	0	ALLEVVVTTTFFF@0	0.00	B-thin	Beta	462	ACDO	AAAU	6	DV EN GT IM JQ LW OR PY SX UZ	AILEVVVTTTTFFGKRFTIBBRWKPRAEAUHERZMINGBFRIXISLOKNINMAHHUMFUURZVOMDVVVNYE
-6.869	-6.744	0	ALLEVVVTTTFFF@0	0.00	B-thin	Beta	561	UHQY	AAAF	6	AI BZ CW DR FT GM HV LP NY SU	AELEVVVTTTAFFBLIXVIWNUNGSFANOSPYGBBBCOWANNSKRUFLIEXFRCOHOWXHEULLZUXQZHUL
-6.871	-6.745	0	ALLEVVVTTTFFF@0	0.00	C-thin	Gamma	143	OCZL	AAAD	5	AT BX CH DK GQ IP LY NZ RU VW	AVLEVVVTTTOFFIHALTEHUWQDAYGGCHWISTDHCREDIEMDERTSSTJOUFTEKHAXPDEWTNQFEHRK
-6.871	-6.746	0	ALLEVVVTTTFFF@0	0.00	C-thin	Beta	583	VXKE	AAAW	6	AL BZ CM DR EK FN GT HX IU JW	ALLEVVVTTTIFFAEQSDRQBHBGXLOPBELOBIERVQOJFVONEINNNRNYAGEFABNIXPREINNOSIAJ
-6.872	-6.746	0	ALLEVVVTTTFFF@0	0.00	B-thin	Beta	854	PCVR	AAAT	4	CG FT HW JN KM LU OV XZ	AFLEVVVTTTIFFIMEHARBAUFGNIAJBMDZANDIEERCEKEXWEGRURAMUMZVRFKEBRJUMMGPROMG
-6.872	-6.747	0	ALLEVVVTTTFFF@0	0.00	C-thin	Beta	124	QJRZ	AAAP	8	AX CV EU GZ IM JQ KS NT OY PR	ABLEVVVTTTFFFISSIFPUGRIFNHZHSKIZIIXIZMASIKMDREUPAHAUEGJKIREPLETRZINANOKQ
-6.872	-6.747	0	ALLEVVVTTTFFF@0	0.00	C-thin	Beta	156	GMDJ	AAAI	8	AN CT DG EM HL IZ OY PX QS RV	ALLEVVVTTTFFFMMVBXRYCTWBOYLGSSTSGXANDZKWUSPEKTEOPIEAHUTONEEINSUSZHCGQKFP
-6.872	-6.747	0	ALLEVVVTTTFFF@0	0.00	B-thin	Beta	145	EPXB	AAAR	7	AB CY DN EQ FL GU IP JS MT WX	ASLEVVVTTTQFFWAGTELLNEQYMUMEVONRIHBJFGOWFBTBRLEEXTSEITPLEOPREKARFITGAPYM
-6.873	-6.748	0	ALLEVVVTTTFFF@0	0.00	C-thin	Gamma	152	IUJT	AAAM	7	AD BY CN EP FZ GS HX IK LV TU	AZLEVVVTTTTFFMATBGGPELATMAQUTADTISLMZUHRSZIDAXONSZENFAHQTOSSBUIPFZLPFTJO
-6.874	-6.748	0	ALLEVVVTTTFFF@0	0.00	C-thin	Gamma	374	UEAW	AAAN	6	BE CR DN HI JW KS LV PX QY UZ	AHLEVVVTTTTFFYFSIDEQKODUNKGROTEAMKORDODUDANURTCNBSAHMVOREFVCHYXISROIAEXB
-6.874	-6.749	0	ALLEVVVTTTFFF@0	0.00	C-thin	Beta	583	VXKG	AAAY	6	AL BC DR EK FN GT HQ IU JW MZ	ADLEVVVTTTIFFHERBIYHQXMGALOPMOLOMIERVHOJFPDREIDVNONYSGEEAMNIQPRMINNHEIAJ
-6.878	-6.752	0	ALLEVVVTTTFFF@0	0.00	C-thin	Gamma	752	URSV	AAAH	9	AZ BS CQ DJ EW FN GT HV LY MR	ATLEVVVTTTTFFERABUHRELLUPKYGWAFACFLSOFANBTKGDMXFHAUHQKOFFVKEFOINIEDITONX
-6.878	-6.752	0	ALLEVVVTTTFFF@0	0.00	C-thin	Beta	362	KIIO	AAAT	6	AU BS CM DJ FZ GN HY IK OP RX	ASLEVVVTTTIFFIBISIKULJZELCSEBLIRABNSORERSTULLLXURACKDUPDMYXALTFECHMOCANN
-6.881	-6.754	0	ALLEVVVTTTFFF@0	0.00	B-thin	Gamma	568	PQIB	AAAH	5	CW DJ ES GI HX KR OQ TZ UY	AKLEVVVTTTFFFDEOCLTLMAASKEDGLFHATCHLUGVVVTELBEUSBOOTVFALLKOIVBXARWRGAZBT
-6.881	-6.755	0	ALLEVVVTTTFFF@0	0.00	C-thin	Beta	583	VXKZ	AAAR	6	AL BC DR EK FN GT HX IU JW MZ	ADLEVVVTTTIFFAEQSUQECKMGALOPMOLOMIERVQOJFVONJRLORONYAGEFAMNIXPREINNLSDBJ
-6.881	-6.755	0	ALLEVVVTTTFFF@0	0.00	B-thin	Beta	258	HQIH	AAAQ	7	AD CZ EI FK GV LS MT NW OQ RY	ANLEVVVTTTFFFSMANUNDXJZBAEUHOYBMMAPRGACZEKKOMEZMGWVFWDPMERZUMTINKONREIQK
-6.881	-6.755	0	ALLEVVVTTTFFF@0	0.00	B-thin	Beta	681	AEVQ	AAAU	7	AH CM DX EP GJ LT NR OW QS YZ	AYLEVVVTTTIFFVONNARLIETIONDPKETHWFFTKNORGNSFYEFTIMJWNULCLZAHRAMIMPFVUYHS
-6.882	-6.756	0	ALLEVVVTTTFFF@0	0.00	B-thin	Beta	235	CPWI	AAAA	8	AB CU DV EK FL HP JQ NY OR SZ	AULEVVVTTTFFFMWERPHALKFKZDHTDIARMNKIGMAYBOIMMFAFLLONWECKESFICABTMULKOBCM
-6.883	-6.757	0	ALLEVVVTTTFFF@0	0.00	B-thin	Beta	148	ATQB	AAAN	5	AF BM CS DL EZ IR JW NX OQ UV	AALEVVVTTTLFFAKEILDMINAXPOSGCDSXBSPERLEMRLUFANDSJNMJAQANNDIHRJERMBYPDPOS
-6.883	-6.757	0	ALLEVVVTTTFFF@0	0.00	C-thin	Beta	482	VXMW	AAAE	9	AP CV EU FR GJ HL IT KY OW SZ	AKLEVVVTTTTFFAUEFHSHACSJQOOZPJFEUOMECUMZWOEMBAUNONXBEIKNOKEREAMXUEIVOMKC
-6.884	-6.758	0	ALLEVVVTTTFFF@0	0.00	B-thin	Gamma	738	OXNG	AAAZ	7	AU DK ES FQ GJ HY IX MP TZ VW	AILEVVVTTTFFFEENUPYOYANSUXZHZNJWPARZITSZWJDXXZUKOMBHAQABEIINGIVPRRBEIDUX
-6.884	-6.758	0	ALLEVVVTTTFFF@0	0.00	C-thin	Gamma	527	TZVF	AAAS	6	BC DT EZ FV GH IS JQ RU WX	AILEVVVTTTOFFUADOWAFIJETUNULTBYZCTPVGMASBYSESTSWEHOVIAZWENUFKSTEMXCPLWYJ
-6.884	-6.758	0	ALLEVVVTTTFFF@0	0.00	C-thin	Beta	417	TRAG	AAAE	9	AD BE FJ GZ HV IT KS LY MR NP	AMLEVVVTTTBFFTWEEUDHIWQZGBBEIBEMIMICXFINTBLZRUETZZEHLIMENXCBUNZTUNRALZUX
-6.885	-6.758	0	ALLEVVVTTTFFF@0	0.00	B-thin	Beta	462	ACDH	AAAN	6	BW CK DV EN GT HZ JQ PY RU SX	AILEVVVTTTTFFGCQYEPINIHZZOGEIFFEORIMGEWFFMIKAUMSKVFIAZEHIFHHORNUIDVETARS
-6.885	-6.759	0	ALLEVVVTTTFFF@0	0.00	B-thin	Beta	462	ACDF	AAAL	6	BW CK DV EN GT HZ JQ PY RU SX	AILEVVVTTTTFFGCQYEPINIHVDOGEIFFEORIMGEWFFMIKAUMSKLFIAZEHIFHHORNUIDVETARS
-6.886	-6.760	0	ALLEVVVTTTFFF@0	0.00	C-thin	Beta	783	KOJU	AAAD	5	BY CQ DF HL IO KP MT RV UZ WX	ALLEVVVTTTSFFTSCAPIUMUONDDERZEHMIETAIFIHFLWCPQFEWGSITAGPEINMPMLJUNJUWTTU
-6.887	-6.760	0	ALLEVVVTTTFFF@0	0.00	B-thin	Beta	741	TMRS	AAAA	7	AE BQ CM FW IV JL KR OY PX SU	AILEVVVTTTKFFEIMSERKEMMQMPQVEYVTTHIRAOURKOBIEXSTAGGIANUASUROJIQSIELLDWKO
-6.887	-6.761	0	ALLEVVVTTTFFF@0	0.00	C-thin	Beta	341	CLYQ	AAAN	6	CY EX FI GO KS LM QZ RW UV	ABLEVVVTTTTFFKHXINSVUMEHNDULXKJEOEHONULASHMOUCSSENNNTUNBECAOCFEIKRTWAXDC
-6.889	-6.762	0	ALLEVVVTTTFFF@0	0.00	C-thin	Gamma	214	WSKD	AAAS	6	BS CY DZ FX HO IW JU MT NV PR	ABLEVVVTTTAFFSWOVTEITEIRSPCOSRSLINTHSHYGENHAPTHYDTAFAVHATDADRKRPFORHWBQM
-6.890	-6.763	0	ALLEVVVTTTFFF@0	0.00	C-thin	Beta	782	NIPI	AAAI	8	AU BY CH DK EM FN GQ LT PS RV	AFLEVVVTTTAFFUEDENHAERIKNPUQQEVXKBINPCQEBYPSRCKHEITDEFTDJYUENTWFSDINORHY
-6.891	-6.764	0	ALLEVVVTTTFFF@0	0.00	C-thin	Beta	378	FECE	AAAB	7	AX BH CK DE GW IO JU LY NS QT	AALEVVVTTTDFFRNOVIEGZEIEELLCNEBSEHEENETNHCHEYIYRESHBEKJGQSSTDUEURVKSENSI
-6.891	-6.764	0	ALLEVVVTTTFFF@0	0.00	B-thin	Gamma	478	DPRK	AAAQ	7	AP BV CF EQ GT KN MZ OY RW SX	APLEVVVTTTUFFUNLEUDAKEFIEKNZEMADAINKTANXWCCZPMMVEYKJVONYMFERPTEUPTTBATSS
-6.891	-6.764	0	ALLEVVVTTTFFF@0	0.00	B-thin	Gamma	734	OAQY	AAAK	6	BU CO DF EG IL JY KM QW RT SZ	AXLEVVVTTTUFFHRCYRDFBLDEEPISCTUREROZSISANAITSECAFFEEYKAMIDHPRETTDMFINGZY
-6.892	-6.765	0	ALLEVVVTTTFFF@0	0.00	C-thin	Gamma	641	TBSR	AAAY	8	CT DF EM GX HR IY JP LV NW	AXLEVVVTTTFFFUNFEGONUFOALMLBEHLTENEXOMZKILACYHXQVXTVROYROOWASKLEKOPDOGZC
-6.893	-6.766	0	ALLEVVVTTTFFF@0	0.00	C-thin	Beta	475	KWGI	AAAD	6	AW BP DR EG FS HJ IM NY OX TV	ARLEVVVTTTSFFEIBOHNOOTEPPCZUNDSOTTSKUTOLIEGJQQADHNYEGWCNMBSZERAAFDMMMNLS
-6.893	-6.766	0	ALLEVVVTTTFFF@0	0.00	C-thin	Beta	586	QJFE	AAAH	7	AZ BV DX EO FM GR KL NS PQ UW	ABLEVVVTTTTFFFDWURNOBXOYYLCUHLNLICKTUBESOLYGENRWGWORZIMWTQNABXTZOLFGEBPC
-6.893	-6.766	0	ALLEVVVTTTFFF@0	0.00	C-thin	Gamma	428	FZYF	AAAS	6	BW DV EP FJ HL IU KM OX RT SZ	APLEVVVTTTFFFOLGVYTMECAGDGWNWULNSAGYKIGKHLDTRUNTERNONGDAFRLZGADOITHESAQO
-6.894	-6.767	0	ALLEVVVTTTFFF@0	0.00	B-thin	Gamma	854	JOJI	AAAG	6	BE CT DI FQ GY HV LO MS NZ RU	ARLEVVVTTTTFFJTANNYTOSREMWDUZININALITGIGCBOWTAFIKEWHYUKQATMFAMONTRUPLOLU
-6.895	-6.768	0	ALLEVVVTTTFFF@0	0.00	B-thin	Beta	625	NZTU	AAAT	6	AX BU DT EW FG HY IJ LQ NR OZ	ADLEVVVTTTCFFFTTBPLNELEUEAMALUSIKLPNBBEUSPFEROGICKIMGGNZYTKEJWMXAOHNGHSO
-6.895	-6.768	0	ALLEVVVTTTFFF@0	0.00	B-thin	Beta	582	BHFG	AAAV	5	AF CO DR EZ HS IU KL NY PT QW	ABLEVVVTTTMFFTOJBSSCOLLERENMERHRORSCVDREAHKWJTSLZANBWXDCVPNZFIERTTELURCH
-6.895	-6.768	0	ALLEVVVTTTFFF@0	0.00	C-thin	Beta	581	REFW	AAAC	6	AK BW CS FN GU IM JT LZ OX QV	AQLEVVVTTTOFFTOYJBXONISBEZTAMKAUCUSDIZIRMWULNASSARFKLALIFIACOCSYDSOZIMMV
-6.895	-6.768	0	ALLEVVVTTTFFF@0	0.00	C-thin	Beta	451	LQYK	AAAM	7	AI BE CY DQ FT GO HK LP SW UV	AELEVVVTTTRFFFKARTEFSZRFNLODHOLSEINANROKKDTORFGPJZGIKNEUNLAKDIREIKIGLKCE
-6.896	-6.769	0	ALLEVVVTTTFFF@0	0.00	C-thin	Beta	675	PCON	AAAE	5	AZ BF DY HV IX KQ LP MR OU TW	AFLEVVVTTTNFFHOGEDIVWSBUUOSTHRKOENAVONSCGULYAWIWIAHEMEZGITHBXRBLDINAMARX
-6.896	-6.769	0	ALLEVVVTTTFFF@0	0.00	C-thin	Gamma	527	ACAF	AAAS	7	AG CQ DT EK FL HY JP MU NS WX	AELEVVVTTTKFFNUNXXICNNSSMOXITONKQSACHTUTTBGENXSNFTILTEUNITPABQWTUATDOTJU
-6.899	-6.772	0	ALLEVVVTTTFFF@0	0.00	C-thin	Beta	413	PJUQ	AAAO	7	AH BX CF DE GO IZ LW MT SV UY	AFLEVVVTTTAFFERDFRIBIRGNYEMNERYSUKADIJDZIQVRIBGNIAGIDBPANULMLMVORINTREUY
-6.900	-6.772	0	ALLEVVVTTTFFF@0	0.00	C-thin	Gamma	415	FDUX	AAAF	7	BS EP FU GI KX LR MT NY OW VZ	AJLEVVVTTTFFFANYBWVJQABDBUMVOREINODAHRFNJEDENCLMMVARECENDLNRBEHISMYEXRIK
-6.901	-6.773	0	ALLEVVVTTTFFF@0	0.00	B-thin	Gamma	675	LJYT	AAAO	7	AL BY CV DK EI FN GM HO RS WZ	ASLEVVVTTTTFFWKLSULKCZEIBJSMILLATZWAUTYSQBOBLPWOZWOBADBNSXGNERSWEHEIZHCI
-6.901	-6.774	0	ALLEVVVTTTFFF@0	0.00	B-thin	Beta	235	COVJ	AAAB	8	AB CU DV EK FL HP JQ NY OR SZ	AULEVVVTTTFFFMWESPHALKFKZDHTDIARMNKIGMAYBOMMMFAFLLONWECKESFICABTMULKUBCM
-6.904	-6.776	0	ALLEVVVTTTFFF@0	0.00	B-thin	Gamma	123	ZEGL	AAAR	6	AQ BO CU DW EF GN IS MT PX RY	ALLEVVVTTTFFFDOCQIUCVRSIBINMOWQZEELLICZWBXDERHUPKQZLWAERKOHOIMOOPPEMMTPU
-6.904	-6.776	0	ALLEVVVTTTFFF@0	0.00	C-thin	Beta	645	CNYV	AAAL	7	BY DI EU GM HL JZ KN PX RS TW	AZLEVVVTTTOFFINGSGRFWCDIFUFIGRHNREKRCHUNSNUUNDAFICKGMJUCRIKGNNDIMILDTHEH
-6.904	-6.776	0	ALLEVVVTTTFFF@0	0.00	C-thin	Beta	341	CLZC	AAAZ	6	CY DN EX FI GO HR KS MQ PZ UV	ABLEVVVTTTTFFKLUMITAJJSHVEXQKKTTOERHAUDERKAMLTHDNAWTTURBECAOCFENYWLPGJZU
-6.904	-6.777	0	ALLEVVVTTTFFF@0	0.00	C-thin	Beta	351	TVMI	AAAF	6	BN CJ DV EU FO HP IX KY MS RW	ALLEVVVTTTMFFAVONACHUNLWKEIMZHSGARNSVMAUEIKERWJANPZXPFYSETIMFAVMVZZHNAZD
-6.906	-6.778	0	ALLEVVVTTTFFF@0	0.00	C-thin	Beta	743	FKYU	AAAF	7	BU CJ DY EL FM GN HI KP OT SV	AULEVVVTTTFFFDKNIERBUNGXVNKWTISGEEHOPPYFTJOROKTTINWEWOUWOEJGZHOSESZTUBHA
-6.906	-6.778	0	ALLEVVVTTTFFF@0	0.00	B-thin	Beta	462	ACDN	AAAT	6	CK DV EN GT IM JQ LW OR PY SX	AMLEVVVTTTTFFGCQYKMBBRECHRAEAFHERUMINEBFRIHISLOCNINMAHHZMFZZRUNOMDVENNYE
-6.906	-6.778	0	ALLEVVVTTTFFF@0	0.00	C-thin	Beta	132	MGSS	AAAJ	7	AF BP CY DQ EO GI JX KR SU TZ	AQLEVVVTTTNFFEWRDICHUSBIFINDEVMBTCONTFOGENIDROGXHWALVIDTOPIVMFUTAINGDPFM
-6.906	-6.778	0	ALLEVVVTTTFFF@0	0.00	B-thin	Beta	723	CEUH	AAAQ	7	AM BJ CI DL ER FH KQ NW SU VY	AKLEVVVTTTAFFIVOMOWAARCHSDGWTAFOOANZUPGTTBBBELNHCNMKCAPFSTCHILENHVKKLUPJ
-6.906	-6.779	0	ALLEVVVTTTFFF@0	0.00	B-thin	Beta	428	FFYM	AAAI	8	AK DS ER FU GZ HQ JP LO MY WX	AGLEVVVTTTFFFDURGATEDYIEIXQOXKDHIWKNMBTNWEFOLDENANUGINVCJLJAEGDOOSTBAIWE
-6.906	-6.779	0	ALLEVVVTTTFFF@0	0.00	B-thin	Beta	642	WCPQ	AAAM	7	BY FG IZ JO KU LT MN QS RX VW	AILEVVVTTTAFFVMZJTEPFZESRVESFFELHOPADOLEISNMWHOVALINURPOTZVUMUTTEDOVYJEC
-6.907	-6.779	0	ALLEVVVTTTFFF@0	0.00	B-thin	Beta	852	VNEG	AAAL	6	AI BZ CS DH EG JN KL OT RX UY	AQLEVVVTTTFFFFPSIERPASSLIPEWMXPCINPOTURRYONULUEDSAHMIRKQKMMIQKQBIBIBMWJN
-6.907	-6.779	0	ALLEVVVTTTFFF@0	0.00	C-thin	Gamma	537	URZG	AAAI	5	AR BK CF EM HQ IP JO NU VW XZ	AFLEVVVTTTFFFDKORGNMBARDWDJCXXTZWBEIKOLSTFGINGQPJPAMIWEHRCHEKWFSEIHSVSDQ
-6.907	-6.779	0	ALLEVVVTTTFFF@0	0.00	B-thin	Gamma	736	GRTL	AAAG	8	AE BJ FP GU HS KX LO MT NY QV	ASLEVVVTTTHFFJTSIENWLCDENACSENJQMWLAALMERWADRUEYFXTHNALGABASIGAMEXVLOZOT
-6.908	-6.780	0	ALLEVVVTTTFFF@0	0.00	C-thin	Beta	384	QXNJ	AAAX	7	AR BJ CM DF GV HT KO NS PQ XY	AMLEVVVTTTFFFEONSNITFNNDERCBUYXIIKMIGUNWIACUNSLIBDXOPMVLBDPNLFSSIBENOBJX
-6.908	-6.780	0	ALLEVVVTTTFFF@0	0.00	B-thin	Beta	531	YOWQ	AAAK	7	AV BG EM FU HP KT LN OR QS YZ	ABLEVVVTTTTFFYJIABSRUFGBERHAVUMFLOINGTAMVENKZSFKWGNXEINDNZAMNDBRUSYYFPOL
-6.908	-6.780	0	ALLEVVVTTTFFF@0	0.00	B-thin	Beta	685	CMIS	AAAZ	5	AN BH DR EJ FQ IO KZ SW TY	AALEVVVTTTQFFNQEYGGYNHHMJJKIERNAGHDJMSELFEIQUISELLSAKILELEEKZTENAMITFAEO
-6.910	-6.782	0	ALLEVVVTTTFFF@0	0.00	B-thin	Gamma	725	OOZP	AAAG	7	AG CI DL ER FN HZ KX MS OV WY	AILEVVVTTTTFFUBYGESTCDSSGEJLUNGUTSTERMRIRDOWBMWJNCKXKARVYSHAYFARKKGREFAM
-6.910	-6.782	0	ALLEVVVTTTFFF@0	0.00	C-thin	Gamma	314	ELTJ	AAAX	5	BS CQ DT GH KY MV NX OW UZ	APLEVVVTTTZFFUMSLBKNDRVWVONRANSEJCFTNPFSENWBFGWWJIIBRLMINNENSZUNFIGKEYMI
-6.911	-6.782	0	ALLEVVVTTTFFF@0	0.00	B-thin	Gamma	843	TSWQ	AAAC	5	CL DJ ET FG IN KY MZ OX QS UW	ADLEVVVTTTSFFVONBAPTZQMUNIBSULDSINKASVSUDIGWHOQXGIKOALANLRAVIFMEIENSINNE
-6.911	-6.783	0	ALLEVVVTTTFFF@0	0.00	C-thin	Gamma	784	VTIG	AAAV	6	AE BL CF GM HX IR JZ PV SY UW	ALLEVVVTTTOFFRIESKUBCBHHEWVCNZNAIGTHIESCRYCONKAMAMELCHENTLLVSQXORYDKFZQW
-6.912	-6.784	0	ALLEVVVTTTFFF@0	0.00	B-thin	Gamma	281	RYHU	AAAQ	8	AZ BJ DG EV FR HW IK LO MY SU	AKLEVVVTTTTFFBIRABENOEPIRFHITAFOASBEVONRJCKRATOLIKEXFHOVABDXWWJPFOHNPULQ
-6.914	-6.785	0	ALLEVVVTTTFFF@0	0.00	C-thin	Beta	724	OYAB	AAAB	5	AD BC EW GJ HV IK NX OP QR TZ	ADLEVVVTTTTFFHFBEWOFPQMSOBULAUOFVULSMICCDTZIGDAERZECKNSTAASNOBRNYHOFFJPI
-6.914	-6.785	0	ALLEVVVTTTFFF@0	0.00	B-thin	Beta	234	TFOA	AAAT	8	AR DX ES FW GP HY JO KL QT UZ	AULEVVVTTTTFFFUTIOUROSESPICZWIDYVXUUHOMORNYENSIEIILLCKBSQCOJVBNNKOFRESHN
-6.914	-6.785	0	ALLEVVVTTTFFF@0	0.00	C-thin	Beta	735	JYRR	AAAS	6	BU DS EN FK GY HZ JQ LX MV	AYLEVVVTTTFFFGGGSROEKQPYFBPPLAHAVLEUKSNSZHOINEFEINDINMUSSVIFDLDPJHARDWRR
-6.914	-6.786	0	ALLEVVVTTTFFF@0	0.00	C-thin	Gamma	738	TMBL	AAAN	8	AU BN EX FT GK HV JZ MP OY QS	AULEVVVTTTIFFUGASKLQNRICEUSTAMFILANISATYNKXINNUCDFENJHMTCOORWUNPZTORVNOB
-6.914	-6.786	0	ALLEVVVTTTFFF@0	0.00	B-thin	Gamma	412	BKAK	AAAN	7	AJ BL CT DI FM GU OQ RV WY XZ	ALLEVVVTTTTFFIGFUGAVJLMGREPILMAGUNHABZCUAMYNMSEABOLYTIKANNDAMICNBDKGMXUV
-6.914	-6.786	0	ALLEVVVTTTFFF@0	0.00	C-thin	Gamma	172	NGAB	AAAW	5	BJ CW DU EN HI KL PR QT SV XY	AFLEVVVTTTOFFRINSVYTARKLRMEGGEMMZXJWRSABGUNMIGAMDUGENLOIHNZQAFBTKICDUKKD
-6.915	-6.786	0	ALLEVVVTTTFFF@0	0.00	C-thin	Gamma	278	BZIH	AAAP	6	AB DY GH IU JT LO MS NP QV RX	AKLEVVVTTTFFFEFTEXYVTFEHRINEPREMKEINMMVYNSVVXHDHQRNBEJXNQFIOVRBTREABPERP
-6.915	-6.786	0	ALLEVVVTTTFFF@0	0.00	C-thin	Beta	637	WHEI	AAAK	7	AL BV CM GX HY IU JP NT QW RS	ANLEVVVTTTTFFBRDWPFFRIATOGAJAULLLURWALGFRAZUESINOMOHCVZULBIJUDEUFWJDTALO
-6.916	-6.787	0	ALLEVVVTTTFFF@0	0.00	B-thin	Gamma	574	GNLJ	AAAT	8	AH BP CZ DL FW GM IS JR QT UV	AFLEVVVTTTAFFDLEQYSAUSNFTLBSNDETSENTWESMEZINQONAGADERPDZUZWQJGTNANGVKUZT
-6.916	-6.787	0	ALLEVVVTTTFFF@0	0.00	C-thin	Gamma	654	EGMW	AAAL	6	AP BW FQ GX JM KL NU RT	AMLEVVVTTTAFFEHEPUTWTIZUSAFMEWHYPOVZJYEYCOLDRSASHFSIDOLTINMAINTYUSIKTBHD
-6.916	-6.787	0	ALLEVVVTTTFFF@0	0.00	B-thin	Beta	741	TMQQ	AAAY	7	AE BQ CM FW IV JL KR OY PX SU	AILEVVVTTTKFFEIMSERKEMMQGOQVEYVTTHIRAOURKOBIEXSTAGDGANUASUROJIQSIELLDWKO
-6.918	-6.789	0	ALLEVVVTTTFFF@0	0.00	B-thin	Beta	243	HKRB	AAAJ	6	BW CR DT EK GU HS IJ LQ NZ PY	AILEVVVTTTCFFTIEBICVNMASBOHVNTELEOWTGAILURGZLSVWARMEWALEZURHGTSXANEZRPIL
-6.918	-6.789	0	ALLEVVVTTTFFF@0	0.00	B-thin	Beta	642	WCPI	AAAE	7	BY CH FG JO KU LT MN QS RX VW	ALLEVVVTTTAFFVHLRRDYLNESSVESFRELCOPADOLEPWAAPIORALZNURPOTIVUMUTTEDGKOLDM
-6.918	-6.790	0	ALLEVVVTTTFFF@0	0.00	B-thin	Beta	865	IRSZ	AAAT	6	AQ BE CY DK GS HP IW JN RZ TU	AELEVVVTTTOFFSHEINKTENTSSJUHDMTTSEKWELVUMEVKLGSCHEAFORTHWLAVIZAPLTNRUQEM
-6.918	-6.790	0	ALLEVVVTTTFFF@0	0.00	C-thin	Gamma	812	SKEU	AAAX	6	BJ EK FS GQ HO IN MT RW UX YZ	AQLEVVVTTTTFFRIWGLIPSCOWENZWIXKSEDQTAMUSOSTKLAFAUGKLIWAFRSSDCWIHKBROCUSE
-6.920	-6.791	0	ALLEVVVTTTFFF@0	0.00	B-thin	Gamma	638	CSBM	AAAS	6	AY BQ DM FZ GW HI KT LS VX	ARLEVVVTTTXFFBGBVJDIFORSEROLDALTDIVENMODBLASNYONSSEPYVNJJDCBGXLOBSTAMRTG
-6.920	-6.791	0	ALLEVVVTTTFFF@0	0.00	B-thin	Beta	185	EJFH	AAAO	4	BD CM EX FZ JS LR VW	AFLEVVVTTTSFFSLEJUDWRPLZDAUDDAUTACOUENFSCHLECDSSBIVAZIPBEEXCDITSKOMBLUOX
-6.920	-6.791	0	ALLEVVVTTTFFF@0	0.00	C-thin	Beta	417	XXGM	AAAJ	5	AJ BI CG EM HS KQ LR OZ PU TW	ANLEVVVTTTOFFPAHIVSTVJYRZMBXINIXBUTOSUNGEFERLUNOWIEDOMASWBJRXDXDJZJSFLTR
-6.920	-6.791	0	ALLEVVVTTTFFF@0	0.00	B-thin	Beta	637	JHWE	AAAB	7	AB DL FN GJ HV IQ KX MY OT PS	ASLEVVVTTTFFFUPCUUIDLNGYABOSNZEIGALZINTQPAPOLDGERLIZUXIECHSREFIGSAKGCIWT
-6.920	-6.791	0	ALLEVVVTTTFFF@0	0.00	B-thin	Beta	642	WCPM	AAAI	7	BY CH FG JO KU LT MN QS RX VW	ALLEVVVTTTAFFVHLRRJPNIESSVESFRELCOPADOLEPWAAWCOVALZNURPOTIVUMUTTEDGKOLEH
-6.920	-6.791	0	ALLEVVVTTTFFF@0	0.00	B-thin	Beta	428	JRSH	AAAK	6	AD BJ CN EK FG HO MT QS RW UX	AYLEVVVTTTFFFHILJURDIESSHUKDVSBUUZENCEXTEMZSTISJMMYRILDFJDJLLHENEUMARNUS
-6.921	-6.792	0	ALLEVVVTTTFFF@0	0.00	B-thin	Beta	462	ACDS	AAAY	6	BW DV EN GT HI JQ KO LZ PY SX	AMLEVVVTTTTFFIVIIBYWYKERPKYELLXEKUHMPAULRMURSBLENVSHAIELHFLLKULRANTHENYE
-6.921	-6.792	0	ALLEVVVTTTFFF@0	0.00	C-thin	Beta	345	OPYW	AAAM	7	AX BC DF EP GU HV IK LS NO TZ	AILEVVVTTTPFFKEHTSATUMASTVKNFGGLAWNEGZWOIEGZTFILMSDEMINGHAGOPFISSKXAEDVI
-6.922	-6.793	0	ALLEVVVTTTFFF@0	0.00	B-thin	Beta	365	NLKP	AAAT	5	AH BI DE JO KN LP MQ SW TX	AMLEVVVTTTTFFTISILBYJETLWVHDNULDCRMACORMINZOXLQTENNNIMNICARDPYESMAJLXAOR
-6.922	-6.793	0	ALLEVVVTTTFFF@0	0.00	B-thin	Beta	462	ACDI	AAAO	6	BW CK DV EN GT HZ JQ PY RU SX	AILEVVVTTTTFFGCQYEPINIJZZOGEIFFEORIMGEWFFMIKAUMSNVFIAZEHIFHHORNUIDVETARS
-6.922	-6.793	0	ALLEVVVTTTFFF@0	0.00	B-thin	Beta	145	EPXA	AAAQ	7	AB CY DN EQ FL GU IP JS MT WX	ASLEVVVTTTQFFWAGTELLNEQYGUMEVONRIHBJFGOWFBTBRLEEXTGEITPLEOPREKARFITGAPYM
-6.922	-6.793	0	ALLEVVVTTTFFF@0	0.00	B-thin	Beta	213	NKSV	AAAQ	8	AU BS CR DZ EF GW HX JL MY QT	AXLEVVVTTTTFFYSZRLINTOLPNBTTIZKTHIVVTTOLBZQLLOFSMSARZUEJEADICHTBILETVSWE
-6.923	-6.793	0	ALLEVVVTTTFFF@0	0.00	C-thin	Beta	348	VUTA	AAAF	7	BU CY EH FM GP IQ JS LT OR WZ	ANLEVVVTTTTFFLBJVSUUURITDESKKUCUGGEOCEBEFHSNXKUNYSTERHEEHDGARPLRIFEPKXTZ
-6.923	-6.794	0	ALLEVVVTTTFFF@0	0.00	B-thin	Beta	738	XBAD	AAAL	6	AD BJ EZ GX KR LM NW ST VY	AJLEVVVTTTOFFVPHFQEDUSEPAGENDENVIBIWSELLIBZMMMLELLIONGTISHMAPPYTLAKFOGFO
-6.923	-6.794	0	ALLEVVVTTTFFF@0	0.00	C-thin	Gamma	641	TBSS	AAAZ	8	CT DF EM GX HR IY JP LV NW	AXLEVVVTTTFFFUNFEGONUFOAAMLBEHLTENEXOMZKILACYHXQVXNVROYROOWASKLEKOPDOGZC
-6.924	-6.794	0	ALLEVVVTTTFFF@0	0.00	B-thin	Beta	762	TVRZ	AAAM	7	AV CY DF EZ GT HP JX KQ MR OS	AFLEVVVTTTTFFAMIFKSKOFANIPTCHUHVIKLDDLLTZNPWLUMFRETZMIUNXVIOZLINCTALENLM
-6.924	-6.795	0	ALLEVVVTTTFFF@0	0.00	B-thin	Gamma	483	CORL	AAAK	5	AH BU DT EX GN IL MO PR SZ	ALLEVVVTTTCFFYMEZOJFAHMAGVKTSEFSTHAFPUMRDCOMDORANCHMHNALTWYFKFUNIOCZYJVC
-6.925	-6.795	0	ALLEVVVTTTFFF@0	0.00	C-thin	Beta	562	ZRME	AAAQ	6	AU BY CN DK EP IJ MQ OS TX	ABLEVVVTTTCFFDDIEMLERLLIMDDJOMKREXMUHRJTSVIASUWERWENCKHDQKOAHKIKOFPFUNIU
-6.925	-6.795	0	ALLEVVVTTTFFF@0	0.00	C-thin	Gamma	143	XQEO	AAAN	6	AO BC EQ GU IY JS KR LZ MV PW	ABLEVVVTTTTFFPUGSFRWAAALDRMLSUEIZLQNANNSFOSIEAONLEGUGFTVPQMANAWUSOLGEGRY
-6.925	-6.795	0	ALLEVVVTTTFFF@0	0.00	B-thin	Gamma	782	AZQF	AAAE	7	AO DE GP JV KX LQ MT NY SU WZ	ABLEVVVTTTTFFUMBEBIUNIXWOGKGZEGOJFDESMYISTELATRUFIBMDVZITASQZYFIHNURTLOG
-6.925	-6.796	0	ALLEVVVTTTFFF@0	0.00	B-thin	Gamma	641	FDLE	AAAT	7	AN CW DF ET GP HK IY MU QS RV	AGLEVVVTTTBFFWETTBQBRPLJPDMIESCSARWUNACTURYMTIKALLVONZKRTCHXFTLAWRORRENI
-6.925	-6.796	0	ALLEVVVTTTFFF@0	0.00	B-thin	Gamma	152	ELNW	AAAP	6	AM BQ DH EV FS GW IL JK NR OT	ARLEVVVTTTFFFUADIGILLUSSPIXKELBWPISTWVIEHDUSTOJOHGQMJCNNUUEBINIAHCASXOZI
-6.926	-6.797	0	ALLEVVVTTTFFF@0	0.00	B-thin	Beta	723	CEUI	AAAR	7	AM BJ CP DL ER FH KQ NW SU VY	AOLEVVVTTTAFFKVOMOWAARIHMDGWTOFKOANGUCOTTBBBELNHINMKIACFSTIHPLENHHKOLUCJ
-6.926	-6.797	0	ALLEVVVTTTFFF@0	0.00	C-thin	Beta	124	DGWF	AAAM	6	AI CX DG FY HR JK LO MW NV PS	ASLEVVVTTTTFFMSBLUMMUGLBFITMODZUSMARYQBRIDPCMGXFCLEEEDEERLIAMABUDIUXNGOM
-6.926	-6.797	0	ALLEVVVTTTFFF@0	0.00	C-thin	Beta	475	KWGC	AAAX	6	AW BP DR EG FS HJ IM NY OX TV	ARLEVVVTTTSFFEIBOMAEJWMPPCZUNDSOTTSKUTOLIEGZHFIMINYEGWCNMBSZERAAFDMMMDUN
-6.926	-6.797	0	ALLEVVVTTTFFF@0	0.00	C-thin	Gamma	586	DFJJ	AAAO	7	AI BH EQ FW GO JV KR LP NT SX	ATLEVVVTTTSFFFREPSBLCGBCPKPTALLTGTURIIGTMIAUNMOSILEIHTENCBORMFSTOPMBSCHX
-6.926	-6.797	0	ALLEVVVTTTFFF@0	0.00	B-thin	Beta	174	PRIM	AAAJ	7	AW BE CR DH FP IK LT MY NX UV	AKLEVVVTTTUFFISUUPWNGSDYSEKANMOGEPFENFXCWUOVORDRWRMEIFTYFFPFACHMITZBGCNG
-6.927	-6.797	0	ALLEVVVTTTFFF@0	0.00	B-thin	Gamma	271	TXEJ	AAAP	6	BY CZ DO FH GJ KT LU QV RX SW	ALLEVVVTTTFFFAIDBLANSFIJAUKULZNOAUVDTTGREDTZHARIJGPTNOLPOPEXHWXXZELLMIRD
-6.927	-6.798	0	ALLEVVVTTTFFF@0	0.00	C-thin	Gamma	423	ALSJ	AAAJ	6	AM BH CW EQ GX JR KN OP TU VZ	ADLEVVVTTTTFFBEHNTBATEXBMFLXGABZWUNERHFDPOXANSCFYGXWYBUSTSZAUNGIHHULQPXE
-6.927	-6.798	0	ALLEVVVTTTFFF@0	0.00	B-thin	Gamma	176	LAUF	AAAL	6	BY CU DZ EM FX GJ HO PW QV ST	AZLEVVVTTTOFFEIDESEVINHHARPHFKDJIJNJXWLNHATZBAUQKWINVISTQUCAHORTVWMBETZE
-6.927	-6.798	0	ALLEVVVTTTFFF@0	0.00	B-thin	Gamma	318	YTUJ	AAAP	7	AQ BJ CG DK HU LV MT NR PZ SX	AOLEVVVTTTTFFCGCLBEXYHABADOPINIENCBTMITIEHGIUNYYJGMXNACCHAXJANSHAOPNTZSU
-6.927	-6.798	0	ALLEVVVTTTFFF@0	0.00	B-thin	Beta	573	MIFJ	AAAO	8	CE DS FR GT IY JM KP LN QU VX	ASLEVVVTTTTFFAUZCOCUTKEBNOHAHNSTDEIRUFEUQYMJEDEUNXTXWHYJQAFOLENUGSZWOIEI
-6.928	-6.798	0	ALLEVVVTTTFFF@0	0.00	B-thin	Beta	462	ACCE	AAAK	6	BW CK DV EN GT HZ JQ PY RU SX	AILEVVVTTTTFFGCQYEPINIHVDGGEIFFEORIMGEWFFMIKAUMSKLFGAZEHIFHHORNUIDVETARS
-6.928	-6.798	0	ALLEVVVTTTFFF@0	0.00	C-thin	Beta	327	SGJD	AAAW	7	AI BC DV EW FX GL HK JY OZ QT	ABLEVVVTTTTFFDLMGALONCONAOBEEFLSPOWMORZWASSILBMDSLNFROHTLHCLWKYKGTDLITHD
-6.928	-6.798	0	ALLEVVVTTTFFF@0	0.00	B-thin	Gamma	835	VTLZ	AAAM	6	BM DY EU GW HJ IT LO NZ PQ VX	ALLEVVVTTTAFFTDAATGRKDEHOWQKLABZUAKGXLRVXKPPEMNIXZOTJVNLEINUGZOSETEVWBXM
-6.928	-6.798	0	ALLEVVVTTTFFF@0	0.00	C-thin	Beta	583	VXKD	AAAV	6	AL BZ CM DR EK FN GT IQ JW OU	ALLEVVVTTTOFFIEISPRIIXXCHLUPBELUBOERVIUJFVULIONNNRNYSGEEABNOHPROONNULDAJ
-6.928	-6.798	0	ALLEVVVTTTFFF@0	0.00	B-thin	Gamma	812	SDGO	AAAV	8	AQ BX CZ DJ EP FG KV MT NS WY	AHLEVVVTTTOFFLBATELGAMICZABDHRHKNANTOBIDAULNMIERXSTRWUIDCWSJUSEEQTEYSKAC
-6.928	-6.799	0	ALLEVVVTTTFFF@0	0.00	C-thin	Gamma	675	ZAJQ	AAAT	7	AR BW DX FO GH JM KS LU PZ QT	AULEVVVTTTTFFFXUANNOSZENAGONMEBAHNTTIHRKYOCVUGGZZHDORNUKJJYQNLBREUTSNRCU
-6.928	-6.799	0	ALLEVVVTTTFFF@0	0.00	C-thin	Beta	823	ANFY	AAAV	6	AW BT CL DX ES GM HV IQ JZ NP	ATLEVVVTTTDFFBEWUCDTVEATOAUYBSTYIXCQOGSESEMXKFPUNKKOFESAFYLGGEHARREITENE
-6.929	-6.799	0	ALLEVVVTTTFFF@0	0.00	C-thin	Gamma	354	ZMCC	AAAH	7	AB CW DI EF GN JY KO LX MT RS	AILEVVVTTTTFFVVFEHEFACHBIGBITZAFTLETUDRODUCUPPEEZQMOEZURCQYHGPSTATVHEACN
-6.929	-6.799	0	ALLEVVVTTTFFF@0	0.00	C-thin	Gamma	752	SGGI	AAAC	6	AR BP CE DG FI HY KX MN QW SU	AILEVVVTTTTFFOWIISTRADNHOLNANRELATZGNJWLYFLMMRNONTJXSOFLBEMACEYKOYRIASBK
-6.929	-6.799	0	ALLEVVVTTTFFF@0	0.00	C-thin	Beta	748	ZNMK	AAAT	8	CF DG EW HI JX LY PU QT RV SZ	ALLEVVVTTTIFFFTUNAHRDTENSWEDLTJMMLUTOBLRDPNEADZNLKOHARTREEKUBPAEXPMIPUUQ
-6.929	-6.799	0	ALLEVVVTTTFFF@0	0.00	B-thin	Gamma	273	DQXF	AAAC	7	AT BI CE DG FS HY JK MV RX	AYLEVVVTTTFFFTNVTVBENFZERFTDEIXUWASGSCTDGWJSKDIERSERDNJYHCSBDPIRWMPFUTTU
-6.930	-6.800	0	ALLEVVVTTTFFF@0	0.00	B-thin	Gamma	867	EGFF	AAAP	7	AK BO EJ FU GH IN MS PY RT WX	AULEVVVTTTFFFENDSPGNKQPDKGEPIHFSTNORPDERFBCMITSLYUGMTMURWRINOWLIOWJIPPAR
-6.930	-6.800	0	ALLEVVVTTTFFF@0	0.00	B-thin	Beta	785	PCXV	AAAR	7	AU CX DY FO GH IM KV LP NS TZ	AHLEVVVTTTTFFKGMTRUMITZLJHGBPITURNVOJCQSKKWOIMJAGTONWMFBLIGHAUFATDEKSYYV
-6.930	-6.801	0	ALLEVVVTTTFFF@0	0.00	B-thin	Gamma	517	IBYF	AAAL	7	DF EL GO JW KR MT PY XZ	AGLEVVVTTTTFFLEGNXINEYGUNGUPWKWVEMUCNLSNUOBIRCLAJAPHKJPMBLBRMOSSITZEMMYB
-6.930	-6.801	0	ALLEVVVTTTFFF@0	0.00	C-thin	Beta	243	FBWT	AAAC	7	AR BM EJ FW GU HT IP LV QX SZ	ABLEVVVTTTTFFWQJWYRYBBKCDGVXHBELDREIERVVNTEKOMWUNSGFEDTIMDEQSTCULTIGZNIE
-6.930	-6.801	0	ALLEVVVTTTFFF@0	0.00	C-thin	Gamma	385	PRFQ	AAAW	7	AO DZ EL FK GS HT IN JM PR UW	AHLEVVVTTTVFFQJHMEVONDBGODWEIGEBSDVATIVEHSVRESSTZITXHVNEDSEHUXGORKRTGXHD
-6.931	-6.801	0	ALLEVVVTTTFFF@0	0.00	B-thin	Gamma	241	EYLO	AAAY	6	AL BD CY EV FJ GU HW MP OZ SX	APLEVVVTTTAFFNENITWOSXXKHOSITUTZURBOXQLARDMZIDYTHOOCOLICHSSVESJWTKGNMJJD
-6.932	-6.802	0	ALLEVVVTTTFFF@0	0.00	B-thin	Gamma	415	RSPW	AAAT	9	CY DF ER GZ HS JX KV LP QW TU	ASLEVVVTTTBFFTRALHEZPRIMJANHUSEIBLFHUMXESBAUNDJOHAHREJJBYVAKAUMUGJTEUASR
-6.932	-6.803	0	ALLEVVVTTTFFF@0	0.00	B-thin	Gamma	163	DESW	AAAE	7	AJ BL FR HW IT KO MX PY QV SZ	ALLEVVVTTTFFFTISEDPXTUSKUNGXAEFYPJWFRUDDVSIOUSGEFIPOILENLQUNCROGGZTANGCZ
-6.933	-6.803	0	ALLEVVVTTTFFF@0	0.00	B-thin	Gamma	365	FJIB	AAAF	7	AB CE DP FK HY IJ LW MR TX VZ	AQLEVVVTTTOFFBCOGEIGDZEAFSTRHADBEEBERNRZKPAUCHIPEANNULLTJZXIKAGHJRPYSTZK
-6.933	-6.803	0	ALLEVVVTTTFFF@0	0.00	C-thin	Gamma	723	WBFC	AAAF	6	AW BQ DR EZ GT HI JU SX VY	AFLEVVVTTTGFFSALONANIXWUSWOSSYMEDLARENFRBVNGMDIESYMNUUIUIKAKYOTEZPNSANZK
-6.933	-6.803	0	ALLEVVVTTTFFF@0	0.00	B-thin	Beta	813	LRAX	AAAY	7	AQ CT DF EP IR JY MX NS UV	AQLEVVVTTTTFFASIESLNMEWZBOTSQSZZIGSBBILDSUXSOFENOUQXNFTSPODOBORIKDJLASRU
-6.933	-6.803	0	ALLEVVVTTTFFF@0	0.00	B-thin	Beta	145	EPXC	AAAS	7	AB CY DN EQ FL GU IP JS MT WX	ASLEVVVTTTQFFWAGTELLNEQKMUMEVONRIHBJFGOWFBTBRLEEXUSEITPLEOPREKARFITGAPYM
-6.933	-6.804	0	ALLEVVVTTTFFF@0	0.00	C-thin	Gamma	684	QSMM	AAAR	7	AR CT DG FO IV JY KM LX NP UZ	AELEVVVTTTDFFMURDENDVATTEUEDVPUHOYJNVIELFFICERLYOUVUMUSLISAVLMFWIEELMRFL
-6.934	-6.804	0	ALLEVVVTTTFFF@0	0.00	C-thin	Beta	583	VXKA	AAAS	6	AL BC DR EK FN GT HX IU JW MZ	ADLEVVVTTTIFFAEQSUQECHMGALOPMOLOMIERVQOJFVONJRLNNONYAGEFAMNIXPREINNLSDBJ
-6.934	-6.804	0	ALLEVVVTTTFFF@0	0.00	C-thin	Beta	541	DELJ	AAAS	7	BU CK DI FN GR HT LO MV QY SX	AULEVVVTTTFFFENAGSEPKLAGFAVJYHLFRYQONTERRUDKQLEIZIZUFMRISIBRUMMUWWDFNFHD
-6.934	-6.804	0	ALLEVVVTTTFFF@0	0.00	C-thin	Beta	785	AMUZ	AAAD	9	AI CJ DP EM FR GW HT OS VX YZ	AMLEVVVTTTAFFEEURAAURRDAKENJNHOKCBEUMPSCELESUNCSIOLWEGHOOKVAIZUBORERVQNQ
-6.934	-6.804	0	ALLEVVVTTTFFF@0	0.00	B-thin	Beta	462	ACDK	AAAQ	6	BW CK DV EN GT HZ JQ PY RU SX	AILEVVVTTTTFFGCQYEPIUOJZZOGEIFFEORIMGEWFFMIKAUHENVFIAZEHIFHHORNUIDVETARS
-6.934	-6.804	0	ALLEVVVTTTFFF@0	0.00	B-thin	Beta	532	TUKV	AAAV	8	BZ CT EN FW GO IU JX KV LY QS	ABLEVVVTTTAFFFOORICHENIIWMMMSXSCKAPOPITEDJCMOIGFIINIKALDLEMUANOBLWMVVJHG
-6.934	-6.804	0	ALLEVVVTTTFFF@0	0.00	B-thin	Beta	852	HBWT	AAAT	7	AF BZ EP GN HK IL MU OS RV TW	AULEVVVTTTFFFMUSALVXWKJJTETBNWSBSOCHAISCEABEHKKEISWIENRYSYUWEHNSIMNMZZCL
-6.935	-6.805	0	ALLEVVVTTTFFF@0	0.00	B-thin	Beta	854	PCVU	AAAW	4	CG FT HP IK JN LU OV QX WZ	AFLEVVVTTTKFFVIOSWSBOUFGNKAJBIDGANDREISNETZIPEGRURAIHIMORFMEBRAFIIGRTRIG
-6.935	-6.805	0	ALLEVVVTTTFFF@0	0.00	B-thin	Beta	832	LVAP	AAAS	6	AE CU DO FN HS IT JW MP QR XY	AKLEVVVTTTBFFIKAEMGRTRRSEBERXXCJYOSQVONENKLERTGNKOORVYGJILZIMTICGERABGIL
-6.935	-6.805	0	ALLEVVVTTTFFF@0	0.00	C-thin	Gamma	134	ULII	AAAV	6	AP BU DO EZ GY HX IV JR KM QS	AALEVVVTTTFFFONUOVAVJQEXSLWRSULIMNGVEUSYNDWALOGMLMOTINKUXHSUBEICDUMKRATK
-6.936	-6.806	0	ALLEVVVTTTFFF@0	0.00	C-thin	Beta	741	EHIP	AAAQ	8	AW BG CV DF ET JL KS MU NY XZ	AALEVVVTTTQFFSLAMORAUERZBWIXJITEVOPDYFLEWDEKOLARENQAMGFZDFZUGGEHAQYOENNL
-6.936	-6.806	0	ALLEVVVTTTFFF@0	0.00	B-thin	Gamma	561	KCVG	AAAN	7	AX BF CP DL EI JV KN MY QS TZ	AELEVVVTTTVFFONPRHLLDENPAAUVNGDTQIGVIRSYNHUDARMUEHLVSILEZURGCHRTOSFUTAPG
-6.936	-6.806	0	ALLEVVVTTTFFF@0	0.00	B-thin	Gamma	213	GOFE	AAAQ	7	AB CO EL FK GQ HI JW NU PT SX	AALEVVVTTTFFFZENGLEGOOVBNWEHTDONTIRSIPUTVUUELCUEGUWQNYTDRIVBSIVULLKLASNG
-6.937	-6.807	0	ALLEVVVTTTFFF@0	0.00	C-thin	Beta	478	CYFM	AAAO	7	AU BE CG DK IY JW LO PT QR SX	ADLEVVVTTTCFFFELCCLLLILJZYIUSUSDTELERHEATZISTSIRACGLNNPEWUDPZUTRAHFAAOJH
-6.937	-6.807	0	ALLEVVVTTTFFF@0	0.00	B-thin	Beta	561	UHQW	AAAD	6	AI BZ CW DR FT GM HV LP NY SU	AELEVVVTTTAFFBLIXVSENUNGSFANOSPYGBBBCOWANNSKFYFLIEXFRCOHOWXHEULLZUXQZHKP
-6.937	-6.807	0	ALLEVVVTTTFFF@0	0.00	B-thin	Beta	854	PCVT	AAAV	4	CG FT HP IK JN LU MW OV XZ	AFLEVVVTTTKFFKIRSERBOUFGNKAJBIDGANDREISNEWMIPEGRURAIUIXVRFWEBRAUIIGHTRIG
-6.937	-6.807	0	ALLEVVVTTTFFF@0	0.00	B-thin	Gamma	645	NEEX	AAAS	6	CK DR EP FI GJ LX NQ OT UV WY	AKLEVVVTTTFFFTURIGPARRAUFPJGDYXGHFAABQJEEYEEWONEITTDRGYEKISMHGLADYFIKONZ
-6.937	-6.807	0	ALLEVVVTTTFFF@0	0.00	C-thin	Gamma	628	TUUF	AAAX	8	AL CM DK EP FN GI JX RZ UV WY	ARLEVVVTTTIFFOXBOISXWNDABSGYOXOCEQHGEHOSRECUUMIRSTTUAERIMLUCOLUTHREUMPEK
-6.938	-6.807	0	ALLEVVVTTTFFF@0	0.00	B-thin	Gamma	615	TRGP	AAAM	7	AR BU CE FQ GP HY JX MW NZ OV	ALLEVVVTTTTFFZTIDEMHEHTTMANSNSEVVJBYSWQYSTYSPWUXBAMALAUSCXRLAGMUDORGOQZV
-6.938	-6.808	0	ALLEVVVTTTFFF@0	0.00	B-thin	Gamma	751	NUPE	AAAU	8	AW BS CV DF EZ IJ KU MY NX OT	ALLEVVVTTTTFFIEIVBEMXWWETOTTEGVYIEDSCCELNSVGHWAJAYNNJHMRXPBSIREASAENGOJI
-6.938	-6.808	0	ALLEVVVTTTFFF@0	0.00	C-thin	Beta	564	LFOS	AAAN	5	AS BV DX EW HQ IY JK NO PR	ALLEVVVTTTCFFILMATTYLFEHGQZOUANAUERRENJJSQUEHLFRSCNVINTEETNHHGIGHOCWXQCX
-6.939	-6.809	0	ALLEVVVTTTFFF@0	0.00	C-thin	Gamma	317	TQDL	AAAF	7	CW EZ GM HO IS JN KY PU QV TX	AXLEVVVTTTFFFOUJIQFBYXBERGHVPINITGLIMUSETAFTODUFGOLFUYDOIEUMFOFUTUUUYMPZ
-6.939	-6.809	0	ALLEVVVTTTFFF@0	0.00	C-thin	Beta	851	LWBI	AAAQ	6	BS DR EL FH IQ JX KP MO TY WZ	ASLEVVVTTTFFFZWOIDMRDWOUZKFSVUOYKLARBTISJQLNKCIONIIDETAMTQYFOROGPINNSEJN
-6.939	-6.809	0	ALLEVVVTTTFFF@0	0.00	C-thin	Beta	436	KVSD	AAAC	6	AM BC EI FN GX HQ KW OV PR TU	ASLEVVVTTTFFFFQWBRGHGMEUHOGLNKJKABRUPITIHEUXBESCHEMHHHSBYLDIGGHARRUUAUSN
-6.940	-6.809	0	ALLEVVVTTTFFF@0	0.00	B-thin	Gamma	375	LOVG	AAAD	7	AB CZ DY EP GM JQ KN OT RX SU	AOLEVVVTTTNFFFVONYMARHHMALANCEAXTGQEVRCKRAZGELISCLUEFVOHQUANBOOTTXCVFOQJ
-6.940	-6.809	0	ALLEVVVTTTFFF@0	0.00	C-thin	Beta	186	FVPF	AAAF	5	AO BD EL FM GY HI KT NX PW QU	ALLEVVVTTTPFFFICGIQWPMEDLRUENGANDDURFCQEGETUGINTILIJDIZUCALJRZPRDENJECTW
-6.940	-6.810	0	ALLEVVVTTTFFF@0	0.00	C-thin	Beta	345	HYKX	AAAB	6	BX EU FP GZ HW IS JM OR QT	AOLEVVVTTTAFFASHMXLVBBTBEGEILFSIOBKWSODHSEMZZLINENLIFGDWKQPTPRONTARNALPI
-6.941	-6.810	0	ALLEVVVTTTFFF@0	0.00	C-thin	Gamma	641	VERO	AAAG	5	AQ BX DG EW IJ KP NO RZ UV	AOLEVVVTTTSFFNXMEAMUEHHBVDSAGIOIMSOGIGMIFTLZGENDERWINDNQDYWLCKOBBOMANFFU
-6.941	-6.810	0	ALLEVVVTTTFFF@0	0.00	B-thin	Beta	158	NANI	AAAT	7	AP BH CU ER FX IV KY LN OZ TW	AZLEVVVTTTFFFEFEINTARIEEQVOBXLCEYYRFDGUTSJZERXEXPOHMQDRYWZLMCHMPROBOOKSJ
-6.942	-6.811	0	ALLEVVVTTTFFF@0	0.00	B-thin	Gamma	687	IBPB	AAAO	6	AB CS EP FQ GH IW JZ KM LR UX	AGLEVVVTTTUFFHOLJNLTOYENNIHMUSHRPFLEKIJVWXZFSLISMISPERCORIMLIBYJALBKXMYC
-6.943	-6.812	0	ALLEVVVTTTFFF@0	0.00	B-thin	Beta	672	ZSEX	AAAN	7	AU BQ CF DO GN HX JV LZ PS RY	AZLEVVVTTTTFFQNXVIETETTIKESMIRSLOYEAJAYFUZJCUHVNYIEMADBELAHOOCASFQPUENUN
-6.943	-6.812	0	ALLEVVVTTTFFF@0	0.00	C-thin	Gamma	651	CDJC	AAAL	8	AF BQ CT DL EN GR IV JM PU YZ	AXLEVVVTTTCFFLOSSVECLPQGSOPEEJARMCLQUOHDJSGPBOROUYNEBBAUTEBEDTRERRLTECUP
-7.240	-7.088	0	ALLEVVVTTTFFF@0	0.00	C-thin	Gamma	875	ZAIZ	AAAJ	7	AM BY CN DK FZ IP JW LT RX SU	AULEVVVTTTFFFTDAAUFENPYBXYLYHSGGWSONYCHEZFWRPHCYFFCFZYANYIEZITENJWCNJBWL
-7.276	-7.121	0	ALLEVVVTTTFFF@0	0.00	C-thin	Gamma	876	VBPC	AAAF	7	AI CN DR EP FQ GK HL MS OY TU	ARLEVVVTTTTFFICHEDAJKEMQIINTHEBLVCJWURFUEUZCWIZDQVCVPMSSHOULAWSWDRMNDEWO
-7.287	-7.131	0	ALLEVVVTTTFFF@0	0.00	C-thin	Gamma	876	XFEE	AAAP	9	AQ BZ DS FI GU HV JL KY OR TX	ATLEVVVTTTCFFFOENKTKAUYRKOWGFNSAIDAXZJIGCRDEESMOITNOHRIEDJACOGMRMFMOIRVN
-7.306	-7.149	0	ALLEVVVTTTFFF@0	0.00	C-thin	Gamma	876	JQWM	AAAY	8	AI BS CM DF EG LV OQ PR TW YZ	AFLEVVVTTTGFFRNTICARENOWMULWFHZKKRQVJSNKSVALSWECXYZMOTMTVORSDFONSULEXOLK
-7.357	-7.196	0	ALLEVVVTTTFFF@0	0.00	C-thin	Gamma	876	YKLA	AAAX	7	BH CT DE GQ JN KV LZ PS RW XY	ATLEVVVTTTFFFDMQLHOVFBILZOQCZJITAGUXALBDEUNRREMFIAVPYNSFNPMDBLAGAIGANQXV
-7.373	-7.211	0	ALLEVVVTTTFFF@0	0.00	C-thin	Gamma	876	IRDG	AAAZ	8	AB CV EP FR GX HM IW JS LU OT	AYLEVVVTTTIFFSHMOLFTSFVFFFKRHJHTEXEMHOCUAZINNUUEEZQIWVMGDNAPUNEHTJMPURYM
-7.385	-7.223	0	ALLEVVVTTTFFF@0	0.00	C-thin	Gamma	876	JNTF	AAAX	7	AI CY ER FG HN KW MS PT QV UZ	ANLEVVVTTTAFFTPHTSHUDIYNNXHQCWQHKQUFMRDEDCHCEIANOOMUFQUNZEHQRFFGLARABAMC
-7.394	-7.230	0	ALLEVVVTTTFFF@0	0.00	C-thin	Gamma	876	AACJ	AAAN	7	AG CP ER FU IS JO LY MQ NW VZ	AALEVVVTTTAFFINBJPIWYKONDELJVUKJDRIASTEAHNBRPDMXDIVXPCXLSRDZGXBESPCRJKVR
-7.402	-7.238	0	ALLEVVVTTTFFF@0	0.00	C-thin	Gamma	876	BGBH	AAAG	8	AM BK DI EQ FX GO HV JP LS NT	ASLEVVVTTTCFFFDGQGOVTZBMGDGULDINNWODBLZJNSOPDXVABAKYMIZZJJGMNIEALMTABRUN
-7.417	-7.252	0	ALLEVVVTTTFFF@0	0.00	C-thin	Gamma	876	XVUF	AAAB	7	CP DG EI FX HJ KS MR NZ UV WY	ASLEVVVTTTFFFRHQMYKVPXCXMLIGNNALCFGAFFTHUBIZOYFNENNBAHLVHTGVBHRDKAHRUNPV
-7.429	-7.264	0	ALLEVVVTTTFFF@0	0.00	C-thin	Gamma	876	NBPC	AAAN	7	AS CT DV EW FU HL IY JK NR OP	AVLEVVVTTTUFFTGLFQLPJZKRIEITZDHESPINABAWENPMZOKYIFTQMVYNKBFPESMAZDIGENLL
-7.432	-7.266	0	ALLEVVVTTTFFF@0	0.00	C-thin	Gamma	876	SIWC	AAAF	7	AI EM FY JX KZ OW QT RS UV	AILEVVVTTTAFFQGMNKKQNOLNUBCYJLVEHKLLMEAMOTSCBRYFOXQLATIKVOLTHGTOPDNNINHA
-7.433	-7.267	0	ALLEVVVTTTFFF@0	0.00	C-thin	Gamma	875	JPEY	AAAT	9	AY BV CP EO FH GX JN LS QR TU	AFLEVVVTTTXFFFWEDUKTSSWWHCDONYMABSPTPYBOWPYNPMIEFGACAMENPUPINTTHSQBSDOZQ
