#crib	refl	greek	wheels	pos(GLMR)	rings(GLMR)	g	undet	npairs	blocks	stecker
0	B-thin	Gamma	438	WPVD	AAAG	5	0	10	1	BQ CH DI EJ GL KP NV OU SZ TY | self:AFMRWX
1	B-thin	Gamma	438	WPVD	AAAG	7	0	10	1	BQ CH DI EJ GL KP NV OU SZ TY | self:AFMRWX
0	B-thin	Gamma	438	WQWD	AAAG	5	0	10	1	BQ CH DI EJ GL KP NV OU SZ TY | self:AFMRWX
1	B-thin	Gamma	438	WQWD	AAAG	7	0	10	1	BQ CH DI EJ GL KP NV OU SZ TY | self:AFMRWX
0	B-thin	Gamma	438	WPVE	AAAH	0	0	10	4	BQ CH DI EJ GL KP NV OU SZ TY | self:AFMRWX
1	B-thin	Gamma	438	WPVE	AAAH	2	0	10	2	BQ CH DI EJ GL KP NV OU SZ TY | self:AFMRWX
0	B-thin	Gamma	438	WQWE	AAAH	0	0	10	4	BQ CH DI EJ GL KP NV OU SZ TY | self:AFMRWX
1	B-thin	Gamma	438	WQWE	AAAH	2	0	10	2	BQ CH DI EJ GL KP NV OU SZ TY | self:AFMRWX
0	B-thin	Gamma	438	WPVF	AAAI	5	0	10	1	BQ CH DI EJ GL KP NV OU SZ TY | self:AFMRWX
1	B-thin	Gamma	438	WPVF	AAAI	7	0	10	1	BQ CH DI EJ GL KP NV OU SZ TY | self:AFMRWX
0	B-thin	Gamma	438	WQWF	AAAI	5	0	10	1	BQ CH DI EJ GL KP NV OU SZ TY | self:AFMRWX
1	B-thin	Gamma	438	WQWF	AAAI	7	0	10	1	BQ CH DI EJ GL KP NV OU SZ TY | self:AFMRWX
1	B-thin	Gamma	438	WPVH	AAAK	18	0	10	1	BQ CH DI EJ GL KP NV OU SZ TY | self:AFMRWX
1	B-thin	Gamma	438	WQWH	AAAK	18	0	10	1	BQ CH DI EJ GL KP NV OU SZ TY | self:AFMRWX
1	B-thin	Gamma	438	WPVG	AAAJ	13	0	10	1	BQ CH DI EJ GL KP NV OU SZ TY | self:AFMRWX
1	B-thin	Gamma	438	WQWG	AAAJ	13	0	10	1	BQ CH DI EJ GL KP NV OU SZ TY | self:AFMRWX
