#rest_quad	full_quad	crib_mismatch	crib	refl	greek	wheels	pos(GLMR)	rings(GLMR)	g	undet	plugs	decrypt
-7.977	-7.744	2	ALLEVVVZEHNX..(17)@0	B-thin	Beta	128	YVEM	AAAT	0	2	AB CM DE IR JL NQ OY PS VW XZ	ALLEVVFZEDNXSIDIXVEFFLBNFFAIPDVYZIPMBORZISIMPAEXIFATEBXSVQLTOQBMOYVMFYSM
-8.330	-7.831	2	ALLEVVVZEHNX..(17)@0	B-thin	Beta	125	GGKL	AAAJ	0	2	AM BV CI DE FX GJ NW QZ SU TY	AIYEVVVZEHNXSIDIXRFPEDRAPZUIFLKFPTXEUTMGPUIDSJEXOSHIAIRVEQDPKIMWHFBIWYQT
-8.340	-8.034	2	ALLEVVVZEHNX..(17)@0	B-thin	Beta	128	YVEA	AAAH	0	2	AB CM DE IR JL NQ OY PS VW XZ	ALLEVVFZEDNXSIDIXVEFFLBNFKAIPDVYZIPMBOKZISIMPAEXIFAPEBXSVQLTOQBMOYVMFYSM
-6.957	-6.779	3	ALLEVVVZEHNX..(17)@0	B-thin	Beta	125	MXZI	AAAF	0	5	AV BE CN FW GL HZ IX OP QS TU	ALLEVVVZEHNTSFDIRKLUSEZIGAJEDOIMATOSZUDKXXSTIFHFIGUEHWXZORBRANHJCITLYAHY
-7.110	-6.905	3	ALLEVVVZEHNX..(17)@0	B-thin	Beta	125	MXZJ	AAAG	0	5	AV BE CN FW GL HZ IX OP QS TU	ALLEVVVZEHNTSFDICKLUSEZIGAJEDOIMATOSZUDKXXUTIFHFIGUEHWXZORBRANHJCITLBAHY
-7.242	-7.008	3	ALLEVVVZEHNX..(17)@0	B-thin	Beta	152	YPVF	AAAX	0	6	AJ BH CW EK FT GQ LY MX PV SU	ALLEVIVLEKNXSIDIXSANIRDSKELVXGJOGETRXNYWSTKAMMALLRUTJOAQQLZGFKLEERDTTFKB
-7.267	-7.023	3	ALLEVVVZEHNX..(17)@0	B-thin	Beta	125	MXZK	AAAH	0	5	AV BE CN FI GL HZ MW OX QS TU	ALLEVVVZEHNTSVDICKLUSEZPGAJRDPOQPTPVZUMWFIUTOMHMOGUETICHPRBRANHJCOTTBAHC
-7.274	-7.032	3	ALLEVVVZEHNX..(17)@0	B-thin	Beta	125	MXZE	AAAB	0	5	AV BE CN FW GL HZ IX OP QS TU	ALLEVVVZEHNTSFDIRMQRBEZIGAJEDOIMATOSZUDKXXSAMAZFIGUEHWXZORBRANHJCITLYYZV
-7.342	-7.086	3	ALLEVVVZEHNX..(17)@0	B-thin	Beta	125	MXZH	AAAE	0	5	AV BE CN FW GL HZ IX OP QS TU	ALLEVVVZEHNTSFDIRMLUSEZIGAJEDOIMATOSZUDKXXSAIFHFIGUEHWXZORBRANHJCITLYYHY
-7.351	-7.093	3	ALLEVVVZEHNX..(17)@0	B-thin	Beta	125	MXZF	AAAC	0	5	AV BE CN FW GL HZ IX OP QS TU	ALLEVVVZEHNTSFDIRMQRSEZIGAJEDOIMATOSZUDKXXSAMAHFIGUEHWXZORBRANHJCITLYYZV
-7.404	-7.135	3	ALLEVVVZEHNX..(17)@0	B-thin	Beta	125	MXZG	AAAD	0	5	AV BE CN FW GL HZ IX OP QS TU	ALLEVVVZEHNTSFDIRMQUSEZIGAJEDOIMATOSZUDKXXSAMFHFIGUEHWXZORBRANHJCITLYYZY
-7.413	-7.237	3	ALLEVVVZEHNX..(17)@0	B-thin	Beta	123	XDSF	AAAP	0	4	BI CD EM FJ HU KL NV SZ TY WX	ALLEVVVZEHNKSIDHENDCZULBXEXGABKKSCDCERZKFXFJAPQNNZDIMIESROLDSCOZRUBUNNON
-7.438	-7.032	3	ALLEVVVZEHNX..(17)@0	B-thin	Beta	125	MXZM	AAAJ	0	5	AV BE CN DW FI GL HZ OP QS TU	ALLEVVVZEHNTSIEICKLUSEZXGAJRWOXMOTOSZUWMVIUTXDHDXGUEVIVWORBRANHJCBZTBAHC
-7.566	-7.254	3	ALLEVVVZEHNX..(17)@0	B-thin	Beta	158	NYAL	AAAH	0	9	BN CL DY EG JV KT MS PR XZ	ALLEVKEZEHNNSIDIXBJWMGOTODOROVALHAUTOAMMARDIYMTSRDSZKGVHPSLQXXSLAJPGUQCM
-7.592	-7.299	3	ALLEVVVZEHNX..(17)@0	B-thin	Beta	156	DACL	AAAK	0	4	AU CM DK EH FJ GV IR NZ OQ SX	ALLECEVPEHNXSIDIXHIUTESIKWFKUILEGUPEOULMITNZHRTOOHCXAUHKNDQJDTOBEUEPLEYC
-7.717	-7.513	3	ALLEVVVZEHNX..(17)@0	B-thin	Beta	123	XDSZ	AAAJ	0	4	BI CD EM FJ HU KL NV SZ TY WX	ALLEVVVZEHNKSIDHNOBXBILBXEXGABKKSCDCERZKFXVJHDTTNZDIMIESROLDSCOZRUBUSQYH
-7.774	-7.527	3	ALLEVVVZEHNX..(17)@0	B-thin	Beta	142	DOEA	AAAU	0	3	AP BC DN EL GJ HX IO KW QR UZ	WLXEDVVZEHNXSIDIXKKYPRADHYWEGSBWENSCRWJSMMWPTFUDSOATNAACFPQHRNDKGDKONALD
-7.807	-7.585	3	ALLEVVVZEHNX..(17)@0	B-thin	Beta	123	XDSD	AAAN	0	4	BI CD EM FJ HU KL NV SZ TY WX	ALLEVVVZEHNKSIDHNODCZULBXEXGABKKSCDCERZKFXVJAPQNNZDIMIESROLDSCOZRUBUSQON
-7.853	-7.392	3	ALLEVVVZEHNX..(17)@0	B-thin	Beta	162	BXPC	AAAX	0	5	AQ CG DE FZ IT JO KU LP MY RX	LLLEYVNZEHNXSIDIXIVXTOAMIKUEUEDGEHLOXRKCYIAWPTVOMJFVVXFPRAIQILPWWWHOXXVU
-7.860	-7.359	3	ALLEVVVZEHNX..(18)@0	B-thin	Beta	143	PSRT	AAAA	0	4	BO CK DE GW LN QZ RS TY UV	XLLESEVZEHNXSIDIXXXZGJMAXHCRKONSUMIUWBULHRMAHZUOMRMBFLKTDAVCCUEDRJDTTCEE
-7.862	-7.505	3	ALLEVVVZEHNX..(17)@0	B-thin	Beta	153	KBXO	AAAS	0	6	DN EP FV GO IZ KW LY QR SU	BKLEVBVZEHNXSIDIXAGJGIONKHXYQPAROFBOIHOITNXNSUDORWVIUTVHDPGMALLBEBKWONRH
-7.882	-7.654	3	ALLEVVVZEHNX..(17)@0	B-thin	Beta	152	XYQW	AAAH	0	4	AO BZ DE FJ GH LV MS NR PY QX	ALLEVVXZEHNXSPDIIKPYQHQLFLUSASEQWPZYBVYMMHSZCXDEHLTBODCSLIKRAGZEIHIDLHSJ
-7.901	-7.643	3	ALLEVVVZEHNX..(17)@0	B-thin	Beta	153	TDDJ	AAAR	0	4	AL CR DJ EV FU GT HQ NO SY WX	ALLEVVVZEHNSSJDIDYCAZBZWHUSKLOZIGASWFFREMSMISPEOXWCACHCVJMQKIJOPSRYRQILH
-7.902	-7.391	3	ALLEVVVZEHNX..(17)@0	B-thin	Beta	137	FFQJ	AAAJ	0	7	BZ CN DG EY IP JO LR MT QV UX	QGDEVVVZEHNXSIDIXKFYNBGXOVFQPUUAYAGONPESAECZSMYXANLAGFRVUIDOIPPPDJEKZSPV
-7.916	-7.459	3	ALLEVVVZEHNX..(17)@0	B-thin	Beta	134	XCSS	AAAV	0	5	BQ CT EO HX IW JR LP MN SY VZ	AALEXOVZEHNXSIDIXXXUJSAVAMWHZDKXIZAGRXQGMTVORBAGYMKPTHAFMBOMZQMJESUPOXFU
-7.922	-7.436	3	ALLEVVVZEHNX..(17)@0	B-thin	Beta	132	WKBT	AAAO	0	3	AL BQ DU EY GW HN IT JP MR XZ	ZLLEVIVZEINXSIDIXPYGVNDEIIIHUWYLHTNZNIUINDNEJERMHOYYSKJDHXLFINZSICAXLHRY
-7.951	-7.615	3	ALLEVVVZEHNX..(17)@0	B-thin	Beta	143	AOAT	AAAV	0	5	BY CS DQ FX GT HO IZ KR LU MN	WLLEPVKZEHNXSIDIXLOYQODSMIVDZRWENGDYOHHJMJBYZZURSCUYVQDAUXPAUKSAWUQMUSOS
-7.975	-7.650	3	ALLEVVVZEHNX..(17)@0	B-thin	Beta	137	WYGA	AAAO	0	6	AO BZ DM EU FL GH NP RW SV TY	ALLEVVVZEHNOSIDRJHNGNJYABFFLTKEJELFSULWAXZWLFYMUNFZZWAUYFKGIOBRSATHNGPIG
-8.048	-7.744	3	ALLEVVVZEHNX..(17)@0	B-thin	Beta	136	AMAL	AAAZ	0	7	BX CI EH GU JO KL MS PY QV TZ	ARLEVVVZEHNXSZNIXPPUGDZDWIYALBNESQUDSJLWHLMIHDPADELIDJAGITCVWXGIPAKDQAOE
-8.086	-7.763	3	ALLEVVVZEHNX..(17)@0	B-thin	Beta	142	WISQ	AAAK	0	3	AU BP CE DX GS HY IW JQ LV OT	ALLEVVVQEHNXSIDGGCTPCWTBMEIQLHZWUNTAYHTLUSBUFJZQGAFNYVADBEDABZFKPRUJOJZW
-8.120	-7.749	3	ALLEVVVZEHNX..(17)@0	B-thin	Beta	157	HOXG	AAAP	0	5	AF BS CN DU GT HO JL KZ RY WX	ALLEVVVJEHNNSIDIHFXLGNEZVJBYOYTCHZIEXATOAQDRKXYVGLETHWMSJWXJONGJTDONOZRX
-8.125	-7.793	3	ALLEVVVZEHNX..(17)@0	B-thin	Beta	142	WISR	AAAL	0	3	AU BP CE DX GS HY IW JQ LV OT	ALLEVVVQEHNXSIDGGCTPCWTBMEIQLHZWUNTAYHTHUSBUFJZQGAFNYVADBEDABZFKPUUJOJZW
-8.152	-7.600	3	ALLEVVVZEHNX..(17)@0	B-thin	Beta	163	QKSJ	AAAZ	0	3	AU BC DF EI GR HW JZ LY NQ PV	ALLECCYZEHNXSIDIXXPFBJWSVJVPGLJCKEHFDIRJJVMXAMAMXXVLFKLNHULTJCOTRENIPEZX
-8.199	-7.826	3	ALLEVVVZEHNX..(17)@0	B-thin	Beta	167	WIHF	AAAC	0	3	AG BC EL FX HW IZ JN KQ MS OV	ALHEVVVZEHNESILIXBQBZHPXDJTAGLKUITUFBZUHEYYFKWTKFETXATFEQKOGGQONKSTOXZUA
-8.239	-7.751	3	ALLEVVVZEHNX..(17)@0	B-thin	Beta	136	HIBJ	AAAO	0	3	AW BN CF EJ GH IY KP LX RZ UV	ALLEVVVZEHNXSIJATHGROCDYGGCCFBDBJOLARHEASDTGPWFJIEGGQYNWFKPISEWGDEEZRLYJ
-8.278	-7.828	3	ALLEVVVZEHNX..(17)@0	B-thin	Beta	156	LWDH	AAAD	0	3	AX CG EQ FK HU IL JM NV OR SW	ALLEVVVUEHNESIXIXHYOMLLCDOZAZMVZDPNFTRFWVIDRNPSSSAGPUGHHENWKVSTAWUDZFGHG
-8.297	-8.036	3	ALLEVVVZEHNX..(17)@0	B-thin	Beta	124	AUUT	AAAN	0	3	AB CP DM EV FH GL IQ KZ NX OR	LLLEVHVZEXNXSIDIXVVVZSBVOVAGVJVTRATDBMYHDDHGDNWZDKCXWVNAXZGQBQIEDJKTAUHU
-8.337	-7.756	3	ALLEVVVZEHNX..(17)@0	B-thin	Beta	153	ZEDI	AAAW	0	5	AM BZ CW DS FN GL HV KQ RY UX	LLLENMVZEHNXSIDIXGYYUMSFVCCYTNQGOESEWEKFDPECTQYARDKQJETVVDOMEWYWDVJODHRB
-8.343	-7.841	3	ALLEVVVZEHNX..(17)@0	B-thin	Beta	123	XDSI	AAAS	0	3	DW EM FJ HU IP LX NV QR SZ TY	APLEVVVZEHNXSIDRANCWZUKPHEIGOMVWSWCZWBNIWMBJAILSNSJBYBVYQOKCSWAAQSKUNNON
-8.346	-7.870	3	ALLEVVVZEHNX..(17)@0	B-thin	Beta	157	MSOI	AAAM	0	3	AP BT CY EG FV HS JQ LN MR WX	ALLEVVVTEHNXSIDZCVUKNNTHUPUXYFMVNTTRHCETEFHUJWJKPHWBFOHUOPMEEJDRDOKQNNAC
-8.371	-7.830	3	ALLEVVVZEHNX..(17)@0	B-thin	Beta	137	FLLA	AAAZ	0	3	AF BC DN GH IR LO MQ SU TX VZ	KLLEVOVZEINXSIDIXWWYNIAFYDGGJPGBVGLKPRXTZFUSKOCPPPAOMTAZPYYREHBREZDXBNRU
-8.373	-7.785	3	ALLEVVVZEHNX..(17)@0	B-thin	Beta	153	ZEDJ	AAAX	0	5	AM BZ CW DS FN GL HV KQ RY UX	LLLENMVZEHNXSIDIXGYYUMSFVCCYTNQGOESEWEOFDPECTQYARDKQJETVVDOMEWYWBVJODHRB
-8.384	-7.675	3	ALLEVVVZEHNX..(17)@0	B-thin	Beta	153	UGGJ	AAAT	0	3	AB DH EM FY GP JL KN QS RU XZ	ALLEMGNZEHNXSIDIXTVLPURAJGVEETOBMFSUBEZLRTIXJNVZIOYDLJREILJNWPLOBUBMNEFO
-8.385	-8.003	3	ALLEVVVZEHNX..(17)@0	B-thin	Beta	143	BJII	AAAB	0	3	AM CJ DL EU FT HK NR PY VW XZ	ALLEVVVREHNASIAIXYKQRFHHKHZWWKSALKNOHLVOGVQUQANWBZFHJXIWHVOWSGNTUMTOXMLR
-8.390	-7.925	3	ALLEVVVZEHNX..(17)@0	B-thin	Beta	143	TCEC	AAAH	0	3	CI DJ EF GR KQ LO NW PY SX VZ	XLLEEVCZEHNXSIDIXLUXAEJSDAWAHASUTCMEAYVRXMSFZYKHYJNKAQIHYJDKBZHOFCWDSNUM
-8.406	-7.937	3	ALLEVVVZEHNX..(17)@0	B-thin	Beta	143	TCEW	AAAB	0	3	CI DJ EF GR KQ LO NW PY SX VZ	XLLEEVCZEHNXSIDIXLUEAIQGGAWAHASUTCMEAYVRXMSFZRYMMPEKAQIHYJDKBZHOFCWDSNUX
-8.409	-7.932	3	ALLEVVVZEHNX..(17)@0	B-thin	Beta	156	LWDG	AAAC	0	3	AX CG EQ FK HU IL JM NV OR SW	ALLEVVVUEHNESIXIXHJOMLLCDOZAZMVUDPNFTRFWVIDRMPSSSAGPUGHHEHWKVSTAWUDZFGBG
-8.462	-8.152	3	ALLEVVVZEHNX..(17)@0	B-thin	Beta	157	BDWB	AAAA	0	4	CK DF ER GX HZ IN LQ PY ST VW	ALLELKVZETNXSIDIXPJKNMRAFIUUEWLJDSQQMVKHNWMRLNPWUXMBAGUTKRGEETRJMTLZKSWN
-8.469	-7.988	3	ALLEVVVZEHNX..(17)@0	B-thin	Beta	143	TCEZ	AAAE	0	3	CI DJ EF GR KQ LO NW PY SX VZ	XLLEEVCZEHNXSIDIXLUEAIJSDAWAHASUTCMEAYVRXMSFZRYMYJNKAQIHYJDKBZHOFCWDSNUX
-8.469	-7.988	3	ALLEVVVZEHNX..(17)@0	B-thin	Beta	143	TCEB	AAAG	0	3	CI DJ EF GR KQ LO NW PY SX VZ	XLLEEVCZEHNXSIDIXLUEAEJSDAWAHASUTCMEAYVRXMSFZRKHYJNKAQIHYJDKBZHOFCWDSNUX
-8.469	-7.988	3	ALLEVVVZEHNX..(17)@0	B-thin	Beta	143	TCEA	AAAF	0	3	CI DJ EF GR KQ LO NW PY SX VZ	XLLEEVCZEHNXSIDIXLUEAEJSDAWAHASUTCMEAYVRXMSFZRYHYJNKAQIHYJDKBZHOFCWDSNUX
-8.469	-7.988	3	ALLEVVVZEHNX..(17)@0	B-thin	Beta	143	TCEY	AAAD	0	3	CI DJ EF GR KQ LO NW PY SX VZ	XLLEEVCZEHNXSIDIXLUEAIQSDAWAHASUTCMEAYVRXMSFZRYMMJNKAQIHYJDKBZHOFCWDSNUX
-8.471	-7.951	3	ALLEVVVZEHNX..(17)@0	B-thin	Beta	158	APUK	AAAW	0	3	AW CT GS HN IZ JP LM OX QV RU	ALLEVVVZEHNXSIZZAWDBPJQAIVNYVKVRGGZZPJENEQXWIASUMAAXZRTOEOAGZNAYSOLXLSQC
-8.474	-7.992	3	ALLEVVVZEHNX..(17)@0	B-thin	Beta	143	TCEX	AAAC	0	3	CI DJ EF GR KQ LO NW PY SX VZ	XLLEEVCZEHNXSIDIXLUEAIQGDAWAHASUTCMEAYVRXMSFZRYMMPNKAQIHYJDKBZHOFCWDSNUX
-8.513	-8.022	3	ALLEVVVZEHNX..(17)@0	B-thin	Beta	143	TCEE	AAAJ	0	3	CI DJ EF GR KQ LO NW PY SX VZ	XLLEEVCZEHNXSIDIXGVXAEJSDAWAHASUTCMEAYVRXMSOWYKHYJNKAQIHYJDKBZHOFCWDSRRM
-8.523	-8.031	3	ALLEVVVZEHNX..(17)@0	B-thin	Beta	143	TCDV	AAAA	0	3	CI DJ EF GR KQ LO NW PY SX VZ	XLLEEVCZEHNXSIDIXLUEAIQGGPWAHASUTCMEAYVRXMSFZRYMMPEZAQIHYJDKBZHOFCWDSNUX
-8.555	-8.036	3	ALLEVVVFXDXU..(18)@0	B-thin	Beta	137	MSUI	AAAM	0	3	BO DG EJ IK MU NV PY QX SW TZ	AQEEVVVSXDXUUUOSTXCWVHXQBIATIISKCTFNXHOWYSVYPMOEGXGOJWQNUCLIHZTCPRVSIQIA
-8.556	-8.057	3	ALLEVVVZEHNX..(17)@0	B-thin	Beta	143	TCDU	AAAZ	0	3	CI DJ EF GR KQ LO NW PY SX VZ	DLLEEVCZEHNXSIDIXLUEAIQGGPGAHASUTCMEAYVRXMSFZRYMMPEZJQIHYJDKBZHOFCWDSNUX
-8.568	-8.066	3	ALLEVVVZEHNX..(17)@0	B-thin	Beta	143	TCED	AAAI	0	3	CI DJ EF GR KQ LO NW PY SX VZ	XLLEEVCZEHNXSIDIXLVXAEJSDAWAHASUTCMEAYVRXMSFWYKHYJNKAQIHYJDKBZHOFCWDSNRM
-8.581	-8.151	3	ALLEVVVZEHNX..(17)@0	B-thin	Beta	147	RVMM	AAAJ	0	5	AS BC EZ FL GR HW IT JP NQ UV	ALLEVVVZEHNXSQXHXXTGICDNLQKAERZXXBTRVVUYBNQNKQAUDOPEMKAWFVNFUBRJWPFVYQQI
-8.585	-8.123	3	ALLEVVVZEHNX..(17)@0	B-thin	Beta	153	KGQP	AAAV	0	3	AD BT CV EF GH JN KW MS PR QY	ALLEVVVSEHNXSTDPXJHEJXBMIBUKCEJIJQWFHGKTMHOTCBSVAQNNEADCINAMZLXKYBGTWDEO
-8.625	-8.232	3	ALLEVVVZEHNX..(17)@0	B-thin	Beta	153	KGQN	AAAT	0	3	AD BT CV EF GH JN KW MS PR QY	ALLEVVVVEHNXSTDPXJHEJXBMIBUKCEJIPPWFHGKTMHOTCBSVAQNNEADCINKGZLXKYBGTWDEO
-8.626	-8.187	3	ALLEVVVZEHNX..(17)@0	B-thin	Beta	137	KTEK	AAAG	0	3	AK BJ CE FL HW MT NX OV QR SZ	ALLEVVVZEHNXSZLZXPKOOYQDJUWRQUQULDPGSYYZVXGJIWYUBAYDZLYFSONELXHVBIWOAGXS
-8.661	-8.184	3	ALLEVVVZEHNX..(17)@0	B-thin	Beta	153	KGQO	AAAU	0	3	AD BT CV EF GH JN KW MS PR QY	ALLEVVVSEHNXSTDPXJHEJXBMIBUKCEJIPQWFHGKTMHOTCBSVAQNNEADCINKMZLXKYBGTWDEO
-8.668	-8.153	3	ALLEVVVZEHNX..(17)@0	B-thin	Beta	157	IWDC	AAAT	0	6	AM CF EP HN IL JR OY QX SW TV	ALLEVVVZEHNXSLDFLOVLOCGRMLGMGQZRVABJSZMVHCTWHEQWJYJZMQUIFPPEIWOEQDZNJBLX
-8.742	-8.210	3	ALLEVVVZEHNX..(17)@0	B-thin	Beta	128	MWID	AAAQ	0	5	AR BT CH DG EK JM LQ NV PX SZ	ALLEVVVZEHNXSIXJAOUFJPPXJULYQQJYKJWBGZBJTCXCKHJCMNUQOVEIOUMFLHMGSOKJQATT
-8.954	-8.578	3	ALLEVVVZEHNX..(17)@0	B-thin	Beta	123	FUOP	AAAN	0	3	AS FK GP HO JY LU MV NQ RX TZ	AZLEVVVZEHNXSNDMXMPEYWNKWWQYHKDVMIWLQOBXOQSZFOTTQQGKLNDYQOWPBMYITDHVQRPY
-6.715	-6.670	4	ALLEVVVZEHNX..(17)@0	B-thin	Beta	153	RSJN	AAAT	0	7	AE BS FT HQ IX JM KY NZ OV PW	ALPEVVVZEHNXSMDREDEVAUFDEZTPIZELIHOCAHNLRFWAHITELPARILTJOHXRCHEVFINOESTZ
-7.080	-7.071	4	ALLEVVVZEHNX..(17)@0	B-thin	Beta	152	STPB	AAAC	0	10	AV BU CZ DW EG IX JM NO PR QS	ALLEPVKZEHNXSGRIXUUURPMQRNSUWDFJLENSEIAHMTYMORDRHKDDUUNDRZUWESCCPCEJAZRP
-7.121	-7.140	4	ALLEVVVZEHNX..(17)@0	B-thin	Beta	162	DNPY	AAAL	0	9	AU BH CM DY FL IW JN KR QS TX	ALLEVVYXEHNXSYDIAGBOODMAGUSGJBKANNDEROFTAMEAPYRHJDVQRXBOANJARQSLLEMAUBIR
-7.189	-7.129	4	ALLEVVVZEHNX..(17)@0	B-thin	Beta	147	HUHC	AAAU	0	5	AW BH CR EX GT JZ KS MY NV QU	ALOEVVVZEHNXSVMAXBEHRSCRDZEUGIMMESNFUEUOBJGGEFFZVWUMJUJECHRJARTVJRGFIZWE
-7.241	-7.235	4	ALLEVVVZEHNX..(17)@0	B-thin	Beta	136	AVLK	AAAE	0	6	AU BG CJ EO FL HY IM KW PX SV	ALYEVVVYEHNSSIDOXPCYERZIBOOTEIIEPFILXOXQXAHWARTUYMHWABZUEENIKERYAMDUVIQC
-7.285	-7.115	4	ALLEVVVZEHNX..(17)@0	B-thin	Beta	135	PWCP	AAAT	0	8	AQ BE CO DV HU JS LR NW XZ	ALLEVVVDEENNSIDUXSEWAMCANYZOJUBSIJWTGIUMSEMPIZWQROETIIGUTONOVOMPJSKKINUS
-7.329	-7.052	4	ALLEVVVZEHNX..(17)@0	B-thin	Beta	127	XZAK	AAAB	0	5	BM CP EG FY HI JO LS QR TZ VW	ALLEVVVZEHNSSFLCXIJNJHZQENOTCREIOGOORTLHKENGINSSMOSALFVYDCOIVCERBDGLONZU
-7.360	-7.106	4	ALLEVVVZEHNX..(17)@0	B-thin	Beta	127	XZAJ	AAAA	0	5	BM CP EG FY HI JO LS QR TZ VW	ALLEVVVZEHNSSFLGXIJNJHZQENOTBREIOGOORTLHKVTGINSSMOSALFBYDCOIVCERBDGEONZU
-7.366	-7.133	4	ALLEVVVZEHNX..(17)@0	B-thin	Beta	125	MXYZ	AAAW	0	5	AV BE CN FW GL HZ KX OP QS TU	ALLEVVVZEHNTSADXCMQRBIQREMJEDOKMATOSZQDXIISAMAZQLUERSWITORBRANSJCKTLYYZV
-7.387	-7.278	4	ALLEVVVZEHNX..(17)@0	B-thin	Beta	148	KTPD	AAAH	0	7	BD CE FN GJ IZ KL MT PS RU WY	ALLEGNVCEHNXSIZIXEENTHAUKCZSJOBEGZGJWXGJATZFQLONDTOTZTBCDADDMPDYEINEERRP
-7.414	-7.087	4	ALLEVVVZEHNX..(17)@0	B-thin	Beta	154	MQDZ	AAAA	0	4	AB CX DR EW FV GM IZ JL NP SY	ALLEKLIZEBNXSIDIXINMOTHWOINZESSMEOTTXHLLUNBGAIYFUVIQKIMDNMIEJGSVDRVLCHDD
-7.462	-7.309	4	ALLEVVVZEHNX..(17)@0	B-thin	Beta	165	GPBM	AAAX	0	4	AO CW DR EN GS HQ IM KT UV YZ	EELEVTVZENNXSIDIXGTZLESJELLEWNKXKBMWWMSAMJULUKCHAUHLZQJTDASIJCSZEPTKJFWJ
-7.468	-7.259	4	ALLEVVVZEHNX..(17)@0	B-thin	Beta	135	EJET	AAAL	0	4	AK BU EJ FR GW HV LS NZ PY QX	ALLEVVVZEHNFSNUVXUHIGAGTEIFRGBHMPHIEARATOKOMALMFLEWXCOQNFXPAXQZGMHCXIWXE
-7.476	-7.220	4	ALLEVVVZEHNX..(17)@0	B-thin	Beta	125	MXZC	AAAZ	0	5	AV BE CN FW GL HZ KX OP QS TU	ALLEVVVZEHNTSADXCMQRBIQKGAJEDOKMATOSZQDXIISAMAZQLGUESWITORBRANSJCKTLYYZV
-7.482	-7.224	4	ALLEVVVZEHNX..(17)@0	B-thin	Beta	125	MXZD	AAAA	0	5	AV BE CN FW GL HZ KX OP QS TU	ALLEVVVZEHNTSADXCMQRBIZKGAJEDOKMATOSZQDXIISAMAZQKGUESWITORBRANSJCKTLYYZV
-7.487	-7.229	4	ALLEVVVZEHNX..(17)@0	B-thin	Beta	125	MXZA	AAAX	0	5	AV BE CN FW GL HZ KX OP QS TU	ALLEVVVZEHNTSADXCMQRBIQREAJEDOKMATOSZQDXIISAMAZQLUEESWITORBRANSJCKTLYYZV
-7.502	-7.318	4	ALLEVVVZEHNX..(17)@0	B-thin	Beta	138	YWZI	AAAH	0	11	AP BN DV ER FQ IU JY KX LM ST	ALLEDVBTEHNXSIXIXBJVIMMCGBOSXXKWEGSISURZFJFFSELVDVLYINNATOMWKXLXCOBKPERT
-7.515	-7.263	4	ALLEVVVZEHNX..(17)@0	B-thin	Beta	146	USHM	AAAH	0	5	BJ CN DH EX FW GR IP KO MU SZ	NLLEVHNZEANXSIDIXHEFNCOVOEZZHHFEHHWOIIUGNJKBULLAMTUQTINMLSDONEDURNQFVBIB
-7.528	-7.290	4	ALLEVVVZEHNX..(17)@0	B-thin	Beta	162	VVTT	AAAL	0	5	BH CO DK EQ GV JX NR PW ST UY	ALLEVVVUEHNXSJUISAUHRCJUVRJETAONUMDOSGJDDDSWDYPCKDUIAHTERBGJIEDUEBGALIUZ
-7.536	-7.398	4	ALLEVVVZEHNX..(17)@0	B-thin	Beta	125	IEAL	AAAQ	0	7	AM BE CU DG FI KS NW PX RV YZ	AELEFVOZEVNXSIDIXPFCXSVMARHSGASVLAGZFUGGAUNIQSUZBLAJARHOCWPNAPZIEOHTEJAR
-7.550	-7.475	4	ALLEVVVZEHNX..(18)@0	B-thin	Beta	152	BUSV	AAAN	0	9	BN DW EK FI GX HP LY MZ OV SU	AKLEVVIZEXNZSIDIXXMHKERGMABAUWIRRDOKWPSRPKDWYQRSIUBTEDXJVQGRACHHHXGRGLEI
-7.573	-7.298	4	ALLEVVVZEHNX..(17)@0	B-thin	Beta	125	MXZB	AAAY	0	5	AV BE CN FW GL HZ KX OP QS TU	ALLEVVVZEHNTSADXCMQRBIQRGAJEDOKMATOSZQDXIISAMAZQLUUESWITORBRANSJCKTLYYZV
-7.600	-7.441	4	ALLEVVVZEHNX..(17)@0	B-thin	Beta	152	SKLD	AAAE	0	4	AE BL DV FI GH KM QY RT SU WX	ATLEVVVZEHNXSHDSTOKUOPQUZXZUDENMENIGWSENUEXLMSOVDATYBNOUXTRSCGEIDXKIFETC
-7.604	-7.507	4	ALLEVVVZEHNX..(17)@0	B-thin	Beta	123	SLUS	AAAY	0	6	AP DG FH IY JR LU MV NT QS WX	ALLEVVVJEHNKSWDIOYFVJIAGURWIGIOALPHSBEVLDYPNMUMMUTPEJBTABUECDIUMHKGFPBRV
-7.622	-7.493	4	ALLEVVVZEHNX..(17)@0	B-thin	Beta	128	YVDL	AAAS	0	4	BC DE HT IR JL NQ OY PS VW XZ	ZLLEDVSZEDNXSIDIXVEFILANGZLIPWVYZIPBAORGISIKPCUIDSCHOAXSVQUHEQABOYVONYSB
-7.632	-7.475	4	ALLEVVVZEHNX..(18)@0	B-thin	Beta	132	RKRV	AAAW	0	7	AP BK CT ER FJ HQ LV NO SW YZ	ALLEVVVZEHNRSIDMSDBKORMNLUSCKETLNQLERUIZYOJWFHWJXIMMHBFLLXASSNACKLEFCEFU
-7.646	-7.518	4	ALLEVVVZEHNX..(17)@0	B-thin	Beta	123	RHKL	AAAN	0	4	AM CP DE FN GT HW JL SX UZ VY	ALKEVVVZEPNXSIDOYMPNKPKAPSPXLMIHOFITKRUFGINGDUNDBEDGURBVQPUDLBWZPCDNPISS
-7.649	-7.664	4	ALLEVVVZEHNX..(17)@0	B-thin	Beta	167	OFQK	AAAN	0	5	AE BV CP DN GX HL JM RS TW UY	ALLEVVVYEHNCSWDFXOCRLCINBYJCIWONMGEDEREGALEYCAKEGJWOCXPDOWQVUGFOSORBLNCU
-7.664	-7.382	4	ALLEVVVZEHNX..(17)@0	B-thin	Beta	145	MCNQ	AAAP	0	4	AZ CH DS GI KR LQ MT NU PY VX	AJVEVVVZEHNXSIDSFCCPVGRLFNPNIINZIOWHSGZZEMUONNAULTFLEYZLWUGLASPODUUHBMBH
-7.671	-7.351	4	ALLEVVVZEHNX..(17)@0	B-thin	Beta	124	FUFG	AAAJ	0	5	AH DJ GQ IO LS MP NW RT VX YZ	ALLEVVVZEHNASIAPUEMFGSSIGEMMYRYNTHESDOWIVCCOBOVLNZURHQMIKRDIMQYRQUZZRXEM
-7.676	-7.500	4	ALLEVVVZEHNX..(18)@0	B-thin	Beta	123	XDSE	AAAO	0	5	BI CD EM FJ HU KL NV SZ TY WX	ALLEVVVZEHNKSIDHNNDCZULBXEXGABKKSCDCERZKFXVJAPQNNZDIMIESROLDSCOZRUBUSNON
-7.681	-7.363	4	ALLEVVVZEHNX..(17)@0	B-thin	Beta	123	XDSE	AAAO	0	4	BX CD EM FJ HU KL NV PW SZ TY	ALLEVVVZEHNKSPDHNNDCZULIPEPGAIKESCDNERBAFPVJAWXANEDXVXTLROLDSCOZRUIUSNON
-7.686	-7.386	4	ALLEVVVZEHNX..(17)@0	B-thin	Beta	135	UILM	AAAS	0	6	AP BE CI DN GK HO LS MR TY WX	ABLEVVVZEHNNSIDEHAAQFWGNEPNAJRTCHJULADEFEELRIBVUCVSISVHCKPIPGSZBYCENFALC
